timestamp,open,high,low,close,volume,tradeCount,vwap
2016-01-04T05:00:00Z,150.62,151.45,146.02,147.95,3006402,27260,147.557
2016-01-05T05:00:00Z,148.65,149.695,147.8,148.42,1153268,12227,148.438
2016-01-06T05:00:00Z,145.84,147.73,144.93,146.94,1995298,17142,146.566
2016-01-07T05:00:00Z,144.47,145.51,143.43,144.53,1717526,16927,144.59
2016-01-08T05:00:00Z,145.19,146.01,142.03,142.36,1364323,13390,143.435
2016-01-11T05:00:00Z,143.09,143.45,139.235,141.15,1334323,14477,140.958
2016-01-12T05:00:00Z,142.4,143.53,140.38,142.45,1035665,11817,142.026
2016-01-13T05:00:00Z,143.46,144.41,140.92,141.38,1377864,14970,142.423
2016-01-14T05:00:00Z,141.67,145.776,141.39,145.41,1854036,20446,144.865
2016-01-15T05:00:00Z,142.35,144.51,141.707,142.43,2010737,18959,142.723
2016-01-19T05:00:00Z,143.83,144.35,141.38,142.5,1357860,15273,142.803
2016-01-20T05:00:00Z,140.85,141.96,137.69,140.86,1384598,15881,139.913
2016-01-21T05:00:00Z,140.9,142.105,139.13,141.65,1184185,12913,141.084
2016-01-22T05:00:00Z,143.37,144.99,143.07,144.76,922858,10203,144.437
2016-01-25T05:00:00Z,145.12,146.7,144.69,144.9,1037226,12553,145.487
2016-01-26T05:00:00Z,145.69,145.86,143.67,145.51,828829,8440,145.256
2016-01-27T05:00:00Z,145.63,148.18,144.92,146.04,1023900,12688,146.38
2016-01-28T05:00:00Z,146.61,146.95,141.76,142.28,1509582,16211,142.93
2016-01-29T05:00:00Z,143.31,145.37,143,145.37,2063496,15067,144.804
2016-02-01T05:00:00Z,144.11,146.46,140.53,146.02,1707722,15779,144.904
2016-02-02T05:00:00Z,144.92,145.9,143.91,145.05,1555608,15642,144.776
2016-02-03T05:00:00Z,147,147,139.57,141.08,2447632,22614,141.218
2016-02-04T05:00:00Z,140.47,140.99,137.41,137.91,1942023,19593,138.143
2016-02-05T05:00:00Z,137.5,137.95,134.71,135.25,1291208,15091,135.9
2016-02-08T05:00:00Z,134.24,134.96,129.79,132.88,1964719,19344,131.981
2016-02-09T05:00:00Z,129.58,135.38,129.5,134.34,1756728,16442,133.183
2016-02-10T05:00:00Z,136.22,139.22,135.89,136.14,1193155,11851,137.21
2016-02-11T05:00:00Z,135.63,136.36,134.21,135.33,1644271,15933,135.221
2016-02-12T05:00:00Z,136.87,139.95,136.39,139.81,1749825,15375,138.652
2016-02-16T05:00:00Z,141.19,142.49,140.49,142.12,1487063,13838,141.787
2016-02-17T05:00:00Z,143.31,144.21,142.06,144.11,821853,9483,143.577
2016-02-18T05:00:00Z,144.5,144.8,142.73,143.18,805752,9752,143.605
2016-02-19T05:00:00Z,143.36,145,142.38,144.9,1038789,10284,144.435
2016-02-22T05:00:00Z,145.63,146.3,144.98,145.68,711255,7406,145.691
2016-02-23T05:00:00Z,145.98,147.07,145.5,146.46,1090763,10990,146.334
2016-02-24T05:00:00Z,145,147.9,144.73,147.47,983778,11022,146.334
2016-02-25T05:00:00Z,147.74,148.98,146.892,148.67,878820,9571,147.891
2016-02-26T05:00:00Z,149,150.17,148.915,149.64,1283718,10927,149.477
2016-02-29T05:00:00Z,149.29,150.12,147.23,147.45,1649962,14506,148.266
2016-03-01T05:00:00Z,147.73,150.12,147.23,150.12,1468375,12252,148.549
2016-03-02T05:00:00Z,149.82,151.195,149.245,150.72,1196242,10352,150.541
2016-03-03T05:00:00Z,150.65,150.65,148.03,149.5,997127,10378,149.08
2016-03-04T05:00:00Z,149.85,149.85,148.31,149.15,1138812,11781,148.975
2016-03-07T05:00:00Z,148.88,149.38,147.9,148.68,1016532,10995,148.583
2016-03-08T05:00:00Z,147.42,148.13,146.55,147.19,965970,11027,147.316
2016-03-09T05:00:00Z,147.69,147.91,145.78,147.11,1337868,12132,146.84
2016-03-10T05:00:00Z,147.69,148.96,147.24,148.51,1285005,11314,148.22
2016-03-11T05:00:00Z,149.13,150.13,148.23,149.78,1409342,11421,149.302
2016-03-14T04:00:00Z,149.1,151.23,149.1,150.76,787291,9306,150.547
2016-03-15T04:00:00Z,149.7,150.54,149,149.29,1017540,11484,149.627
2016-03-16T04:00:00Z,149.36,150.08,148.2,149.78,1005470,13123,149.467
2016-03-17T04:00:00Z,149.52,149.7,146.12,147.71,1244394,12709,147.422
2016-03-18T04:00:00Z,148.54,150.45,146.57,150.24,2753896,15742,149.576
2016-03-21T04:00:00Z,150.18,150.46,149.03,149.17,933453,9464,149.644
2016-03-22T04:00:00Z,148.93,150.13,148.34,149.55,1081422,10109,149.247
2016-03-23T04:00:00Z,149.65,150.15,149.06,149.24,600046,6683,149.516
2016-03-24T04:00:00Z,148.49,149.28,147.74,149.13,726712,7905,148.717
2016-03-28T04:00:00Z,149.56,149.56,148.26,149.03,800941,8018,148.991
2016-03-29T04:00:00Z,149.21,151.72,148.59,151.52,770635,10153,150.655
2016-03-30T04:00:00Z,152.47,152.82,151.38,152.54,776065,8336,152.309
2016-03-31T04:00:00Z,152.2,152.755,151.37,151.82,1041270,8081,152.025
2016-04-01T04:00:00Z,151.24,153.75,150.71,153.49,966024,10018,152.896
2016-04-04T04:00:00Z,153.99,155.98,153.55,154.92,943848,10892,155.029
2016-04-05T04:00:00Z,154.03,155.96,152.56,152.86,1185343,12339,153.641
2016-04-06T04:00:00Z,152.86,155.47,152.54,155.42,894740,9892,154.525
2016-04-07T04:00:00Z,154.84,155.57,153.705,155.03,1028251,10039,154.664
2016-04-08T04:00:00Z,156,156.36,154.045,154.64,895939,9045,154.949
2016-04-11T04:00:00Z,154.63,155.6,153.55,153.91,1116281,9680,154.4
2016-04-12T04:00:00Z,154.4,157.93,154.27,157.67,1166858,13600,156.905
2016-04-13T04:00:00Z,158.62,159.22,157.51,158.98,808544,9136,158.618
2016-04-14T04:00:00Z,158.92,159.37,157.78,158.19,766928,8467,158.279
2016-04-15T04:00:00Z,158.21,159.25,157.099,159.15,770508,8254,158.575
2016-04-18T04:00:00Z,158.66,159.49,158.17,159.48,831743,9658,159.052
2016-04-19T04:00:00Z,159.38,159.5,157.62,157.99,765074,8037,158.264
2016-04-20T04:00:00Z,158.35,159.86,158.04,158.72,965266,10857,158.883
2016-04-21T04:00:00Z,158.82,159.96,157.88,158.73,1044118,9613,158.772
2016-04-22T04:00:00Z,159.05,159.985,158.19,159.88,518818,6260,159.548
2016-04-25T04:00:00Z,159.56,160.26,159.1,160.26,615825,7294,159.996
2016-04-26T04:00:00Z,160.5,160.888,159.43,159.55,832774,9433,159.824
2016-04-27T04:00:00Z,159.43,161.85,159.43,161.45,709127,8839,161.061
2016-04-28T04:00:00Z,160.6,162.98,159.92,161.93,1350928,13872,161.939
2016-04-29T04:00:00Z,161.01,161.32,159.81,161.26,1572060,13972,160.914
2016-05-02T04:00:00Z,160.67,162.24,157.6,160.9,1430615,12770,160.466
2016-05-03T04:00:00Z,160.87,161.37,159.45,160.43,1472693,11507,160.322
2016-05-04T04:00:00Z,159.94,162.25,159.256,161.6,1662914,15885,161.355
2016-05-05T04:00:00Z,163.07,165.96,160.93,165.21,1903145,19145,164.386
2016-05-06T04:00:00Z,163,165,162.47,164.84,1602470,15060,164.191
2016-05-09T04:00:00Z,165.17,167,164.715,165.98,1525810,14495,166.04
2016-05-10T04:00:00Z,165.85,168.32,165.07,167.64,1309838,12682,167.199
2016-05-11T04:00:00Z,167.78,169.08,167.03,167.05,866306,9300,167.698
2016-05-12T04:00:00Z,167.64,167.91,166.18,167.15,854593,9214,167.095
2016-05-13T04:00:00Z,167.1,167.58,165.82,166.29,863327,9443,166.472
2016-05-16T04:00:00Z,166.29,168.86,166.18,168.57,1089306,11744,167.978
2016-05-17T04:00:00Z,167.74,168.55,164.725,165.43,1314678,11861,165.823
2016-05-18T04:00:00Z,165.37,166.3,163.84,165.45,1030624,10974,165.205
2016-05-19T04:00:00Z,164.58,165.37,162.25,163.94,1168224,13580,163.357
2016-05-20T04:00:00Z,164.92,165.61,163.89,165,1195164,9323,164.973
2016-05-23T04:00:00Z,165.04,165.54,164.12,164.15,950086,10128,164.619
2016-05-24T04:00:00Z,165,166.43,164.145,166.07,931859,10399,165.795
2016-05-25T04:00:00Z,166.43,167.3,166.02,167,819657,9948,166.938
2016-05-26T04:00:00Z,166.85,167.48,166.72,167.19,669936,7725,167.112
2016-05-27T04:00:00Z,167.25,167.38,166.4,166.99,692675,8179,166.93
2016-05-31T04:00:00Z,166.96,167,165.3,166.45,1359576,10758,166.177
2016-06-01T04:00:00Z,165.96,167.5,165.76,167.04,761650,7999,166.876
2016-06-02T04:00:00Z,166.9,168.79,166.68,168.75,978700,9193,168.146
2016-06-03T04:00:00Z,168.77,169.67,167.69,169.23,941295,10059,169.026
2016-06-06T04:00:00Z,169.27,170.38,168.63,169.98,778253,9123,169.757
2016-06-07T04:00:00Z,169.02,169.78,168.44,168.62,777638,7505,168.838
2016-06-08T04:00:00Z,168.44,170.24,168.2,170.14,639977,7142,169.796
2016-06-09T04:00:00Z,170.25,171.64,169.7,170.23,789933,9684,170.371
2016-06-10T04:00:00Z,169.37,169.92,168.07,169.29,899190,9469,168.902
2016-06-13T04:00:00Z,169.32,170.469,168.26,168.35,776895,8871,168.874
2016-06-14T04:00:00Z,167.63,169.26,167.22,169.01,730153,8499,168.384
2016-06-15T04:00:00Z,169.3,169.4,166.51,166.76,1175914,11891,166.984
2016-06-16T04:00:00Z,166.34,167.66,165.11,167.3,698349,7895,166.524
2016-06-17T04:00:00Z,167.27,167.37,164.63,165.79,1095838,8869,165.872
2016-06-20T04:00:00Z,167.52,169.12,167.3,168.03,849062,9881,168.209
2016-06-21T04:00:00Z,168.55,170.68,168.55,170.02,1449532,11942,169.819
2016-06-22T04:00:00Z,170.15,170.77,169.63,169.97,777377,7932,170.058
2016-06-23T04:00:00Z,171,172.2,170.25,172.19,841284,9192,171.575
2016-06-24T04:00:00Z,168.9,169.73,166.25,166.71,1676777,17473,167.45
2016-06-27T04:00:00Z,166.61,166.61,162.39,163.01,1606577,15312,163.25
2016-06-28T04:00:00Z,163.98,164.68,162.88,164.08,1480151,16215,163.527
2016-06-29T04:00:00Z,165.44,168.335,164.73,168.17,843994,10162,167.524
2016-06-30T04:00:00Z,168.68,169.62,168.06,169.59,1019754,9698,169.286
2016-07-01T04:00:00Z,169.52,170.28,169.21,169.64,844298,8670,169.673
2016-07-05T04:00:00Z,169.29,171.57,169.25,171.21,914587,8807,171.031
2016-07-06T04:00:00Z,170.21,172.38,169.72,172.07,1252224,12284,171.598
2016-07-07T04:00:00Z,171.89,173.24,171.61,173.17,901519,10828,172.813
2016-07-08T04:00:00Z,174.08,176.24,172.9,175.64,968936,10328,175.229
2016-07-11T04:00:00Z,175.97,177.01,175.83,176.35,761033,8456,176.522
2016-07-12T04:00:00Z,176.08,176.91,175.61,175.7,922921,10849,176.076
2016-07-13T04:00:00Z,176.61,176.93,174.91,175.94,707004,8293,175.733
2016-07-14T04:00:00Z,177.1,177.405,175.78,176.53,821612,7972,176.483
2016-07-15T04:00:00Z,177.39,177.5,174.77,175.08,1027581,8873,175.577
2016-07-18T04:00:00Z,175.5,176.01,173.51,174.4,945674,9594,174.403
2016-07-19T04:00:00Z,174.51,175.56,173.84,174.52,643636,7276,174.384
2016-07-20T04:00:00Z,175.19,176.33,174.54,175.78,541231,6584,175.894
2016-07-21T04:00:00Z,175.41,175.81,174.07,174.86,468363,5845,174.72
2016-07-22T04:00:00Z,174.65,174.73,172.02,173.67,700231,7450,173.146
2016-07-25T04:00:00Z,173.67,174,171.87,172.78,739624,7632,172.532
2016-07-26T04:00:00Z,172.54,175.12,172.4,175.03,868098,9301,174.31
2016-07-27T04:00:00Z,174.66,175.02,172.53,174.53,815406,10676,173.907
2016-07-28T04:00:00Z,174.9,176.17,173.98,175.96,563408,6567,175.472
2016-07-29T04:00:00Z,175.65,176.98,175.37,176,972154,7588,176.051
2016-08-01T04:00:00Z,174.99,177.775,174.295,176.78,828868,8372,176.618
2016-08-02T04:00:00Z,176.38,176.6,174.88,176.43,781905,10175,175.932
2016-08-03T04:00:00Z,176.5,176.75,175.09,175.78,1337067,13859,175.682
2016-08-04T04:00:00Z,168.75,171.63,166.35,171.53,3090714,29132,169.14
2016-08-05T04:00:00Z,171.6,173.78,171.6,173.73,1267288,11747,173.239
2016-08-08T04:00:00Z,173.73,173.85,172.76,173.52,800984,8051,173.43
2016-08-09T04:00:00Z,173.52,175.09,172.83,174.15,640611,7782,174.376
2016-08-10T04:00:00Z,174.09,174.99,173.289,174.97,732315,8160,174.399
2016-08-11T04:00:00Z,175,177.27,174.09,176.71,978037,10061,176.468
2016-08-12T04:00:00Z,176.22,176.49,173.66,173.98,652650,8305,174.19
2016-08-15T04:00:00Z,174.32,175.29,173.91,174.21,570347,6740,174.479
2016-08-16T04:00:00Z,173.38,174.15,172.73,172.78,948705,8433,173.018
2016-08-17T04:00:00Z,172.54,173.341,172.03,173.11,573623,7494,172.756
2016-08-18T04:00:00Z,172.66,173.91,172.03,173.7,769666,7437,173.402
2016-08-19T04:00:00Z,173.2,174,172.37,173.85,874883,6915,173.507
2016-08-22T04:00:00Z,173.98,174.78,173.74,174.46,749897,7463,174.361
2016-08-23T04:00:00Z,174.75,176,174.71,174.91,839150,6354,175.062
2016-08-24T04:00:00Z,174.84,175.26,172.91,173.25,561324,6517,173.77
2016-08-25T04:00:00Z,173.1,175.42,173.04,174.14,851387,10200,174.427
2016-08-26T04:00:00Z,174.2,176.45,174.13,175.47,1041321,9990,175.336
2016-08-29T04:00:00Z,175.25,177.85,175.25,177.25,1110616,9966,177.092
2016-08-30T04:00:00Z,176.76,178.15,176.51,177.73,816410,8530,177.395
2016-08-31T04:00:00Z,177.8,178.79,176.58,177.21,996129,8902,177.372
2016-09-01T04:00:00Z,177.71,177.78,175.71,177.02,659649,8493,176.747
2016-09-02T04:00:00Z,177.5,177.95,176.84,177.32,549479,6362,177.301
2016-09-06T04:00:00Z,177.42,177.96,176.67,177.88,659875,7392,177.565
2016-09-07T04:00:00Z,176.76,177.76,176.005,177.76,791013,8262,177.335
2016-09-08T04:00:00Z,177.02,177.84,176.14,176.65,847621,8535,176.758
2016-09-09T04:00:00Z,175.75,175.89,170.99,171,1096307,10809,172.272
2016-09-12T04:00:00Z,170.43,173.45,170.26,173.29,976627,11089,172.724
2016-09-13T04:00:00Z,172.37,172.78,170.62,171.1,910258,10636,171.479
2016-09-14T04:00:00Z,171.68,172.93,171.44,172.8,824302,10586,172.553
2016-09-15T04:00:00Z,172.75,176.61,172.4,176.02,899023,11243,175.529
2016-09-16T04:00:00Z,176.06,176.36,174.09,175.2,1195910,9260,175.251
2016-09-19T04:00:00Z,175.81,176.96,175.23,175.66,589063,5949,175.982
2016-09-20T04:00:00Z,177,177.08,175.78,175.89,528004,6033,176.309
2016-09-21T04:00:00Z,176.5,179.62,176.5,179.38,838192,9092,178.253
2016-09-22T04:00:00Z,180,181.755,179.14,181.55,724668,8376,181.15
2016-09-23T04:00:00Z,179.2,180.4,177.48,179.5,1275324,13829,179.329
2016-09-26T04:00:00Z,178.21,178.6,176.26,177.01,765632,8917,177.053
2016-09-27T04:00:00Z,177.33,178.99,176.65,178.97,787227,6879,178.421
2016-09-28T04:00:00Z,180.57,180.57,178.24,179.17,718124,6472,179.012
2016-09-29T04:00:00Z,179.07,179.35,175.76,176.44,694441,7477,176.907
2016-09-30T04:00:00Z,177.02,180.575,177.02,179.73,1358927,10768,179.186
2016-10-03T04:00:00Z,178.67,179.33,177.51,178.41,789650,10072,178.165
2016-10-04T04:00:00Z,178.4,179.01,175.04,176.08,831518,10461,176.274
2016-10-05T04:00:00Z,176.15,177.191,175.8,176.65,794379,9432,176.489
2016-10-06T04:00:00Z,176.54,177.295,175.51,177.11,664118,8399,176.8
2016-10-07T04:00:00Z,177.39,177.81,176.2,177.4,716775,7384,177.212
2016-10-10T04:00:00Z,178.35,180.03,178.269,179.19,497494,5953,179.259
2016-10-11T04:00:00Z,178.7,178.7,173.27,173.97,1052733,12028,174.693
2016-10-12T04:00:00Z,175.15,175.15,173.28,173.47,1043729,11182,173.771
2016-10-13T04:00:00Z,172.73,173.28,171.06,172.86,1545968,14030,172.381
2016-10-14T04:00:00Z,173.9,174.05,171.9,171.93,936188,10147,172.585
2016-10-17T04:00:00Z,172.17,172.4,171.02,171.54,890489,9138,171.499
2016-10-18T04:00:00Z,172.73,173.26,171.82,172.79,698074,8652,172.782
2016-10-19T04:00:00Z,173.1,173.59,172.1,172.22,869427,6980,172.352
2016-10-20T04:00:00Z,172.26,173.76,171.68,173.03,762666,8411,172.7
2016-10-21T04:00:00Z,172.2,172.61,171.13,172.32,720509,6555,172.116
2016-10-24T04:00:00Z,173.38,173.85,172.1,172.16,1062663,9201,172.612
2016-10-25T04:00:00Z,172.49,172.69,170.69,170.98,1106120,11057,171.337
2016-10-26T04:00:00Z,169.79,169.86,166.82,167.55,1511924,16065,167.856
2016-10-27T04:00:00Z,168.31,168.81,167.083,167.25,1253984,13501,167.657
2016-10-28T04:00:00Z,167.41,169.67,166.75,167.79,1087518,14373,168.318
2016-10-31T04:00:00Z,167.26,168.22,166.58,167.91,1926575,16478,167.577
2016-11-01T04:00:00Z,167.64,168.22,165.491,166.37,1588188,14670,166.628
2016-11-02T04:00:00Z,166.67,169.21,165.73,166.87,2154577,20890,167.311
2016-11-03T04:00:00Z,168.98,174.99,168.46,173.18,2210786,21239,172.741
2016-11-04T04:00:00Z,173.18,176.42,172.82,174.99,1481045,13615,175.079
2016-11-07T05:00:00Z,176.92,178.53,176.48,177.89,1544796,15880,177.822
2016-11-08T05:00:00Z,177.41,179.83,176.32,178.71,967777,11265,178.662
2016-11-09T05:00:00Z,177.97,178.985,172.04,174.81,1808980,21131,174.444
2016-11-10T05:00:00Z,175.74,178.26,174.68,175.61,1744535,20815,175.963
2016-11-11T05:00:00Z,175.1,175.83,169.95,170.36,1475635,16325,171.377
2016-11-14T05:00:00Z,170.59,170.59,162.44,162.8,2822707,23391,165.037
2016-11-15T05:00:00Z,162.84,167.11,162.51,166.78,1991350,19166,165.336
2016-11-16T05:00:00Z,166.56,169.39,165.936,169.26,1333652,14111,168.385
2016-11-17T05:00:00Z,169.65,173.46,168.895,173.42,1729190,16134,172.437
2016-11-18T05:00:00Z,173.5,174.09,171.21,171.86,1310546,12507,172.042
2016-11-21T05:00:00Z,171.69,172.94,171.34,172.07,1150454,8011,172.031
2016-11-22T05:00:00Z,170.49,171.16,164.67,167.67,2480350,19690,166.97
2016-11-23T05:00:00Z,165.57,169.54,165.57,168.48,1178203,11581,167.992
2016-11-25T05:00:00Z,169.65,171.41,168.55,170.69,532550,5476,170.485
2016-11-28T05:00:00Z,170.29,171.515,170.055,170.31,723857,8573,170.537
2016-11-29T05:00:00Z,170.76,173.54,170.76,172.73,1480014,14421,172.803
2016-11-30T05:00:00Z,172.18,172.75,168.31,169.1,1535346,13375,169.419
2016-12-01T05:00:00Z,168.55,169.79,164.37,164.62,1147180,12253,165.478
2016-12-02T05:00:00Z,165.49,167.32,164.75,165.53,1012392,10472,165.944
2016-12-05T05:00:00Z,166.47,167.08,163.93,164.41,1991958,13101,164.667
2016-12-06T05:00:00Z,165.58,165.58,162.07,164.75,1585185,14978,163.864
2016-12-07T05:00:00Z,163.5,164.05,161.29,163.99,1252699,11566,162.943
2016-12-08T05:00:00Z,163.93,165.45,162.59,163.64,1493271,14389,164.072
2016-12-09T05:00:00Z,163.67,166.79,163.67,166.51,850599,9587,165.774
2016-12-12T05:00:00Z,166.53,169.65,166.51,169.4,1076485,11630,169.093
2016-12-13T05:00:00Z,168.94,171.935,167.16,168.12,1599326,15365,168.584
2016-12-14T05:00:00Z,168.63,169.3,167.23,167.75,965376,8713,168.102
2016-12-15T05:00:00Z,167.85,169.41,167.01,169.19,1172780,10842,168.894
2016-12-16T05:00:00Z,169.32,169.97,167.11,167.75,1831576,12633,168.213
2016-12-19T05:00:00Z,167.83,168.498,166.29,166.74,1049489,10419,167.344
2016-12-20T05:00:00Z,167.24,167.82,165.58,166.15,722246,8606,166.152
2016-12-21T05:00:00Z,165.97,166.825,164.89,165.97,730851,8221,166.024
2016-12-22T05:00:00Z,166.1,166.36,164.53,165.91,755028,8009,165.712
2016-12-23T05:00:00Z,166.21,167.14,165.61,166.48,446066,4530,166.58
2016-12-27T05:00:00Z,167.53,168.47,166.92,167.06,442562,4659,167.432
2016-12-28T05:00:00Z,167.22,167.27,165.25,165.87,504937,5705,166.011
2016-12-29T05:00:00Z,165.87,166.88,165.59,166.15,743601,8183,166.243
2016-12-30T05:00:00Z,166.96,166.96,165.03,165.55,1070324,8691,165.716
2017-01-03T05:00:00Z,161.95,165.29,161.5,165.15,1983865,17199,164.158
2017-01-04T05:00:00Z,165.46,165.895,164.43,164.94,1363716,12199,165.005
2017-01-05T05:00:00Z,163.81,165.315,163.36,164.8,1355403,11575,164.595
2017-01-06T05:00:00Z,165.29,168.58,164.94,167.89,1122239,11434,167.5
2017-01-09T05:00:00Z,168.23,169.67,168.03,168.87,1260222,10932,168.747
2017-01-10T05:00:00Z,168.56,172.9,168.37,170.94,1392396,13815,171.258
2017-01-11T05:00:00Z,170.51,173.74,168.86,173.71,1724710,15797,172.196
2017-01-12T05:00:00Z,172.87,173.69,170.57,173.49,1091663,11370,172.481
2017-01-13T05:00:00Z,173.4,174.16,172.26,173.35,695320,7648,173.347
2017-01-17T05:00:00Z,172.53,173.87,171.31,173.42,662693,7808,173.219
2017-01-18T05:00:00Z,173.92,174.09,172.69,173.98,964205,11018,173.729
2017-01-19T05:00:00Z,173.3,174.21,172.68,173.52,1848676,16881,173.517
2017-01-20T05:00:00Z,173.78,174.34,172.03,172.29,1698442,13413,172.764
2017-01-23T05:00:00Z,172.41,173.68,170.8,170.88,880691,9439,171.17
2017-01-24T05:00:00Z,171.38,171.794,169.19,170.36,850810,9039,170.322
2017-01-25T05:00:00Z,170.89,172.11,170.45,171.57,1103014,9916,171.463
2017-01-26T05:00:00Z,171.6,172.44,170.525,171.09,794838,9659,171.476
2017-01-27T05:00:00Z,172.31,175.9,171.86,175.28,939744,10346,174.818
2017-01-30T05:00:00Z,175.4,175.4,173.53,174.82,1045544,12194,174.475
2017-01-31T05:00:00Z,174.41,177.54,174.13,177.29,1803574,14782,176.727
2017-02-01T05:00:00Z,175.88,179.14,174.35,178.97,1786514,17916,177.354
2017-02-02T05:00:00Z,181,181.44,176.74,177.97,1366132,14324,178.067
2017-02-03T05:00:00Z,178.75,179.45,177.58,179.37,1272068,12956,178.945
2017-02-06T05:00:00Z,178.63,178.935,177.65,178.36,777899,9067,178.242
2017-02-07T05:00:00Z,179,179.995,178.48,178.81,979285,8893,178.858
2017-02-08T05:00:00Z,178.04,179.02,177.435,178.06,589632,7110,178.023
2017-02-09T05:00:00Z,177.51,179.04,176.65,177.81,1536072,14356,177.773
2017-02-10T05:00:00Z,177.81,178.675,177.54,178.03,674401,7173,178.127
2017-02-13T05:00:00Z,178.52,178.91,177.72,178.55,490812,6446,178.371
2017-02-14T05:00:00Z,178.44,179,177.72,178.77,712644,7953,178.378
2017-02-15T05:00:00Z,177.92,180.49,177.92,180.09,917984,10465,179.766
2017-02-16T05:00:00Z,180.24,180.9,178.92,180.62,971598,10795,180.028
2017-02-17T05:00:00Z,180.2,180.9,179.32,180.9,895457,8585,180.298
2017-02-21T05:00:00Z,181.5,182.65,179.91,182.02,1053078,10309,182.051
2017-02-22T05:00:00Z,181.33,182.58,181.127,181.95,730301,7147,181.946
2017-02-23T05:00:00Z,182.23,182.85,181.55,182.3,667000,8355,182.258
2017-02-24T05:00:00Z,181.98,183.42,181.14,183.42,755532,7159,182.85
2017-02-27T05:00:00Z,183.16,183.877,182.33,182.82,751923,9010,183.006
2017-02-28T05:00:00Z,182.99,183.88,182.45,183.05,775283,7364,183.099
2017-03-01T05:00:00Z,183.66,186.11,182.79,185.34,844109,10710,185.105
2017-03-02T05:00:00Z,184.62,185.32,183.85,184.73,554503,8285,184.703
2017-03-03T05:00:00Z,184.18,184.94,183.82,184.69,664245,7540,184.447
2017-03-06T05:00:00Z,183.72,184.92,183.22,184.49,907881,8446,184.313
2017-03-07T05:00:00Z,183.76,184.52,182.795,183.94,692390,8490,183.778
2017-03-08T05:00:00Z,182.29,184.62,182.27,184.06,892687,8601,183.894
2017-03-09T05:00:00Z,183.89,185.54,183.44,185.07,944670,11566,184.857
2017-03-10T05:00:00Z,185.26,185.7,184.32,185.31,825958,9118,185.106
2017-03-13T04:00:00Z,185.09,185.44,183.92,184.9,1059565,7385,184.746
2017-03-14T04:00:00Z,184.36,184.65,182.065,182.98,1105577,11536,183.169
2017-03-15T04:00:00Z,183.67,184.76,182.86,184.54,1316935,14354,184.043
2017-03-16T04:00:00Z,183.45,183.95,180.1,181.37,1747243,16422,181.191
2017-03-17T04:00:00Z,181.69,184.22,181.23,183.79,2452432,15030,183.177
2017-03-20T04:00:00Z,184.12,184.2,182.09,182.63,845585,9099,183.126
2017-03-21T04:00:00Z,183.28,183.99,180.4,181.32,1262287,13863,181.572
2017-03-22T04:00:00Z,181.86,183.875,180.51,182.64,1415983,14935,182.576
2017-03-23T04:00:00Z,182.15,185,181.76,183.71,1139804,12908,183.963
2017-03-24T04:00:00Z,183.67,185.09,183.42,183.87,730850,8076,184.119
2017-03-27T04:00:00Z,183.01,184.4,182.09,183.76,1000809,7809,183.585
2017-03-28T04:00:00Z,183.47,184.32,182.31,183.92,753888,8155,183.581
2017-03-29T04:00:00Z,183.21,184.47,182.58,183.87,507674,7335,183.834
2017-03-30T04:00:00Z,183.59,184.389,182.67,183.71,598505,7252,183.648
2017-03-31T04:00:00Z,183.17,183.89,182.6,183.44,869656,8340,183.38
2017-04-03T04:00:00Z,184,185.21,182.63,184.28,683429,8663,184.004
2017-04-04T04:00:00Z,184.4,184.4,182.31,183.07,799830,7956,182.984
2017-04-05T04:00:00Z,183.77,184.93,182.954,183.31,748236,9024,183.934
2017-04-06T04:00:00Z,183.08,183.8,182.34,183.4,899419,6118,183.307
2017-04-07T04:00:00Z,183.5,184.6,183.43,184.11,702325,6926,184.093
2017-04-10T04:00:00Z,185.07,185.07,183.35,184.04,1213983,8754,183.998
2017-04-11T04:00:00Z,183.43,184.43,182.71,183.78,567299,8011,183.441
2017-04-12T04:00:00Z,182.91,183.94,182.46,183.22,820552,8331,183.16
2017-04-13T04:00:00Z,182.8,183.77,182.59,182.59,732923,5538,182.793
2017-04-17T04:00:00Z,183.23,184.1,182.77,183.96,473729,5466,183.748
2017-04-18T04:00:00Z,183.31,183.88,182.185,183.38,593705,7593,183.196
2017-04-19T04:00:00Z,184.27,184.89,183.8,184.16,610641,6826,184.122
2017-04-20T04:00:00Z,184.14,186.4,183.33,186.05,684109,8472,185.433
2017-04-21T04:00:00Z,185.99,186.14,184.25,185.29,638084,7036,185.245
2017-04-24T04:00:00Z,179,180.26,175.66,177.07,9916997,93591,178.27
2017-04-25T04:00:00Z,178.52,180.79,177.3,179.07,4191156,42429,179.17
2017-04-26T04:00:00Z,179.7,180.13,178.28,179.81,2665357,28811,179.302
2017-04-27T04:00:00Z,179.97,182.85,179.43,182.55,2269064,23618,181.932
2017-04-28T04:00:00Z,182.02,187.2,181.67,186.97,4131793,34432,185.258
2017-05-01T04:00:00Z,186.38,187.63,184.84,186.38,2508789,25291,186.152
2017-05-02T04:00:00Z,185.52,186.38,183.01,185.28,3527752,31059,184.639
2017-05-03T04:00:00Z,184.84,185.33,182.5,183.76,2705749,22167,183.649
2017-05-04T04:00:00Z,183.65,184.86,182.78,184.86,2229202,15792,184.123
2017-05-05T04:00:00Z,184.78,186.09,184.106,185.4,1487366,14380,185.053
2017-05-08T04:00:00Z,184.29,184.8,182.35,182.62,2660029,20632,183.362
2017-05-09T04:00:00Z,182.07,182.44,179.51,180.66,3445795,26513,180.639
2017-05-10T04:00:00Z,181.15,181.55,177.64,179.76,5306360,42899,179.664
2017-05-11T04:00:00Z,181.7,184.95,181.56,184.86,12747431,71687,183.991
2017-05-12T04:00:00Z,184.24,187.69,184.12,184.62,3269289,27158,185.633
2017-05-15T04:00:00Z,184.12,185.22,183.54,185.13,3336353,22851,184.692
2017-05-16T04:00:00Z,185.62,185.81,182.64,182.75,1937810,19301,183.438
2017-05-17T04:00:00Z,181.34,182.49,180.44,181.48,2401388,26632,181.362
2017-05-18T04:00:00Z,181.48,183.45,180.9,182.61,1679872,18841,182.384
2017-05-19T04:00:00Z,183,185.1,182.955,184.13,2938383,14784,184.171
2017-05-22T04:00:00Z,184.08,185.78,183.17,184.77,1891756,18052,185.015
2017-05-23T04:00:00Z,185.13,187.19,185.03,186.62,1889151,18389,186.559
2017-05-24T04:00:00Z,186.56,187.25,185.71,187,1551815,13156,186.659
2017-05-25T04:00:00Z,187.14,187.42,185.33,186.77,1250017,13762,186.738
2017-05-26T04:00:00Z,187.03,187.41,185.65,186.48,1294274,13080,186.243
2017-05-30T04:00:00Z,185.76,188.48,185.33,188.07,1640426,16287,187.374
2017-05-31T04:00:00Z,189.29,190.71,188.1,189.23,2754818,21488,189.224
2017-06-01T04:00:00Z,188.37,193.35,188.3,192.83,2129682,22884,191.704
2017-06-02T04:00:00Z,193.12,194.11,192.36,193.06,1505142,14885,193.111
2017-06-05T04:00:00Z,193.2,193.95,192.42,193.07,1351677,12575,193.15
2017-06-06T04:00:00Z,193.38,193.89,191.33,191.9,1465789,15240,192.194
2017-06-07T04:00:00Z,191.56,193.15,191.31,192.59,1309305,13132,192.498
2017-06-08T04:00:00Z,192.52,193.7,190.74,191.83,1661602,16314,191.787
2017-06-09T04:00:00Z,191.8,192.95,190.98,192,1910289,13892,192.038
2017-06-12T04:00:00Z,192.2,192.58,187.27,191,1869790,16919,189.75
2017-06-13T04:00:00Z,191.03,192.89,190.06,192.36,1253721,12441,192.125
2017-06-14T04:00:00Z,193,193.71,191.77,192.52,1065319,9178,192.78
2017-06-15T04:00:00Z,191.77,192.92,190.94,191.85,1215759,13162,191.809
2017-06-16T04:00:00Z,191.95,192.39,190.6,191.29,2099907,15005,191.423
2017-06-19T04:00:00Z,191.87,194.04,191.6,193.48,1253269,13157,193.322
2017-06-20T04:00:00Z,193.21,195.88,193.01,194.46,1874741,18886,194.833
2017-06-21T04:00:00Z,194.76,195.52,193.1,193.49,1718576,17258,193.761
2017-06-22T04:00:00Z,193.32,195.39,192.94,195.06,1398096,13877,194.794
2017-06-23T04:00:00Z,195.36,195.45,193.84,195.15,2181368,11640,194.997
2017-06-26T04:00:00Z,194.44,195.28,194.15,194.72,1343887,13769,194.664
2017-06-27T04:00:00Z,194.5,196.01,193.92,194.99,2026362,18911,195.339
2017-06-28T04:00:00Z,195.89,195.98,194.63,194.91,1290179,14891,195.137
2017-06-29T04:00:00Z,194.5,195.56,192.02,193.23,1020658,10244,193.338
2017-06-30T04:00:00Z,195.07,196.59,195.01,195.11,1395162,13550,195.411
2017-07-03T04:00:00Z,195.79,196.22,194.63,194.63,783972,7653,195.114
2017-07-05T04:00:00Z,194.53,197.27,194.22,196.98,1234944,12254,196.496
2017-07-06T04:00:00Z,196.38,196.66,194.88,195.34,1435493,13978,195.367
2017-07-07T04:00:00Z,196,197.85,195.39,197.79,1185814,10982,197.295
2017-07-10T04:00:00Z,197.84,198.15,196.67,197.5,1542724,11336,197.609
2017-07-11T04:00:00Z,197.45,198.145,196.2,196.38,1259821,12353,196.686
2017-07-12T04:00:00Z,197.48,199.24,196.79,198.15,1138096,11656,198.2
2017-07-13T04:00:00Z,198.16,198.49,197.02,197.89,628144,7711,197.841
2017-07-14T04:00:00Z,198.24,200.62,197.6,200.62,1033016,8372,200.256
2017-07-17T04:00:00Z,200.67,201.3,199.45,199.99,934694,9562,200.163
2017-07-18T04:00:00Z,200,201.44,199.13,201.01,1102920,10647,200.524
2017-07-19T04:00:00Z,201.5,202.57,200.74,202.02,1309901,12225,202.073
2017-07-20T04:00:00Z,201.93,204.01,201.77,203.33,1096473,12156,203.214
2017-07-21T04:00:00Z,203.61,205.73,202.83,205.3,1850221,17270,204.473
2017-07-24T04:00:00Z,205,205.94,204.4,205.63,1954870,15061,205.37
2017-07-25T04:00:00Z,206.24,206.63,203.265,204.27,1020684,12244,204.514
2017-07-26T04:00:00Z,203.68,204.4,202.41,202.72,1098909,12267,203.083
2017-07-27T04:00:00Z,203.02,203.4,200.5,201.67,1426529,15009,201.654
2017-07-28T04:00:00Z,202,203.19,200.49,201.98,1564059,17418,201.877
2017-07-31T04:00:00Z,202.75,202.89,200.84,201.4,1280877,10126,201.436
2017-08-01T04:00:00Z,202.29,202.34,200.54,201.2,901518,10202,201.325
2017-08-02T04:00:00Z,200.96,201.76,199.06,200.93,1422882,16864,200.254
2017-08-03T04:00:00Z,192.95,199.52,192.34,198.9,2726614,21786,197.624
2017-08-04T04:00:00Z,199.77,200.265,195.42,197.05,2336367,20303,196.858
2017-08-07T04:00:00Z,197.17,197.84,196.01,197.84,1063076,11000,197.323
2017-08-08T04:00:00Z,198.87,199.01,196.44,196.63,1234535,11474,197.287
2017-08-09T04:00:00Z,196.49,197.89,196.23,197.84,1177145,11072,197.318
2017-08-10T04:00:00Z,197.69,199.014,197.3,198.22,1327812,14195,198.262
2017-08-11T04:00:00Z,198.16,201.12,197.55,200.36,1298511,13852,200.417
2017-08-14T04:00:00Z,201.49,202.3,200.59,201.77,1772879,13679,201.519
2017-08-15T04:00:00Z,201.94,202.895,201.41,201.48,1052007,9340,201.983
2017-08-16T04:00:00Z,201.97,202.67,200.82,201.39,1168341,11777,201.436
2017-08-17T04:00:00Z,201.13,202.27,199.31,199.31,1082966,11947,200.104
2017-08-18T04:00:00Z,199.56,199.56,196.69,197.69,1128766,11640,198.05
2017-08-21T04:00:00Z,198.09,199.25,196.73,199.17,732824,7610,198.569
2017-08-22T04:00:00Z,199.15,200.89,198.84,200.36,947987,8678,200.339
2017-08-23T04:00:00Z,199.59,200.14,197.3,197.58,1368731,10834,197.812
2017-08-24T04:00:00Z,198.68,198.68,196.84,197.86,890673,6719,197.86
2017-08-25T04:00:00Z,198.38,198.785,197.69,198.57,854209,8042,198.367
2017-08-28T04:00:00Z,199.17,199.82,198.62,199.05,514188,6440,199.191
2017-08-29T04:00:00Z,198.11,199.38,198.08,198.9,880446,9464,198.726
2017-08-30T04:00:00Z,198.5,198.87,197.38,197.9,884638,10047,198.023
2017-08-31T04:00:00Z,198.28,199.69,197.55,199.44,1328234,12444,198.997
2017-09-01T04:00:00Z,199.13,199.87,197.56,199.15,831484,9286,198.677
2017-09-05T04:00:00Z,198.39,200.41,198.31,200.07,1029807,10222,199.779
2017-09-06T04:00:00Z,200.57,201,199.15,199.23,854866,8793,199.564
2017-09-07T04:00:00Z,198.45,200.78,198.45,199.57,1094380,9248,199.638
2017-09-08T04:00:00Z,199.95,204.29,199.46,203.7,1269127,13615,203.256
2017-09-11T04:00:00Z,204.79,204.86,202.84,203.87,1833631,12094,203.9
2017-09-12T04:00:00Z,203.45,203.79,201.41,202.2,1242315,12197,202.231
2017-09-13T04:00:00Z,201.64,202.4,195.81,196.62,2027214,17237,197.306
2017-09-14T04:00:00Z,196.29,197.905,195.52,197.6,1646935,11351,197.352
2017-09-15T04:00:00Z,197.51,198.24,195.08,195.34,1994320,11782,196.357
2017-09-18T04:00:00Z,195.92,196.93,195.46,195.61,1141856,10784,195.934
2017-09-19T04:00:00Z,195.76,196.6,192.69,193,1535399,14299,193.412
2017-09-20T04:00:00Z,193.15,194.4,192.65,194,1192022,11434,193.681
2017-09-21T04:00:00Z,193.79,193.89,191.53,191.56,1144895,11639,192.614
2017-09-22T04:00:00Z,192.5,193.22,191.6,193.06,1223119,9938,192.759
2017-09-25T04:00:00Z,192.91,193.62,192.035,193.2,1377866,10609,193.025
2017-09-26T04:00:00Z,194.06,194.55,192.98,194.32,1097058,13149,194.067
2017-09-27T04:00:00Z,194.01,194.675,192.59,194.05,944432,9450,193.598
2017-09-28T04:00:00Z,194.88,195.39,192.66,193.6,1011817,10866,193.641
2017-09-29T04:00:00Z,192.99,195.99,192.99,195.95,1291261,11091,195.472
2017-10-02T04:00:00Z,196.91,197.84,195.3,196.29,1142657,12478,196.118
2017-10-03T04:00:00Z,196.2,196.79,193.05,193.73,1217234,10790,194.055
2017-10-04T04:00:00Z,193.73,195.13,193.67,195,946434,11238,194.781
2017-10-05T04:00:00Z,195,197.25,194.19,197.25,1366993,12899,196.407
2017-10-06T04:00:00Z,197.25,198.17,196.57,198.08,1210412,11161,197.668
2017-10-09T04:00:00Z,197.52,197.69,196.41,197.14,1127909,9666,196.931
2017-10-10T04:00:00Z,196.97,197.515,195.72,196.29,1211036,11060,196.269
2017-10-11T04:00:00Z,196.27,197.65,196.185,197.51,866178,8095,197.063
2017-10-12T04:00:00Z,196.77,198.89,196.77,198.83,857248,7821,198.382
2017-10-13T04:00:00Z,198.68,201.47,197.44,201.43,1457091,12984,200.502
2017-10-16T04:00:00Z,201,201.42,200.18,200.82,1155965,11473,200.837
2017-10-17T04:00:00Z,200.08,203.28,200.08,203.07,1067088,9134,202.639
2017-10-18T04:00:00Z,203.08,207.73,202.73,207.72,2331802,18757,206.517
2017-10-19T04:00:00Z,206.81,209.5,206.7,209.36,1132330,11792,208.399
2017-10-20T04:00:00Z,210,212.54,209.72,211.83,1392518,11479,211.486
2017-10-23T04:00:00Z,213.4,214.72,210.47,211.03,1063852,11503,211.847
2017-10-24T04:00:00Z,211.58,211.58,209.81,210.97,1019503,10142,210.766
2017-10-25T04:00:00Z,210.91,211.66,209.98,210.39,1287815,9737,210.672
2017-10-26T04:00:00Z,211.49,211.55,209.47,209.84,2011806,17034,210.069
2017-10-27T04:00:00Z,210.815,211.19,209.23,210.1,1658552,14309,210.087
2017-10-30T04:00:00Z,210.16,210.16,207.79,208.65,1184618,11115,208.669
2017-10-31T04:00:00Z,208.5,209.55,208,208.67,1455355,13157,208.707
2017-11-01T04:00:00Z,207.53,210.1,203.99,208.06,2164724,23387,208.484
2017-11-02T04:00:00Z,214.94,224.73,210,224.02,2886029,26491,222.398
2017-11-03T04:00:00Z,218.42,224.89,217.5,224.41,1476035,14169,223.319
2017-11-06T05:00:00Z,224.66,225.23,222.05,222.2,1062637,12428,223.06
2017-11-07T05:00:00Z,222.75,223.11,219.72,221.27,2555577,14854,220.919
2017-11-08T05:00:00Z,221.43,222.325,220.27,221.43,1411948,10527,221.286
2017-11-09T05:00:00Z,220.97,224.58,220.525,224.48,1041895,13659,222.867
2017-11-10T05:00:00Z,223.68,224.3,217.56,219.23,1890711,15652,219.278
2017-11-13T05:00:00Z,218.67,220.71,217.5,220,985920,8530,219.746
2017-11-14T05:00:00Z,219,221.15,218.7,220.46,923890,11781,220.39
2017-11-15T05:00:00Z,220.08,220.44,218.83,219.1,910172,9224,219.562
2017-11-16T05:00:00Z,219.82,221.59,219.14,221.52,968262,9778,221.09
2017-11-17T05:00:00Z,220.77,221.42,219.92,220.31,793934,8372,220.685
2017-11-20T05:00:00Z,221.15,222.31,220.48,221.5,943301,9097,221.485
2017-11-21T05:00:00Z,223.28,227.5,222.525,226.83,1570411,16691,226.368
2017-11-22T05:00:00Z,226.23,226.23,222.96,224.23,1286253,12036,224.232
2017-11-24T05:00:00Z,225,226.4,224.23,226.28,400453,5063,225.57
2017-11-27T05:00:00Z,226.3,227.84,224.85,225.4,1120612,13643,225.901
2017-11-28T05:00:00Z,226.37,227.33,224.89,227.15,1224515,13110,226.293
2017-11-29T05:00:00Z,227.65,227.8,225.13,226.88,992375,12872,226.54
2017-11-30T05:00:00Z,227.3,228.8,224.75,228.21,2955587,14928,227.806
2017-12-01T05:00:00Z,228.15,229.685,224.52,226.33,1665415,16587,226.524
2017-12-04T05:00:00Z,227.94,228.54,218.87,218.92,1801323,17296,221.284
2017-12-05T05:00:00Z,218.93,220.75,218.51,219.07,1061757,13182,219.384
2017-12-06T05:00:00Z,218.4,220.425,218.001,218.92,1466805,10752,219.129
2017-12-07T05:00:00Z,218.4,219.36,216.88,217.81,1514068,13662,217.881
2017-12-08T05:00:00Z,218.56,220.44,217.44,219.68,1301194,11122,219.342
2017-12-11T05:00:00Z,219.45,220.66,217.5,218.31,1289533,11262,218.407
2017-12-12T05:00:00Z,219.25,220.89,218.67,218.99,1420696,12741,219.382
2017-12-13T05:00:00Z,218.76,220.61,218.39,218.94,1160424,12212,219.288
2017-12-14T05:00:00Z,219.35,220.55,218.45,218.77,1575821,13661,219.056
2017-12-15T05:00:00Z,220.29,222.1,218.68,221.46,2680878,13009,221.177
2017-12-18T05:00:00Z,221.63,222.69,220.66,221.73,1333865,10839,221.677
2017-12-19T05:00:00Z,222.33,222.89,220.43,221.33,1077073,10511,221.605
2017-12-20T05:00:00Z,222.2,222.2,218.86,218.99,1019904,8926,219.712
2017-12-21T05:00:00Z,219.85,220.62,217.53,217.78,733349,8048,218.457
2017-12-22T05:00:00Z,218.08,218.66,216.87,217.23,1439269,17289,217.488
2017-12-26T05:00:00Z,217.69,217.79,216.41,217.02,544256,6288,217.034
2017-12-27T05:00:00Z,217.13,217.78,216.5,217.32,759713,7174,217.199
2017-12-28T05:00:00Z,217.32,218.88,214.18,214.32,2660576,16769,215.143
2017-12-29T05:00:00Z,216.37,218.25,213.95,214.06,1941997,15024,215.239
2018-01-02T05:00:00Z,215.09,220.04,215.09,217.84,3190645,21111,218.268
2018-01-03T05:00:00Z,220.89,221.28,218.78,219.99,2021418,17538,220.083
2018-01-04T05:00:00Z,219.34,221.77,219.21,220.99,1463519,13990,220.845
2018-01-05T05:00:00Z,222.37,223.55,221.26,222.08,1886222,11824,222.037
2018-01-08T05:00:00Z,222.03,222.68,220.26,221.4,2347607,12310,221.329
2018-01-09T05:00:00Z,222.34,226.85,221.6,226.42,1537120,15635,225.539
2018-01-10T05:00:00Z,226,226.09,222.84,224.56,1577109,12989,224.2
2018-01-11T05:00:00Z,224.56,225.94,221.86,225.82,1786655,14685,224.786
2018-01-12T05:00:00Z,225.35,227.78,223.94,227.71,2167275,16465,227.31
2018-01-16T05:00:00Z,227.98,230.12,226.62,228.54,2097243,15285,228.28
2018-01-17T05:00:00Z,230.28,231.38,226.745,231.37,2000896,14353,230.565
2018-01-18T05:00:00Z,230.38,232.35,229.1,232.12,1238337,13010,231.255
2018-01-19T05:00:00Z,234.5,234.7,232.55,234.51,1754050,13462,234.08
2018-01-22T05:00:00Z,234.23,236.74,233.26,236.71,1485650,12433,235.858
2018-01-23T05:00:00Z,236.03,236.86,234.34,234.71,1387367,11323,235.104
2018-01-24T05:00:00Z,236.13,239.4,235.08,238.64,1188166,11878,238.085
2018-01-25T05:00:00Z,239.65,244.34,239.26,242.35,1591976,16359,241.755
2018-01-26T05:00:00Z,244.3,246.32,240.31,246.28,1859953,12689,244.988
2018-01-29T05:00:00Z,246.3,248.389,244.29,244.93,1477008,13219,245.296
2018-01-30T05:00:00Z,243.1,244.68,241.12,243.5,1414555,13278,243.459
2018-01-31T05:00:00Z,243.77,244.83,241.65,242.94,1879818,12036,242.98
2018-02-01T05:00:00Z,240.88,243.51,240.2,241.52,1209277,12483,241.861
2018-02-02T05:00:00Z,240.52,241.43,236.69,237.11,1630820,12521,237.818
2018-02-05T05:00:00Z,237.75,237.76,224.82,224.82,2186564,20878,229.857
2018-02-06T05:00:00Z,217,234.44,215,227.52,3242411,31867,225.715
2018-02-07T05:00:00Z,227.93,227.93,220.93,221.92,2871339,25739,222.973
2018-02-08T05:00:00Z,221.865,222.59,211.24,211.44,3362272,28764,215.374
2018-02-09T05:00:00Z,212.61,218.82,209.91,217.14,2173334,23237,214.292
2018-02-12T05:00:00Z,219.17,220.25,217.66,218.89,2735749,20096,219.006
2018-02-13T05:00:00Z,216.99,216.99,213.37,215.4,2117918,15934,215.249
2018-02-14T05:00:00Z,214.42,220.46,214.03,219.95,1464887,12419,218.401
2018-02-15T05:00:00Z,221.65,223.15,218.85,222.51,1094743,10814,221.85
2018-02-16T05:00:00Z,221.66,224.85,221.28,222.87,1100500,10007,222.96
2018-02-20T05:00:00Z,223.27,223.27,218.72,219.82,1250116,11714,220.298
2018-02-21T05:00:00Z,220.225,223.35,218.67,218.7,1205024,9525,220.013
2018-02-22T05:00:00Z,219.83,221.42,217.72,218.32,932749,9038,219.058
2018-02-23T05:00:00Z,219.42,220.39,217.48,220.34,803358,8695,219.134
2018-02-26T05:00:00Z,221.59,225.27,221.12,225.03,1346391,12747,224.045
2018-02-27T05:00:00Z,225.61,228.345,225.05,225.05,1445747,16138,226.227
2018-02-28T05:00:00Z,225.38,227.9,221.9,222.02,1520657,13001,223.64
2018-03-01T05:00:00Z,221.6,221.81,215.465,218.12,1665000,18506,218.247
2018-03-02T05:00:00Z,216.62,218.73,216.19,217.65,1127813,13525,217.534
2018-03-05T05:00:00Z,217,218.41,215.26,217.27,2042815,16326,217.304
2018-03-06T05:00:00Z,217.3,219.42,215.26,216.96,1559326,16011,217.147
2018-03-07T05:00:00Z,215.64,219.5,215.6,219.1,1121910,10888,217.989
2018-03-08T05:00:00Z,219,224,218.91,223.44,1273365,12009,222.34
2018-03-09T05:00:00Z,224.46,227.245,222.49,226.12,1516024,12862,225.485
2018-03-12T04:00:00Z,227.5,227.8,225.24,225.5,1293757,7905,226.002
2018-03-13T04:00:00Z,226.98,227.08,223.6,223.85,1054590,11003,224.693
2018-03-14T04:00:00Z,224.56,224.93,222.17,223.52,1418333,15188,223.502
2018-03-15T04:00:00Z,224,226.02,222.96,224.15,1059009,9503,224.412
2018-03-16T04:00:00Z,224.39,225,223.2,223.27,1803410,9425,223.616
2018-03-19T04:00:00Z,223.21,223.55,218.07,219.53,1451545,10454,219.873
2018-03-20T04:00:00Z,220.25,221.085,218.95,219.9,818704,7610,219.839
2018-03-21T04:00:00Z,220.4,220.66,217.91,218.5,990873,8726,218.858
2018-03-22T04:00:00Z,217.45,219.31,213.15,213.25,1237048,11178,214.758
2018-03-23T04:00:00Z,214.14,215.21,210.39,210.6,1988496,18098,212.712
2018-03-26T04:00:00Z,212.97,215.6,211.08,215.25,1270727,12941,213.932
2018-03-27T04:00:00Z,215.81,217,211.72,213.02,1540245,13754,213.989
2018-03-28T04:00:00Z,213.81,214.87,211.8,212.43,1076522,11749,213.004
2018-03-29T04:00:00Z,213.03,219.13,212.02,216.7,1675992,14087,216.653
2018-04-02T04:00:00Z,215.99,216.57,210.21,213.3,1693872,17134,212.527
2018-04-03T04:00:00Z,213.88,217.01,211.84,216.82,1595111,16350,215.201
2018-04-04T04:00:00Z,214.52,219.1,213.36,218.78,1731179,16124,216.413
2018-04-05T04:00:00Z,219.82,220.59,218.06,220.13,1171552,10974,219.827
2018-04-06T04:00:00Z,218.56,219.77,212.205,215.5,1482734,15480,215.264
2018-04-09T04:00:00Z,216.22,220.28,215.69,217.4,1426141,11398,217.993
2018-04-10T04:00:00Z,221.59,226.645,221.19,223.65,1781814,20247,224.206
2018-04-11T04:00:00Z,222.16,223.3,221.05,222.11,933040,9887,222.024
2018-04-12T04:00:00Z,223.83,224.64,222.58,223.45,1050264,10490,223.586
2018-04-13T04:00:00Z,224.54,226.45,223.64,225.37,1075641,10617,225.224
2018-04-16T04:00:00Z,226.53,231.3,226.23,229.57,1237225,15304,229.666
2018-04-17T04:00:00Z,230.93,234,229.39,233.43,1194339,12488,232.63
2018-04-18T04:00:00Z,233.92,235,232.65,234.39,816900,9141,234.203
2018-04-19T04:00:00Z,234.39,236.125,233.81,235.24,1094080,13163,234.998
2018-04-20T04:00:00Z,235.82,235.87,232.053,232.88,1130386,9951,233.385
2018-04-23T04:00:00Z,233.86,234,231.82,233.02,879044,7906,232.884
2018-04-24T04:00:00Z,233.76,234.87,228.72,230.88,1107079,12899,231.788
2018-04-25T04:00:00Z,230.01,230.89,227.72,229.49,1198705,12889,229.054
2018-04-26T04:00:00Z,230.21,233.19,229.34,232.89,965764,10494,232.123
2018-04-27T04:00:00Z,232.8,234.59,231.61,234.26,992062,11168,233.42
2018-04-30T04:00:00Z,235.25,235.95,231.82,231.87,1721151,12025,232.696
2018-05-01T04:00:00Z,230.77,233.8,230.675,233.71,1079133,12272,232.54
2018-05-02T04:00:00Z,232.82,234.1,230.19,230.19,1548692,16523,231.664
2018-05-03T04:00:00Z,230.39,230.39,222.36,227.13,1764831,19466,225.936
2018-05-04T04:00:00Z,225.6,226.89,222.87,224.66,1567493,16018,224.652
2018-05-07T04:00:00Z,225.07,226.8,224.59,225.18,1060245,11200,225.541
2018-05-08T04:00:00Z,224.45,225,219.8,221.35,1572710,15607,221.989
2018-05-09T04:00:00Z,222.46,224.44,218.73,223.39,1111189,13174,222.162
2018-05-10T04:00:00Z,224.01,226.25,223.09,225.49,1124797,9752,225.172
2018-05-11T04:00:00Z,225.86,226.69,223.57,225.24,1048745,10118,225.337
2018-05-14T04:00:00Z,225.51,227.82,225.35,227.18,1151052,13052,226.973
2018-05-15T04:00:00Z,225.98,227.39,223.57,224.75,1400321,14461,224.997
2018-05-16T04:00:00Z,224.46,225.97,223.67,224.87,1276428,11488,224.809
2018-05-17T04:00:00Z,225.05,225.56,223.33,224.22,1292243,13899,224.383
2018-05-18T04:00:00Z,223.9,225.37,223.18,225.01,1091073,9731,224.548
2018-05-21T04:00:00Z,225.82,229.16,225.32,228.76,1418622,13778,228.129
2018-05-22T04:00:00Z,230.5,230.5,224.83,225.54,1273800,13738,225.879
2018-05-23T04:00:00Z,224.24,227.08,224.24,226.25,1583699,12838,226.085
2018-05-24T04:00:00Z,226,227.36,225.1,225.6,1134957,10546,225.829
2018-05-25T04:00:00Z,225.11,225.8,223.14,223.73,1113795,10437,224.158
2018-05-29T04:00:00Z,221.97,221.97,218.6,219.91,1489976,14253,219.967
2018-05-30T04:00:00Z,221.45,223.84,220.16,223.52,1280342,12927,222.67
2018-05-31T04:00:00Z,223.21,224.81,221.08,221.59,4593836,15531,221.726
2018-06-01T04:00:00Z,223.32,225.25,223.035,224.94,1065879,11606,224.551
2018-06-04T04:00:00Z,226.02,228.825,225.04,228.33,982088,10002,227.822
2018-06-05T04:00:00Z,228.53,228.9,227.03,227.72,1138840,11460,227.863
2018-06-06T04:00:00Z,228.03,232.15,227.23,231.61,1177047,11404,230.801
2018-06-07T04:00:00Z,231.56,231.75,227.81,229.79,1028678,9849,229.243
2018-06-08T04:00:00Z,230.1,231.93,228.845,231.84,821575,8430,231.04
2018-06-11T04:00:00Z,231.84,234.209,230.47,232.57,1349389,12067,232.681
2018-06-12T04:00:00Z,232.73,234.47,232.5,233.64,1209195,10437,233.652
2018-06-13T04:00:00Z,234,235.19,231.99,232.26,821573,8251,232.959
2018-06-14T04:00:00Z,233.33,233.65,231.46,232.82,874447,10100,232.611
2018-06-15T04:00:00Z,232.41,232.97,231.37,232.16,2001856,11183,232.219
2018-06-18T04:00:00Z,230.26,231.63,227.06,231.09,1166835,10701,230.323
2018-06-19T04:00:00Z,229.64,230.235,228.6,230.02,1387878,9105,229.72
2018-06-20T04:00:00Z,229.77,231.49,229.68,230.12,821857,8048,230.353
2018-06-21T04:00:00Z,233,235.56,230.91,233.24,1255433,12440,233.126
2018-06-22T04:00:00Z,234.52,239.16,233.65,237.6,4856050,17605,237.654
2018-06-25T04:00:00Z,237.6,237.71,232.95,234.75,1140062,13219,234.437
2018-06-26T04:00:00Z,234.75,241.2,234.75,239.5,2086795,20156,238.915
2018-06-27T04:00:00Z,239.78,242.34,236.7,236.7,1756320,18249,238.657
2018-06-28T04:00:00Z,236.36,240.24,235.02,239.7,1338014,14209,238.452
2018-06-29T04:00:00Z,239.42,242.64,239.32,239.56,1520806,11679,240.346
2018-07-02T04:00:00Z,237.08,239.225,235.33,238.9,907949,11128,237.945
2018-07-03T04:00:00Z,239.61,241.24,238.33,240.48,738724,7814,240.5
2018-07-05T04:00:00Z,241.13,242.6,240.31,242.18,1125622,10600,241.816
2018-07-06T04:00:00Z,242.68,244.94,241.87,242.86,983946,10405,243.128
2018-07-09T04:00:00Z,244.15,245.54,243.72,244.66,997153,11060,244.579
2018-07-10T04:00:00Z,245,245.74,243.66,244.55,1120766,11031,244.701
2018-07-11T04:00:00Z,243.28,245.535,242.27,244.63,1086495,9356,244.605
2018-07-12T04:00:00Z,245.48,247.14,244.75,246.74,687495,10267,246.426
2018-07-13T04:00:00Z,247.71,247.87,246.46,247.1,609674,6416,247.163
2018-07-16T04:00:00Z,246.56,246.99,244.67,245.13,661397,8006,245.337
2018-07-17T04:00:00Z,245.35,248.39,244.7,247.75,804377,8590,247.127
2018-07-18T04:00:00Z,247.75,248.57,245.63,246.15,701661,7328,246.255
2018-07-19T04:00:00Z,246.05,248.545,244.76,246.98,1162249,10091,246.905
2018-07-20T04:00:00Z,246.01,248.35,246.01,247.03,850887,8008,247.116
2018-07-23T04:00:00Z,246.46,248.628,246.1,248.21,523148,6001,247.949
2018-07-24T04:00:00Z,248.56,249.93,247.21,248.48,999136,8732,248.667
2018-07-25T04:00:00Z,246.66,251.54,246,251.16,852693,10092,249.92
2018-07-26T04:00:00Z,251.6,252.74,249.044,251.37,1025958,11649,251.466
2018-07-27T04:00:00Z,251.08,252.1,248.81,250.2,1198617,15552,250.423
2018-07-30T04:00:00Z,249.214,250.63,246.14,247.26,1189305,13143,247.917
2018-07-31T04:00:00Z,248.23,250.97,247.17,250.37,1423096,12223,249.924
2018-08-01T04:00:00Z,250.05,252.49,249.23,250,1425032,15972,250.904
2018-08-02T04:00:00Z,245.92,247.06,239.8,245.1,2050103,23061,243.768
2018-08-03T04:00:00Z,246.63,248.46,244.74,247.12,1150118,13326,247.122
2018-08-06T04:00:00Z,247.22,248.91,246.56,248.32,1037483,11865,248.165
2018-08-07T04:00:00Z,248.23,248.78,247.17,247.98,805680,11467,247.924
2018-08-08T04:00:00Z,248.98,252.17,248.36,251.4,1288090,15015,251.026
2018-08-09T04:00:00Z,252.66,253.77,251.18,251.5,781494,9591,251.939
2018-08-10T04:00:00Z,250.53,251.78,248.67,249.33,1824404,9194,249.346
2018-08-13T04:00:00Z,249.52,251.05,247.6,248.23,894562,6230,248.599
2018-08-14T04:00:00Z,248.29,251.326,247.73,250.4,680216,7887,250.24
2018-08-15T04:00:00Z,249.82,251.73,248.42,251.03,946586,10746,250.538
2018-08-16T04:00:00Z,251.88,253.42,250.77,252.63,529694,6419,252.465
2018-08-17T04:00:00Z,253.26,253.895,251.46,253.12,618167,7247,252.888
2018-08-20T04:00:00Z,254,254.35,252.44,252.81,596468,7233,253.079
2018-08-21T04:00:00Z,253.99,254.99,251.32,251.35,915448,10271,252.076
2018-08-22T04:00:00Z,250.61,253.4,249.04,252.86,543005,7155,252.411
2018-08-23T04:00:00Z,253.67,254.66,252.74,253.84,556246,6559,253.77
2018-08-24T04:00:00Z,254,255.8,253.851,255.4,548015,5757,255.27
2018-08-27T04:00:00Z,256.41,256.92,254.66,256.3,530050,7654,256.052
2018-08-28T04:00:00Z,256.87,257.99,256.365,257.65,717844,9235,257.456
2018-08-29T04:00:00Z,257.5,259.99,257.5,259.35,1066323,10220,259.187
2018-08-30T04:00:00Z,258.9,261.115,258.9,260.32,862139,11778,260.255
2018-08-31T04:00:00Z,260,262.67,259.76,261.87,1093303,10231,261.713
2018-09-04T04:00:00Z,262.14,263.37,261.43,261.93,1299695,13562,262.048
2018-09-05T04:00:00Z,261,261.53,256.64,257.58,1011366,13473,257.726
2018-09-06T04:00:00Z,257.89,258.04,254.65,255.66,1505129,16488,255.77
2018-09-07T04:00:00Z,254.5,255.99,253.77,254.37,1175890,14536,254.655
2018-09-10T04:00:00Z,255.72,256.61,254.52,254.57,908490,10253,255.036
2018-09-11T04:00:00Z,253.76,256.06,253.21,255.18,1224914,11444,254.982
2018-09-12T04:00:00Z,255.68,258.97,255.25,258.35,1424847,12911,257.462
2018-09-13T04:00:00Z,259.57,261.7,259.25,261,971486,10663,260.791
2018-09-14T04:00:00Z,261.01,261.7,259.96,260.63,664511,8679,260.722
2018-09-17T04:00:00Z,260,260.42,256.42,257.23,1041324,12206,257.578
2018-09-18T04:00:00Z,256.79,260.5,256.61,259.75,1013182,11507,259.537
2018-09-19T04:00:00Z,260.31,261.01,259.16,260.04,976807,9054,260.121
2018-09-20T04:00:00Z,261.17,262.345,260.41,261.89,1005373,10417,261.727
2018-09-21T04:00:00Z,261.69,262.7,260.55,261.52,2270914,9958,261.63
2018-09-24T04:00:00Z,260.73,262.76,260.57,262.4,1054104,9415,262.026
2018-09-25T04:00:00Z,263.32,263.8,261.79,262.17,599178,7643,262.348
2018-09-26T04:00:00Z,262.17,264.47,260.8,261.66,948513,9395,262.357
2018-09-27T04:00:00Z,262.16,262.16,259.85,259.99,590227,6788,260.456
2018-09-28T04:00:00Z,259.66,261.93,258.76,261,1122564,9826,260.828
2018-10-01T04:00:00Z,262,265.87,262,264.38,1126952,12159,264.577
2018-10-02T04:00:00Z,264.15,264.68,261.79,263.9,777885,8186,263.871
2018-10-03T04:00:00Z,263.05,263.44,258.31,258.7,1154781,11877,260.029
2018-10-04T04:00:00Z,258.44,258.77,252.24,253.38,1155687,14145,253.64
2018-10-05T04:00:00Z,253.44,254.89,251.41,253.77,1301828,10371,253.426
2018-10-08T04:00:00Z,253.77,254.075,248.16,250.37,1004046,10984,250.676
2018-10-09T04:00:00Z,249.71,252.26,248.594,250.5,666034,8938,250.571
2018-10-10T04:00:00Z,249.42,249.99,242.19,242.77,1161749,13092,244.771
2018-10-11T04:00:00Z,242,244.695,237.092,238.49,1908098,18643,240.107
2018-10-12T04:00:00Z,242.66,245.41,239.93,242.62,1272772,13166,242.621
2018-10-15T04:00:00Z,242.45,242.85,238.31,238.31,1326819,12869,239.363
2018-10-16T04:00:00Z,239.9,244.58,238.72,244.3,1768987,20868,241.941
2018-10-17T04:00:00Z,243.93,245.6,242.65,244.98,918518,11757,244.478
2018-10-18T04:00:00Z,245.15,245.15,238.16,239.8,910512,10176,240.424
2018-10-19T04:00:00Z,239.37,240.92,237.28,238.09,1396512,13411,238.524
2018-10-22T04:00:00Z,238.87,239.475,235.12,235.34,1132770,9684,235.727
2018-10-23T04:00:00Z,232.18,232.84,227.12,231.37,1903711,19984,229.9
2018-10-24T04:00:00Z,231.38,233.96,226.69,227.36,1540874,14822,230.095
2018-10-25T04:00:00Z,228.88,233.1,226.67,231.45,1363588,14528,231.021
2018-10-26T04:00:00Z,228.8,232.01,226.25,229,1474270,15496,228.803
2018-10-29T04:00:00Z,231.89,232.94,225.34,228.5,881869,11687,229.283
2018-10-30T04:00:00Z,229.22,231.38,226.96,230.6,1383623,12280,229.792
2018-10-31T04:00:00Z,232.91,234.09,230.205,230.5,1815440,15387,231.284
2018-11-01T04:00:00Z,230.69,234.31,229.76,234.16,1236489,11197,233.341
2018-11-02T04:00:00Z,235.59,237.839,232.03,235.58,1324283,15382,235.053
2018-11-05T05:00:00Z,235.72,238.36,234.61,237.32,1951621,21976,236.761
2018-11-06T05:00:00Z,226.06,241.05,225,240.69,2857981,28958,236.077
2018-11-07T05:00:00Z,242.82,243.05,236,236.86,2978786,26438,237.723
2018-11-08T05:00:00Z,236.8,244.54,236.29,244.48,1684097,17298,242.71
2018-11-09T05:00:00Z,242.23,244.12,239.995,243.26,1116324,12829,242.527
2018-11-12T05:00:00Z,243.1,243.1,236.11,236.22,1198563,11133,237.497
2018-11-13T05:00:00Z,236.48,239.16,233.3,234.5,1076460,10547,235.082
2018-11-14T05:00:00Z,236,237.24,233.56,235.24,1012458,12544,235.388
2018-11-15T05:00:00Z,233.91,240.2,232.42,240.04,1135948,13808,237.892
2018-11-16T05:00:00Z,238.76,248.13,238.29,246.07,1386965,14573,245.3
2018-11-19T05:00:00Z,245.92,247.655,242.19,243.4,1054307,12214,243.75
2018-11-20T05:00:00Z,241.9,242.85,238.04,239.36,1864969,19530,240.316
2018-11-21T05:00:00Z,241.13,244.4,240.54,242.04,1095345,14060,242.574
2018-11-23T05:00:00Z,240.8,243.63,240.19,242.02,409393,4734,242.112
2018-11-26T05:00:00Z,243.31,244.33,241.99,242.1,1342700,12725,242.599
2018-11-27T05:00:00Z,241.33,243.84,239.44,243.51,1043406,11351,242.495
2018-11-28T05:00:00Z,243.8,249.66,243.75,249.64,1216662,11857,248.35
2018-11-29T05:00:00Z,248.67,251.41,248.14,250.1,1107560,10330,250.21
2018-11-30T05:00:00Z,250.38,253.32,249.32,252.75,1606354,12875,252.502
2018-12-03T05:00:00Z,253.94,256.04,251.47,252.56,1601632,14875,252.872
2018-12-04T05:00:00Z,252.76,253.29,244.55,244.92,1639127,16763,247.644
2018-12-06T05:00:00Z,242.54,243.29,234.82,241.23,2139656,24401,239.3
2018-12-07T05:00:00Z,240.97,241.93,233.59,234.44,1385475,16074,235.592
2018-12-10T05:00:00Z,234.11,237.3,230.001,236.43,969546,13465,234.599
2018-12-11T05:00:00Z,238.87,241.58,235,236.66,1200276,15037,237.569
2018-12-12T05:00:00Z,239.55,241.75,235.39,235.56,1155601,13704,237.394
2018-12-13T05:00:00Z,236.65,238.39,234.72,236.89,1257894,14392,236.564
2018-12-14T05:00:00Z,234.32,234.62,230.52,231.45,1279739,15533,232.154
2018-12-17T05:00:00Z,230.01,230.29,224.405,225.85,1387888,15364,226.614
2018-12-18T05:00:00Z,227.85,228,221.12,223.16,1438152,15892,224.087
2018-12-19T05:00:00Z,224.28,228.68,220.64,222.24,1887259,20088,224.045
2018-12-20T05:00:00Z,220.93,223.114,215.75,217.48,2296555,27959,218.022
2018-12-21T05:00:00Z,216.74,220.05,213.935,214.26,3384175,24437,215.402
2018-12-24T05:00:00Z,213.38,213.77,209.8,209.85,980329,10317,211.379
2018-12-26T05:00:00Z,210.42,217.89,208.62,217.86,1119291,13017,214.29
2018-12-27T05:00:00Z,215.43,222.25,214.04,222.22,1392996,14371,219.403
2018-12-28T05:00:00Z,223.88,224.37,221.02,221.99,907519,12526,222.405
2018-12-31T05:00:00Z,223.73,225.91,222.82,225.32,810670,8033,224.738
2019-01-02T05:00:00Z,221.97,223.012,218.22,220.08,1400790,13990,220.18
2019-01-03T05:00:00Z,218.09,218.745,210.72,211.2,2139446,19197,212.285
2019-01-04T05:00:00Z,213.3,218.59,213.3,216.99,2210027,20461,217.114
2019-01-07T05:00:00Z,216.82,222.74,216.34,218.64,1926284,18976,219.495
2019-01-08T05:00:00Z,220.22,223.01,219.85,222.7,1269562,15560,222.026
2019-01-09T05:00:00Z,224.26,229.01,223.82,227.45,1268721,15806,227.247
2019-01-10T05:00:00Z,226.33,229.69,225.34,229.45,997619,11169,228.576
2019-01-11T05:00:00Z,228.38,229.53,226.58,228.87,1070893,11126,228.254
2019-01-14T05:00:00Z,227.4,229.18,226.35,226.38,1120714,11440,227.192
2019-01-15T05:00:00Z,227.01,231.14,227.01,230.78,951350,11610,230.192
2019-01-16T05:00:00Z,231.6,232.97,230.151,231.27,880386,10187,231.464
2019-01-17T05:00:00Z,235.09,237.11,232.002,236.11,1780011,19552,235.721
2019-01-18T05:00:00Z,237.31,242.25,236.3,242.08,1443200,17263,240.062
2019-01-22T05:00:00Z,240.76,241.71,237.55,239.19,1255384,13494,239.072
2019-01-23T05:00:00Z,239.05,240.92,236.03,239.14,824264,10665,238.784
2019-01-24T05:00:00Z,238.64,241.02,237.59,240.72,891483,10413,239.719
2019-01-25T05:00:00Z,242,244.78,240.92,243.06,1346918,13981,242.962
2019-01-28T05:00:00Z,241.12,242.2,239.7,241.84,811255,11508,241.249
2019-01-29T05:00:00Z,241.88,244.775,241.73,242.45,1101600,13030,242.915
2019-01-30T05:00:00Z,242.95,246.398,241.815,245.48,946811,12537,244.253
2019-01-31T05:00:00Z,244.76,249.87,243.375,249.46,1752588,18263,247.971
2019-02-01T05:00:00Z,249.27,250.11,245.5,247.42,1067368,12789,247.327
2019-02-04T05:00:00Z,246.99,248,244.17,247.16,1061387,12431,246.462
2019-02-05T05:00:00Z,248,254,241.39,242.41,2383908,25093,242.967
2019-02-06T05:00:00Z,242.24,245.44,241.877,243.07,1418015,14643,243.019
2019-02-07T05:00:00Z,241.25,243.22,239.95,241.56,1061569,12526,241.346
2019-02-08T05:00:00Z,240.67,242.26,237.75,242.21,1031723,12871,240.912
2019-02-11T05:00:00Z,242.97,244.81,241.745,242.78,839123,11951,242.655
2019-02-12T05:00:00Z,243.71,246.52,242.37,246.26,1332937,12953,245.697
2019-02-13T05:00:00Z,247.25,247.73,244.73,245.05,1006361,11628,245.527
2019-02-14T05:00:00Z,244.3,245.95,243,244.51,971051,12288,244.681
2019-02-15T05:00:00Z,246.85,248.39,245,248.34,1975403,13225,247.675
2019-02-19T05:00:00Z,247.65,248.6,246.99,248.04,802817,11260,248.032
2019-02-20T05:00:00Z,247.68,249.19,246.92,249.06,972126,9139,248.584
2019-02-21T05:00:00Z,249.05,249.05,246.393,247.69,781087,12596,247.534
2019-02-22T05:00:00Z,248.18,249.85,247.87,249.66,796765,10271,249.274
2019-02-25T05:00:00Z,250.58,252,249.985,250.28,1120089,15534,250.688
2019-02-26T05:00:00Z,250.22,250.59,248.07,249.11,896533,10748,249.12
2019-02-27T05:00:00Z,247.95,250.32,247.79,250.29,796678,12038,249.706
2019-02-28T05:00:00Z,250.21,251.83,248.62,248.79,1519744,13957,249.511
2019-03-01T05:00:00Z,250.53,254.47,249.9,254.37,1081839,12966,253.535
2019-03-04T05:00:00Z,255.44,255.62,249.86,252.86,901778,14268,252.721
2019-03-05T05:00:00Z,252.85,252.87,250.13,252.23,647811,9915,252.05
2019-03-06T05:00:00Z,252.51,252.69,247.425,248.58,949504,12485,248.89
2019-03-07T05:00:00Z,247.94,248.28,245.47,246.67,832760,13132,246.586
2019-03-08T05:00:00Z,245.62,247.01,243.58,246.72,894952,12819,245.677
2019-03-11T04:00:00Z,247.9,249.97,247.73,249.94,753161,9424,249.392
2019-03-12T04:00:00Z,250.8,252.35,250.06,250.58,946387,12327,251.059
2019-03-13T04:00:00Z,251.79,254.94,251.29,253.63,924781,11252,253.622
2019-03-14T04:00:00Z,253.74,253.74,251.32,252.26,976769,11911,252.25
2019-03-15T04:00:00Z,252.82,257.16,252.56,253.92,2451157,17731,254.167
2019-03-18T04:00:00Z,249,249.25,242.04,244.67,2058065,22376,244.314
2019-03-19T04:00:00Z,244.69,247.65,242.62,247.57,1525502,18149,246.063
2019-03-20T04:00:00Z,247.63,247.63,242.19,243.15,1450336,16563,243.997
2019-03-21T04:00:00Z,242.95,245.68,242.6,245.42,1209024,14107,244.646
2019-03-22T04:00:00Z,244.43,244.74,240.04,240.12,1247342,15691,241.196
2019-03-25T04:00:00Z,240.73,241.52,238.207,241.25,1307148,14681,240.392
2019-03-26T04:00:00Z,243.34,248.03,243.34,247,1475287,17818,246.542
2019-03-27T04:00:00Z,247.22,247.9,244.16,245.6,1167018,14849,245.953
2019-03-28T04:00:00Z,246.12,247.39,244.67,247,1095738,11429,246.35
2019-03-29T04:00:00Z,248.59,249.99,247.19,249.73,1749924,14402,249.09
2019-04-01T04:00:00Z,250.88,252.75,250.19,251.39,1181428,15815,251.13
2019-04-02T04:00:00Z,251.41,252.02,250.41,250.74,1061945,13168,250.94
2019-04-03T04:00:00Z,251.53,251.55,248.36,249.39,1482371,15272,249.411
2019-04-04T04:00:00Z,249.88,251.88,248.42,251.59,1263324,14186,250.425
2019-04-05T04:00:00Z,252.52,253.65,250.94,251.28,1579371,15229,251.658
2019-04-08T04:00:00Z,251.83,251.83,249.11,250.99,1384826,15217,250.491
2019-04-09T04:00:00Z,249.33,250.47,247.65,249.77,1407103,14517,249.421
2019-04-10T04:00:00Z,249.94,253.83,249.39,252.23,904516,11766,252.307
2019-04-11T04:00:00Z,253.21,253.34,251.24,251.73,1024677,12327,252.174
2019-04-12T04:00:00Z,252.61,253.6,246.37,246.71,1437931,18756,248.229
2019-04-15T04:00:00Z,246.79,247.69,245.185,246.2,1230753,14250,246.091
2019-04-16T04:00:00Z,247.5,249.07,239.64,240.02,1659934,18730,242.249
2019-04-17T04:00:00Z,240.71,240.71,221.51,225.87,4863496,43879,227.438
2019-04-18T04:00:00Z,226,230.88,223.63,227.89,2651771,28932,227.053
2019-04-22T04:00:00Z,227.12,229.525,224.61,225.04,1639872,17262,225.584
2019-04-23T04:00:00Z,225.2,231.24,224.28,228.04,2668144,28783,228.051
2019-04-24T04:00:00Z,227.87,233.28,226.09,232.5,1893473,20109,231.578
2019-04-25T04:00:00Z,231.77,238.36,230.7,237.43,1922717,21140,236.556
2019-04-26T04:00:00Z,238.51,239,236.055,238.12,894667,11283,237.539
2019-04-29T04:00:00Z,237.31,238.94,235.7,236.71,1184981,12160,236.726
2019-04-30T04:00:00Z,237.43,240.95,233.91,240.74,2067071,17510,239.399
2019-05-01T04:00:00Z,240.29,240.73,235.1,235.65,1066698,12812,236.518
2019-05-02T04:00:00Z,235.63,237.69,234.31,236.67,1065661,12576,236.112
2019-05-03T04:00:00Z,237.9,238.095,235.91,237.89,1025141,12259,237.405
2019-05-06T04:00:00Z,232.64,238.9,232.64,238.52,1508812,17137,235.724
2019-05-07T04:00:00Z,236.8,237.52,231,232.55,1596809,19736,233.318
2019-05-08T04:00:00Z,233.05,234.01,230.69,232.33,1665144,20296,232.278
2019-05-09T04:00:00Z,224.96,231.51,222.5,229.8,3063441,34334,226.667
2019-05-10T04:00:00Z,228.27,229.79,223.57,225.4,2583475,31368,225.945
2019-05-13T04:00:00Z,223,228.35,222.5,223.69,1719048,23688,224.432
2019-05-14T04:00:00Z,223.82,227.09,222.78,222.84,1543214,16834,224.003
2019-05-15T04:00:00Z,222.07,227.19,221.47,225.41,1550688,20023,225.248
2019-05-16T04:00:00Z,225.315,228.03,224.52,225.93,1665553,20023,226.489
2019-05-17T04:00:00Z,223.93,229.79,223.9,228.36,3019200,21396,228.271
2019-05-20T04:00:00Z,227.63,230.75,227.24,229.36,1673577,21412,229.303
2019-05-21T04:00:00Z,230.54,235.235,230.54,233.97,1900961,23233,234.208
2019-05-22T04:00:00Z,233.29,236.42,232.43,235.68,1365031,17968,234.952
2019-05-23T04:00:00Z,235.04,235.04,231.92,234,1209908,17278,233.386
2019-05-24T04:00:00Z,234.81,238.33,234.12,235.19,1446151,15122,235.96
2019-05-28T04:00:00Z,236.5,239.46,234.15,234.16,2952115,21382,235.393
2019-05-29T04:00:00Z,233.56,236.885,232.49,234,1240329,16339,234.345
2019-05-30T04:00:00Z,234.16,237.61,233.875,237.2,770856,11595,236.546
2019-05-31T04:00:00Z,235.59,235.735,233.22,233.44,1207343,14136,233.852
2019-06-03T04:00:00Z,233.62,236.05,231.25,232.66,1281601,17769,233.343
2019-06-04T04:00:00Z,234.77,236.49,233.06,235.22,1120121,15456,234.923
2019-06-05T04:00:00Z,237.34,241.16,235.34,239.36,1602665,18314,239.088
2019-06-06T04:00:00Z,237.71,238.02,233.09,236.63,1826561,17714,236.574
2019-06-07T04:00:00Z,238.18,239.54,237.15,238.38,1414213,15633,238.456
2019-06-10T04:00:00Z,239.33,241.46,238.35,240.21,1357045,15780,240.338
2019-06-11T04:00:00Z,241.33,241.84,236.18,237.02,1014815,14764,237.724
2019-06-12T04:00:00Z,236.27,239.24,236.025,236.97,1084796,13933,236.985
2019-06-13T04:00:00Z,237.82,237.82,234.65,237.04,1297059,14592,236.133
2019-06-14T04:00:00Z,237.42,237.42,234.03,234.16,1104614,12028,235.339
2019-06-17T04:00:00Z,234.42,235.6,233.11,234.19,1112109,11748,234.501
2019-06-18T04:00:00Z,235.22,237.53,235.22,236.56,976045,14142,236.501
2019-06-19T04:00:00Z,236.56,239.09,236.055,238.24,1625707,19979,238.063
2019-06-20T04:00:00Z,240,245.34,239.36,245.12,1733917,18368,243.134
2019-06-21T04:00:00Z,245.45,248.4,244.25,247.3,3002022,22258,246.817
2019-06-24T04:00:00Z,247.69,250.08,246.6,249.98,1238394,14368,249.248
2019-06-25T04:00:00Z,250,252.41,247.96,248.22,1574199,19114,249.545
2019-06-26T04:00:00Z,248.29,248.805,244.12,248.11,1401198,15341,247.386
2019-06-27T04:00:00Z,249.26,251.331,248.36,249.15,1082012,12205,249.634
2019-06-28T04:00:00Z,250.38,252.11,249.45,252.01,1995875,15431,251.57
2019-07-01T04:00:00Z,253.16,254.95,251.3,254.55,1127129,15529,253.607
2019-07-02T04:00:00Z,254.8,255,251.504,253.86,933466,12871,253.001
2019-07-03T04:00:00Z,254.17,255.24,252.64,255.24,784192,7700,254.865
2019-07-05T04:00:00Z,253.39,255.02,251.31,254.2,661379,9083,253.512
2019-07-08T04:00:00Z,253.18,254,250.73,250.97,1268202,12716,251.369
2019-07-09T04:00:00Z,249.97,252.125,249.59,251.72,1008572,14572,251.233
2019-07-10T04:00:00Z,252.3,254.73,252.3,253.47,803906,11362,253.629
2019-07-11T04:00:00Z,254.59,256.27,252.925,256.17,1079240,11442,254.765
2019-07-12T04:00:00Z,256.05,256.28,251.25,252.88,712257,11238,253.044
2019-07-15T04:00:00Z,253.37,254.3,251.79,253.24,743522,10623,253.147
2019-07-16T04:00:00Z,254,254.07,250.74,251.38,670439,11595,251.692
2019-07-17T04:00:00Z,252.59,252.655,250.32,251.85,775453,11358,251.432
2019-07-18T04:00:00Z,250.99,254.04,250.9,253.83,599466,9518,253.115
2019-07-19T04:00:00Z,254.12,254.155,250.71,250.84,845909,9717,252.027
2019-07-22T04:00:00Z,251.48,252.81,251.135,252.51,1115064,11404,252.157
2019-07-23T04:00:00Z,253.03,255.85,252.28,255.79,829982,10735,254.869
2019-07-24T04:00:00Z,255.62,256.62,252.85,256.25,880457,11083,255.689
2019-07-25T04:00:00Z,255.08,257.34,253.84,254.15,933284,13219,255.202
2019-07-26T04:00:00Z,255.36,256.46,253.51,254.39,744907,8883,254.602
2019-07-29T04:00:00Z,254.88,255.69,252.88,254.79,828795,12778,254.713
2019-07-30T04:00:00Z,253.49,258.06,253.38,258.03,659631,10721,257.11
2019-07-31T04:00:00Z,257.42,258.045,251.7,252.8,1916715,17676,254.157
2019-08-01T04:00:00Z,252.9,257.725,251.64,252.35,1125846,15268,253.353
2019-08-02T04:00:00Z,252.38,252.67,247.05,248.69,1269834,19570,248.524
2019-08-05T04:00:00Z,245,245.45,236,236.34,2429034,28150,238.652
2019-08-06T04:00:00Z,239.63,245,229,242.14,2794309,33975,237.703
2019-08-07T04:00:00Z,240.18,245.44,237.2,244.69,1642992,20881,242.971
2019-08-08T04:00:00Z,246.53,252.04,245.51,251.57,1455885,15970,250.599
2019-08-09T04:00:00Z,252.52,255.13,251.9,254.35,1277318,15414,253.824
2019-08-12T04:00:00Z,252.78,254.755,248.465,249.41,524763,10338,251.424
2019-08-13T04:00:00Z,249.27,254.56,248.72,253.34,1065434,14167,252.972
2019-08-14T04:00:00Z,250.45,251.61,244.53,244.71,1149800,17790,246.462
2019-08-15T04:00:00Z,244.65,247.74,244.47,246.35,1052877,14596,246.327
2019-08-16T04:00:00Z,248.13,248.94,247.075,248.33,869233,10989,248.088
2019-08-19T04:00:00Z,251.05,252.69,249.43,251.48,780191,10390,251.49
2019-08-20T04:00:00Z,251.74,254.37,249.15,249.28,1009809,12450,250.836
2019-08-21T04:00:00Z,250.77,253.5,250.71,253.37,1260684,11032,252.897
2019-08-22T04:00:00Z,254,257.09,253.965,255.18,1272710,15705,255.319
2019-08-23T04:00:00Z,254.65,255.81,247.235,248.31,1298631,16448,249.416
2019-08-26T04:00:00Z,250.34,251.2,247.55,248.81,821791,10623,248.744
2019-08-27T04:00:00Z,251.01,253.355,248.19,250.32,1068338,12549,250.62
2019-08-28T04:00:00Z,249.02,253.94,248.91,253.01,630937,10175,252.825
2019-08-29T04:00:00Z,255.2,255.555,253.72,255.04,594267,10540,254.912
2019-08-30T04:00:00Z,256.72,256.72,252.82,253.92,1037289,10010,254.097
2019-09-03T04:00:00Z,251.16,252.705,245.91,248.03,948544,16886,248.371
2019-09-04T04:00:00Z,250.08,255.09,249.27,254.71,1119634,17442,253.305
2019-09-05T04:00:00Z,257.6,258.945,256.22,258.48,1143083,15450,257.885
2019-09-06T04:00:00Z,258.92,264.74,257.42,262.48,1440942,19303,262.151
2019-09-09T04:00:00Z,263.42,263.51,256.95,257.8,1011089,17571,258.895
2019-09-10T04:00:00Z,257.08,260.51,253.22,260.51,1875192,20084,257.603
2019-09-11T04:00:00Z,260.05,261.47,255.29,261,1303077,19417,260.327
2019-09-12T04:00:00Z,263.61,263.84,258.99,262.15,1211237,17616,261.4
2019-09-13T04:00:00Z,262.82,262.87,259.825,260.7,770402,11483,260.985
2019-09-16T04:00:00Z,259.28,259.86,257.95,258.73,954593,11818,258.932
2019-09-17T04:00:00Z,259.81,259.93,257.57,258.15,1013793,11182,258.514
2019-09-18T04:00:00Z,258,259.305,255.19,257.52,907026,11707,257.383
2019-09-19T04:00:00Z,257.54,259.07,256.06,256.38,990974,12308,257.103
2019-09-20T04:00:00Z,255.6,256.625,253.28,253.55,2297040,19582,254.419
2019-09-23T04:00:00Z,253.39,255.54,253.08,253.43,1103271,12930,253.915
2019-09-24T04:00:00Z,254.64,256.11,249.5,251.02,1369614,17622,252.046
2019-09-25T04:00:00Z,250.9,254.66,250.5,253.95,982053,13496,253.61
2019-09-26T04:00:00Z,254.83,254.83,248.205,250.54,1141672,14605,250.715
2019-09-27T04:00:00Z,252.29,252.31,247.48,248.03,995973,12826,249.179
2019-09-30T04:00:00Z,249.05,254.41,248.76,252.96,1824350,19082,251.879
2019-10-01T04:00:00Z,254.22,256.34,250.1,250.64,980318,14603,251.461
2019-10-02T04:00:00Z,249.25,250.21,245.08,247.87,1197504,18000,247.469
2019-10-03T04:00:00Z,247.57,251.25,245.08,250.91,937416,12920,250.121
2019-10-04T04:00:00Z,251.88,253.3,250.36,253.11,718324,10089,252.469
2019-10-07T04:00:00Z,251.8,253,249.48,249.58,1018469,12725,250.353
2019-10-08T04:00:00Z,247.8,248.23,244.085,244.48,978112,14610,245.171
2019-10-09T04:00:00Z,246.37,248.63,245.35,247.81,698081,8555,247.456
2019-10-10T04:00:00Z,246.58,249.61,245.71,248.54,645892,10213,248.403
2019-10-11T04:00:00Z,251.99,254.98,251.38,252.86,938078,14191,253.47
2019-10-14T04:00:00Z,252.86,252.86,250.455,250.72,677351,10291,251.234
2019-10-15T04:00:00Z,252.41,254.54,251.02,253.28,967286,11661,253.472
2019-10-16T04:00:00Z,252.44,254.02,250.92,252.94,1208603,12643,252.855
2019-10-17T04:00:00Z,254,258.07,253.68,256.8,1147169,13473,256.741
2019-10-18T04:00:00Z,256.66,259.12,255.74,258.59,1051442,10245,258.133
2019-10-21T04:00:00Z,257.11,259.145,253.98,254.1,1180059,11871,254.721
2019-10-22T04:00:00Z,254.39,256.51,249.88,250.28,782965,11514,251.814
2019-10-23T04:00:00Z,252.28,253.02,250.546,251.6,1063345,11882,251.665
2019-10-24T04:00:00Z,252.89,252.89,244.76,245.9,1486472,18374,246.28
2019-10-25T04:00:00Z,245.94,248.07,244.22,244.3,1836572,18993,245.798
2019-10-28T04:00:00Z,245.75,249.154,244.59,246.08,2060627,18117,247.072
2019-10-29T04:00:00Z,246.92,257.275,246.05,254.28,1723007,22932,254.47
2019-10-30T04:00:00Z,254.09,256.17,253.95,255.95,780389,12799,255.172
2019-10-31T04:00:00Z,255.58,257.03,254.01,256,2007993,15193,255.721
2019-11-01T04:00:00Z,257.7,260.1,256.915,258.15,1524618,16050,258.341
2019-11-04T05:00:00Z,260.66,261.69,257.6,260.7,1404558,19095,260.451
2019-11-05T05:00:00Z,254.96,258.77,246.3,246.68,3059387,33346,250.022
2019-11-06T05:00:00Z,246.68,250.81,246.48,250.79,1926937,22788,249.515
2019-11-07T05:00:00Z,251.19,252.07,243.94,244.57,1565948,20477,246.123
2019-11-08T05:00:00Z,244,247.075,244,244.79,1690082,18430,244.981
2019-11-11T05:00:00Z,243.39,244.44,241.75,242.44,1165998,14591,242.654
2019-11-12T05:00:00Z,241.85,245,241.28,242.36,1099403,15973,243.041
2019-11-13T05:00:00Z,242.06,247.03,240.61,247.01,1531001,17841,245.337
2019-11-14T05:00:00Z,247.22,250.21,247.22,248.8,1072543,18272,248.765
2019-11-15T05:00:00Z,250.11,250.46,247.34,248.3,1284937,15249,248.403
2019-11-18T05:00:00Z,248.69,249.52,242.79,243.51,2201602,21735,244.206
2019-11-19T05:00:00Z,244.62,247.19,243.655,245.78,1299498,13464,245.735
2019-11-20T05:00:00Z,246.7,247.74,245.38,246.78,1531197,15549,246.749
2019-11-21T05:00:00Z,247.11,249.94,246.47,248.96,1173395,16658,248.827
2019-11-22T05:00:00Z,249.96,250.26,247.09,249.89,1065933,17419,248.771
2019-11-25T05:00:00Z,250.31,254.22,248.87,253.86,1346505,17331,253.226
2019-11-26T05:00:00Z,254.07,256.15,253.895,255.22,1987989,15303,255.196
2019-11-27T05:00:00Z,255.22,261.64,255,260.4,1540638,18494,259.972
2019-11-29T05:00:00Z,258.96,260.33,257.42,258.5,699835,7630,258.487
2019-12-02T05:00:00Z,258.09,259.59,255.7,259.03,1547699,18282,258.184
2019-12-03T05:00:00Z,256.16,258.02,253.58,255.73,1857352,18500,255.879
2019-12-04T05:00:00Z,256.38,257.995,254.77,257.23,1221548,15199,256.522
2019-12-05T05:00:00Z,257.95,260.19,256.1,258.91,923373,12453,259.204
2019-12-06T05:00:00Z,260,261.915,259.41,260.69,1149791,13744,260.903
2019-12-09T05:00:00Z,259.14,259.76,257.32,257.9,1080478,11429,258.06
2019-12-10T05:00:00Z,258.37,258.59,255.68,257.24,1110174,13682,257.232
2019-12-11T05:00:00Z,257.94,261.31,256.47,261.06,1174098,14620,260.198
2019-12-12T05:00:00Z,260.91,266.565,260.81,265.44,1597038,18954,264.789
2019-12-13T05:00:00Z,265.13,269.41,264.17,268.72,1891049,20605,267.956
2019-12-16T05:00:00Z,269.79,270.08,268.28,269.88,1604184,23765,269.413
2019-12-17T05:00:00Z,270.84,272.94,268.2,269.03,1558746,19938,269.542
2019-12-18T05:00:00Z,268.76,269.3,266.06,267.18,1423689,15705,267.275
2019-12-19T05:00:00Z,266.97,269.09,266.22,267.87,1379256,16515,267.736
2019-12-20T05:00:00Z,270.76,275.48,269.95,271.66,3228185,18152,271.773
2019-12-23T05:00:00Z,272.29,274.17,271.1,273.49,961528,12139,273.297
2019-12-24T05:00:00Z,273.56,273.855,271.3,273.01,236754,4411,272.954
2019-12-26T05:00:00Z,273.03,273.78,270.39,271.06,556933,9053,271.318
2019-12-27T05:00:00Z,271.58,272.917,270.96,272.85,648778,8002,272.59
2019-12-30T05:00:00Z,272.68,273.71,270,270.52,509455,8899,270.777
2019-12-31T05:00:00Z,270.06,272.01,268.74,271.97,1049624,11359,271.388
2020-01-02T05:00:00Z,273.1,273.45,269.865,272.54,1865976,21013,271.969
2020-01-03T05:00:00Z,268.46,271.03,268.41,269.59,1740828,17317,269.854
2020-01-06T05:00:00Z,268.96,273.7,266.65,273.38,1693225,16657,271.971
2020-01-07T05:00:00Z,271.58,273.52,270.13,272.73,1521273,11835,272.693
2020-01-08T05:00:00Z,272.91,275.54,271.56,273.4,1542754,15900,273.744
2020-01-09T05:00:00Z,274.79,275.205,272.94,273.54,1050575,13923,273.702
2020-01-10T05:00:00Z,275.13,276.29,273.59,274.46,1058014,13245,274.613
2020-01-13T05:00:00Z,274.46,276.475,273.4,276.2,1445584,13358,275.551
2020-01-14T05:00:00Z,275.12,277.45,273.27,275.96,1659350,14905,275.685
2020-01-15T05:00:00Z,275.92,279.62,275.79,277.3,1245166,14886,277.445
2020-01-16T05:00:00Z,278.68,278.99,274.38,276.87,1000113,13079,276.083
2020-01-17T05:00:00Z,277.72,278.43,275.3,277.08,1317466,13958,277.024
2020-01-21T05:00:00Z,276.84,278.06,275.31,277.53,1506386,14854,277.234
2020-01-22T05:00:00Z,278.22,279.5,277.66,278.83,1165450,12212,278.631
2020-01-23T05:00:00Z,278.71,280.29,276.68,278.73,1302013,13989,278.887
2020-01-24T05:00:00Z,279.58,280.56,277.57,278.25,1386376,15285,278.911
2020-01-27T05:00:00Z,274.4,280.47,273.1,279.75,1696214,20340,278.951
2020-01-28T05:00:00Z,280.26,283.69,279.83,282.26,1307542,17021,282.233
2020-01-29T05:00:00Z,283.05,283.945,281.39,282.2,1042872,13388,282.382
2020-01-30T05:00:00Z,280,282.01,279.55,281.15,1521912,16402,280.849
2020-01-31T05:00:00Z,279.54,280.977,274.49,275.18,2131436,21512,276.225
2020-02-03T05:00:00Z,277.23,281.75,276.86,279.31,1953477,22690,279.308
2020-02-04T05:00:00Z,283.28,286.41,282.49,284.45,1394117,17308,284.77
2020-02-05T05:00:00Z,286.33,286.72,283.55,285.99,1586383,20848,285.846
2020-02-06T05:00:00Z,253,262.7,241.75,252.25,10288120,93598,253.461
2020-02-07T05:00:00Z,251.6,251.72,246.48,246.91,4476255,36833,248.538
2020-02-10T05:00:00Z,247.22,252.86,246.54,252,2740982,29186,250.677
2020-02-11T05:00:00Z,253.66,259.254,253.08,256.41,2697175,34148,256.624
2020-02-12T05:00:00Z,256.76,257.38,250.07,252.23,2480141,28994,251.82
2020-02-13T05:00:00Z,252.06,256.44,250.86,254.35,2025960,21972,253.836
2020-02-14T05:00:00Z,255.03,260.34,253.625,260.22,2434973,24671,258.634
2020-02-18T05:00:00Z,260.75,261.79,255.67,256,2005419,22792,257.447
2020-02-19T05:00:00Z,257.2,258.41,255.62,256.07,1654816,18210,256.983
2020-02-20T05:00:00Z,255.31,257.75,252.03,253.46,1228345,21938,254.009
2020-02-21T05:00:00Z,252.56,258.79,252.38,257.35,2141499,22003,256.58
2020-02-24T05:00:00Z,250.62,252.86,249.31,250.53,1774101,27556,250.794
2020-02-25T05:00:00Z,251.31,252.2,243.15,245.43,2423199,29798,246.912
2020-02-26T05:00:00Z,247.35,249.82,245.11,246.15,2344956,26597,246.821
2020-02-27T05:00:00Z,244.62,250.41,242.41,242.69,2931989,35607,244.934
2020-02-28T05:00:00Z,237.01,238.89,231.62,237.82,4017563,48880,235.806
2020-03-02T05:00:00Z,238,245.32,234.05,245.32,2460518,32513,240.764
2020-03-03T05:00:00Z,245.84,249.36,235.351,239.5,2163249,32877,240.579
2020-03-04T05:00:00Z,244.3,247.88,243.2,247.11,2135628,25156,246.053
2020-03-05T05:00:00Z,241.64,244.82,239.77,244.14,2520258,30745,242.678
2020-03-06T05:00:00Z,237.4,239.89,230.59,239.12,4582536,43121,235.82
2020-03-09T04:00:00Z,223.15,234.66,223,230.78,2789064,34995,230.977
2020-03-10T04:00:00Z,236.77,239.12,229.931,237.31,2820479,39368,235.123
2020-03-11T04:00:00Z,231.17,234.4,229.16,231.91,2133887,33232,231.464
2020-03-12T04:00:00Z,223.3,234.88,220.54,225.685,3995683,57885,224.294
2020-03-13T04:00:00Z,229.58,239.02,216.09,236.5,3796664,46911,228.614
2020-03-16T04:00:00Z,216,234.54,208.65,223.14,3223504,44121,224.155
2020-03-17T04:00:00Z,230.54,248.94,223.34,248.52,4156358,52542,240.974
2020-03-18T04:00:00Z,239.1,251.97,228,234.72,3912656,54277,238.436
2020-03-19T04:00:00Z,236.5,237.655,220.56,220.96,2973653,39369,225.144
2020-03-20T04:00:00Z,218.11,224.72,216.22,220.12,4157003,42208,220.109
2020-03-23T04:00:00Z,219.26,223.39,197.75,200.58,4738441,51712,207.692
2020-03-24T04:00:00Z,209.41,211.77,199.5,202.85,3781790,40733,204.768
2020-03-25T04:00:00Z,205.54,209.27,199.15,203.6,3703542,40742,204.745
2020-03-26T04:00:00Z,204.8,219.55,204.37,219.35,2900788,33318,215.031
2020-03-27T04:00:00Z,212.57,221.51,211.44,216.58,2605926,28677,217.476
2020-03-30T04:00:00Z,220.05,223.71,217.33,222.87,2064282,27955,220.714
2020-03-31T04:00:00Z,222.06,231.05,219,229.77,2992328,33420,227.799
2020-04-01T04:00:00Z,221.71,229.77,220,225.4,2156095,26087,225.645
2020-04-02T04:00:00Z,225.06,233.61,224.42,233.28,1689762,19620,230.67
2020-04-03T04:00:00Z,231.01,232.86,222.79,226.73,1406908,18783,226.592
2020-04-06T04:00:00Z,231.09,239.18,229.425,237.69,2424134,29339,234.933
2020-04-07T04:00:00Z,240,243,235.06,237.55,2463853,27606,239.717
2020-04-08T04:00:00Z,239.15,251.71,235.32,250,2650484,28219,247.07
2020-04-09T04:00:00Z,250,250.58,243.53,247.45,2504957,30246,246.8
2020-04-13T04:00:00Z,245.52,248.84,241.595,248.06,1532971,16384,246.579
2020-04-14T04:00:00Z,251.99,251.99,247.56,249.53,2329635,23527,249.74
2020-04-15T04:00:00Z,246.81,253.77,245.59,252.53,1985613,23197,251.432
2020-04-16T04:00:00Z,254.76,262.62,252.56,261.61,1767718,21837,258.546
2020-04-17T04:00:00Z,265.69,266.04,255.79,261.4,2242027,22296,259.714
2020-04-20T04:00:00Z,261.9,266.77,259.55,263.44,1662785,16605,263.888
2020-04-21T04:00:00Z,258.59,261.335,254.46,256.5,2592554,21349,257.077
2020-04-22T04:00:00Z,258.82,267.9,257.99,266.76,2098648,19583,264.242
2020-04-23T04:00:00Z,268.19,270.686,264.31,265.08,1306175,19140,266.737
2020-04-24T04:00:00Z,266.66,268.67,262.495,268.17,1972542,18048,266.395
2020-04-27T04:00:00Z,269.36,271.45,267.55,270,1644870,16899,269.745
2020-04-28T04:00:00Z,270.59,271.95,261.15,261.92,2355050,27973,264.048
2020-04-29T04:00:00Z,263,263,257.13,257.85,1868505,24331,259.352
2020-04-30T04:00:00Z,256.28,263.77,251.63,252.53,3356815,38882,255.103
2020-05-01T04:00:00Z,250.8,253.89,247.79,251.87,1528886,21427,251.46
2020-05-04T04:00:00Z,252.39,256.385,249.23,255.27,1208068,18139,253.855
2020-05-05T04:00:00Z,258.25,263.6,256.2,261.7,1018052,16386,260.948
2020-05-06T04:00:00Z,260.79,262.5,258.435,259.13,1114948,16573,260.372
2020-05-07T04:00:00Z,266.02,266.02,255.51,256.25,1365744,20561,259.069
2020-05-08T04:00:00Z,259.22,259.76,254.01,254.48,1509225,19568,255.631
2020-05-11T04:00:00Z,253.48,263.76,253.14,262.05,1571831,19222,259.865
2020-05-12T04:00:00Z,262.99,266.74,261.83,262.09,1354992,17633,263.845
2020-05-13T04:00:00Z,262.68,264.35,258.34,261.92,1300979,21693,261.382
2020-05-14T04:00:00Z,259.44,259.97,255.04,258.7,1405867,20508,257.44
2020-05-15T04:00:00Z,257.64,262.48,255.97,258.25,2686285,20244,258.114
2020-05-18T04:00:00Z,264,268.415,262.36,264.77,1141009,16680,265.715
2020-05-19T04:00:00Z,265.08,265.44,262.35,263.2,896722,15413,263.497
2020-05-20T04:00:00Z,255.74,258.46,242.56,242.99,4234948,52312,247.691
2020-05-21T04:00:00Z,243.24,243.6,234.51,238.94,8505080,93084,239.045
2020-05-22T04:00:00Z,241.52,244.66,238.56,239.25,14823740,86312,240.111
2020-05-26T04:00:00Z,240.99,243,231.84,233.14,3918987,44723,235.084
2020-05-27T04:00:00Z,231.13,234.9,227.41,234.8,3881644,46209,231.862
2020-05-28T04:00:00Z,239.41,244.28,237.35,241.5,1994278,25504,241.706
2020-05-29T04:00:00Z,243.86,247.06,239.6,246.93,2240851,26560,244.69
2020-06-01T04:00:00Z,246.63,249.4,242.785,244.85,1232937,19706,245.643
2020-06-02T04:00:00Z,245.06,245.06,241.47,244.5,1371972,18920,243.712
2020-06-03T04:00:00Z,243.21,243.9,239.61,243.04,1925395,22871,242.277
2020-06-04T04:00:00Z,242,245.345,240,243.55,1971038,24461,243.206
2020-06-05T04:00:00Z,243.78,244.4,240.84,242.01,3761560,31921,242.818
2020-06-08T04:00:00Z,240.45,247.24,239.49,247.24,4219856,30343,245.858
2020-06-09T04:00:00Z,247.35,250.32,237.19,237.28,2551959,27751,242.411
2020-06-10T04:00:00Z,238.44,241.05,236.6,237.14,2490842,30447,238.588
2020-06-11T04:00:00Z,235.93,236.57,229.41,230.19,2540289,33847,231.523
2020-06-12T04:00:00Z,234.55,236.65,229,230.88,2144333,26267,231.683
2020-06-15T04:00:00Z,228.74,236.105,227.065,234.15,2164717,26763,232.996
2020-06-16T04:00:00Z,237.94,240.5,235.18,236.46,1665684,21856,237.456
2020-06-17T04:00:00Z,237.19,240.12,235.73,237.27,1573078,14786,237.341
2020-06-18T04:00:00Z,236.38,238.35,235,236.23,1420598,14444,236.288
2020-06-19T04:00:00Z,238.55,239.37,235.14,237.59,3374427,19896,237.509
2020-06-22T04:00:00Z,236.93,236.93,232.06,235.19,1746830,18010,234.706
2020-06-23T04:00:00Z,236.81,240,236.415,237.83,1780386,18609,238.085
2020-06-24T04:00:00Z,236.07,236.99,227.79,232.81,2410003,28459,231.697
2020-06-25T04:00:00Z,231.8,231.8,225.3,228.94,2624913,30716,228.027
2020-06-26T04:00:00Z,229.89,234.81,228.98,233.57,3414086,23323,232.628
2020-06-29T04:00:00Z,234.04,234.54,228.725,232.97,2333173,24673,231.334
2020-06-30T04:00:00Z,232.59,240.82,231.06,239.27,2631247,29065,237.408
2020-07-01T04:00:00Z,239.04,242.965,238.755,241.53,1573702,21324,241.316
2020-07-02T04:00:00Z,242.18,246.08,240.52,245.03,2084888,25761,244.007
2020-07-06T04:00:00Z,248.42,253.72,247.59,250.47,3550270,38110,250.708
2020-07-07T04:00:00Z,248.38,252.27,247.56,251.38,2047575,21837,250.926
2020-07-08T04:00:00Z,251.94,256.93,251.23,252.73,2692029,28134,253.707
2020-07-09T04:00:00Z,255.26,260.34,253.96,258.61,1903040,31943,257.981
2020-07-10T04:00:00Z,258.02,259.785,254.77,257.37,1070537,12588,256.909
2020-07-13T04:00:00Z,257.31,262.23,255.855,257.41,1469328,22543,258.547
2020-07-14T04:00:00Z,257.04,263.8,256.78,263.4,1397139,18725,261.818
2020-07-15T04:00:00Z,265,268.15,264.11,266.96,1483647,20932,266.621
2020-07-16T04:00:00Z,266.9,268.38,264.87,265.05,1421786,18045,265.962
2020-07-17T04:00:00Z,266.73,269.09,264.14,266.98,1405631,18723,266.773
2020-07-20T04:00:00Z,267.98,268.53,265.035,267.85,1133720,15529,267.447
2020-07-21T04:00:00Z,269.73,276.42,269,271.31,1640177,21853,272.958
2020-07-22T04:00:00Z,271.71,274.755,270.91,273.44,1210119,15791,272.883
2020-07-23T04:00:00Z,274.1,276.16,271.71,272.71,929165,13280,273.501
2020-07-24T04:00:00Z,272.54,272.98,269,271.89,676226,11164,271.221
2020-07-27T04:00:00Z,270.26,275.68,269.055,275.18,1036126,14255,274.431
2020-07-28T04:00:00Z,274.55,275.365,272.19,273,876495,14489,273.343
2020-07-29T04:00:00Z,273.72,277.91,273.72,276.4,912292,15730,276.407
2020-07-30T04:00:00Z,273.34,275.14,270.03,273.84,992798,16370,273.004
2020-07-31T04:00:00Z,274.07,281.35,273.25,281.34,1759462,20617,279.14
2020-08-03T04:00:00Z,282.97,284.56,280.002,283.68,1394741,19858,283.464
2020-08-04T04:00:00Z,283.03,283.9,281.5,282.86,950974,12879,282.673
2020-08-05T04:00:00Z,280.3,284.97,280.3,283.43,1219134,16944,283.401
2020-08-06T04:00:00Z,266,267.95,256.367,259.61,2742537,35754,260.061
2020-08-07T04:00:00Z,260.2,261.82,255,256.41,2418636,33955,257.684
2020-08-10T04:00:00Z,259.5,259.5,255.05,256.75,2847241,30556,257.128
2020-08-11T04:00:00Z,259.29,260.56,254.95,255,1762535,21810,256.543
2020-08-12T04:00:00Z,255.89,259.545,255.89,257.22,1364936,18997,257.895
2020-08-13T04:00:00Z,256.92,262.86,256.48,262.33,1140556,18169,261.303
2020-08-14T04:00:00Z,261.54,262.303,256.66,258.17,1249169,16254,259.162
2020-08-17T04:00:00Z,258.89,260.65,258,260.04,1145198,14595,259.913
2020-08-18T04:00:00Z,261.52,264.9,259.16,263.86,1938558,19704,262.416
2020-08-19T04:00:00Z,265,266.19,260.55,262,1208059,13829,262.101
2020-08-20T04:00:00Z,260.27,261.98,258.1,258.93,846101,15250,259.686
2020-08-21T04:00:00Z,258.11,259.36,255.46,257.72,1313363,16322,257.76
2020-08-24T04:00:00Z,258.86,259.58,254.39,254.95,1009923,16993,255.457
2020-08-25T04:00:00Z,256.11,257.33,254.17,255.79,1214150,18207,255.928
2020-08-26T04:00:00Z,254.68,255.1,250.05,253.98,1298694,18489,253.418
2020-08-27T04:00:00Z,238.52,248.26,232,246.57,3983768,45842,242.497
2020-08-28T04:00:00Z,247.13,247.38,240.9,242.8,2076004,27790,242.68
2020-08-31T04:00:00Z,243.85,244.48,241.83,242.77,3264976,23214,242.898
2020-09-01T04:00:00Z,243.97,245.874,238.725,240.84,1537391,19084,240.742
2020-09-02T04:00:00Z,240.58,246.27,240.025,246.19,1433739,20701,244.691
2020-09-03T04:00:00Z,246,246.68,234.08,235.06,1936548,27047,237.978
2020-09-04T04:00:00Z,236.87,238.157,232.43,234.08,1672816,23729,234.702
2020-09-08T04:00:00Z,234.75,235.54,230.51,234.06,1646471,27011,233.698
2020-09-09T04:00:00Z,236.16,239.048,234.59,235.57,1565607,19205,236.235
2020-09-10T04:00:00Z,235,235.715,231.3,234.18,2224214,27407,233.668
2020-09-11T04:00:00Z,234.83,236.74,233.755,235.78,1264533,18361,235.526
2020-09-14T04:00:00Z,236.91,238.48,235.86,235.9,1241751,17658,236.765
2020-09-15T04:00:00Z,236,236.45,226.05,226.15,2613740,34959,228.926
2020-09-16T04:00:00Z,226.12,229.87,224.21,227.03,2649874,31948,227.262
2020-09-17T04:00:00Z,226.35,229.18,224.41,227.8,2091719,23742,227.444
2020-09-18T04:00:00Z,226.16,233.935,226.16,231.9,4920382,27443,231.22
2020-09-21T04:00:00Z,231.39,231.39,225.36,228.44,1410167,17394,227.926
2020-09-22T04:00:00Z,227.58,228.085,222.75,223.8,2047290,23653,224.272
2020-09-23T04:00:00Z,225.92,229.72,224.51,225.59,1863479,19992,227.039
2020-09-24T04:00:00Z,226,226.47,220.037,221.16,1641530,23053,221.375
2020-09-25T04:00:00Z,220.05,224.57,219.5,224.08,1662453,17927,222.411
2020-09-28T04:00:00Z,226.41,227.91,224.71,225,1159720,16648,225.843
2020-09-29T04:00:00Z,226.1,226.98,224.93,225.43,907292,13637,225.804
2020-09-30T04:00:00Z,227.31,235.57,226.8,232.68,2696226,28627,232.547
2020-10-01T04:00:00Z,234.46,236.82,228.65,230.85,1336670,22491,231.4
2020-10-02T04:00:00Z,231.9,234.999,231,232.66,1124429,19600,232.923
2020-10-05T04:00:00Z,234.17,238.51,234.13,238.14,1075932,16506,237.5
2020-10-06T04:00:00Z,238,240.32,235.03,235.45,1115309,18613,237.023
2020-10-07T04:00:00Z,236.27,237.73,234.05,235.7,1215402,18341,236.192
2020-10-08T04:00:00Z,235.77,237.38,234.44,236.21,1107475,15614,235.881
2020-10-09T04:00:00Z,237.52,238.125,234.42,237.31,1764935,19673,236.677
2020-10-12T04:00:00Z,238.08,240.5,236.71,238.36,1024089,14084,238.656
2020-10-13T04:00:00Z,237.43,239.74,235.4,236.71,973338,16162,237.231
2020-10-14T04:00:00Z,236.78,238.86,233.105,233.69,1014513,16713,234.309
2020-10-15T04:00:00Z,232.17,236.475,231.5,235.01,1233236,18989,234.506
2020-10-16T04:00:00Z,235.81,239.17,234.64,236.99,1152817,16668,237.283
2020-10-19T04:00:00Z,237.52,240.75,236.48,237.38,1241677,20230,238.529
2020-10-20T04:00:00Z,237.92,238.485,236,236.26,925242,14500,236.951
2020-10-21T04:00:00Z,238.22,239,233.035,236.4,1268376,18817,236.265
2020-10-22T04:00:00Z,235.62,241.42,235.48,241.09,1214920,17117,239.912
2020-10-23T04:00:00Z,240.84,242.62,239.229,240.28,1085537,16216,240.496
2020-10-26T04:00:00Z,239.29,242.88,238.57,242,1073064,17623,241.028
2020-10-27T04:00:00Z,242.96,245.87,242.41,244.24,1085667,18075,244.326
2020-10-28T04:00:00Z,240.1,241.36,235.365,235.89,1235402,17455,236.671
2020-10-29T04:00:00Z,235.84,236.75,230.87,232.47,1223895,17873,233.131
2020-10-30T04:00:00Z,232.36,233.96,227.82,231.13,1810392,18494,230.635
2020-11-02T05:00:00Z,233.61,237.15,232.04,234.79,1176730,19325,234.366
2020-11-03T05:00:00Z,236.48,239.69,234.94,237.72,1251067,18519,237.439
2020-11-04T05:00:00Z,240.57,245.209,236.66,236.79,1624732,24963,239.548
2020-11-05T05:00:00Z,240,244.47,232.44,234.65,2285194,34006,235.856
2020-11-06T05:00:00Z,235.11,241.63,234.72,236.62,1527436,20310,237.358
2020-11-09T05:00:00Z,246.82,247.83,239.89,240.31,2082079,32473,242.909
2020-11-10T05:00:00Z,241.04,243.39,239.62,240.3,2474312,26660,240.638
2020-11-11T05:00:00Z,243.61,243.92,240.81,243.16,1671985,25140,242.582
2020-11-12T05:00:00Z,242.9,243.685,239.13,240.21,1408441,20212,240.694
2020-11-13T05:00:00Z,241.47,244.22,240.06,242.81,2173911,23217,242.46
2020-11-16T05:00:00Z,246.41,246.5,241.755,242.57,1715403,21539,243.152
2020-11-17T05:00:00Z,241.75,245.22,240.47,242.41,1244204,18916,242.774
2020-11-18T05:00:00Z,242.26,242.26,233.31,233.47,2016516,26304,235.827
2020-11-19T05:00:00Z,234.25,235.49,231.88,232.9,1588593,21803,233.352
2020-11-20T05:00:00Z,232.62,234.73,231.057,231.87,1552422,19457,232.12
2020-11-23T05:00:00Z,232,233.405,227.69,228.48,1602959,23804,229.059
2020-11-24T05:00:00Z,229,229.76,226.87,229.29,2496386,29569,228.788
2020-11-25T05:00:00Z,230.48,230.99,226.77,227.47,1732347,22890,227.764
2020-11-27T05:00:00Z,228.3,229.5,226.15,228.96,913487,12456,228.085
2020-11-30T05:00:00Z,230,234.89,229.97,234.84,4690770,26328,232.963
2020-12-01T05:00:00Z,236.12,238.73,235.575,238.65,1856825,24746,237.545
2020-12-02T05:00:00Z,238.43,246.5,238.43,241.87,2422396,28932,241.395
2020-12-03T05:00:00Z,241.26,241.332,237.49,238.51,2623007,24310,238.75
2020-12-04T05:00:00Z,238.49,242.795,238.39,242.76,2471610,25764,241.034
2020-12-07T05:00:00Z,242.43,243.58,235.86,236.45,1477035,22814,237.506
2020-12-08T05:00:00Z,235.11,240.36,234.61,240.24,1316666,18328,238.739
2020-12-09T05:00:00Z,240.04,240.78,237.6,239.96,1538050,17739,239.595
2020-12-10T05:00:00Z,240.43,243.31,240.03,242.33,1605428,17967,242.072
2020-12-11T05:00:00Z,241.25,242.94,240.05,242.69,1665411,19984,242.212
2020-12-14T05:00:00Z,243.78,246.74,239.88,240,1400169,20751,242.445
2020-12-15T05:00:00Z,240.5,245.59,239.84,244.13,1423068,19262,243.926
2020-12-16T05:00:00Z,244.95,247.065,242.25,245.29,1375539,19359,245.481
2020-12-17T05:00:00Z,246.45,249.63,246.01,248.7,1287398,20026,248.05
2020-12-18T05:00:00Z,248.45,253.23,247,252.09,4040673,20193,251.498
2020-12-21T05:00:00Z,249.36,250.4,245.27,247.86,1060413,19299,247.425
2020-12-22T05:00:00Z,247.41,248.48,245.23,245.9,1079061,18424,246.563
2020-12-23T05:00:00Z,247.08,247.23,244.18,244.25,993236,15781,245.188
2020-12-24T05:00:00Z,244.9,249.25,244.9,247.99,503814,7752,247.84
2020-12-28T05:00:00Z,248.8,249.865,247.29,248.15,711362,11863,248.431
2020-12-29T05:00:00Z,249.41,250.75,247.28,248.35,953119,14164,248.509
2020-12-30T05:00:00Z,248.61,249.34,246.59,246.68,782651,13413,247.126
2020-12-31T05:00:00Z,247.23,250.78,246.76,250.22,893772,12616,249.574
2021-01-04T05:00:00Z,251,251.71,246.75,250.7,1326473,20152,250.083
2021-01-05T05:00:00Z,251.25,252.7,247.42,251.03,1373544,21625,250.628
2021-01-06T05:00:00Z,250,254.62,250,253.64,1650569,20970,253.242
2021-01-07T05:00:00Z,254.46,255.87,251.21,253.5,1362120,21081,253.54
2021-01-08T05:00:00Z,254.56,256.67,253.625,255.06,1747916,19079,255.05
2021-01-11T05:00:00Z,255.63,257.795,255,257.11,934529,15633,256.876
2021-01-12T05:00:00Z,261.74,267.37,259.6,263.08,2432344,30201,262.763
2021-01-13T05:00:00Z,262.5,266.19,262,263.01,1242119,19510,263.877
2021-01-14T05:00:00Z,262.61,262.99,257.42,257.77,1483355,22149,258.54
2021-01-15T05:00:00Z,258,262.07,257.58,261.74,1629547,20407,260.62
2021-01-19T05:00:00Z,263.98,265.23,259.3,260.77,1439509,18672,261.532
2021-01-20T05:00:00Z,260.16,263.58,259,263.3,1475375,16693,262.447
2021-01-21T05:00:00Z,261.85,264,260.17,261.9,1383927,18390,261.633
2021-01-22T05:00:00Z,261.58,262.36,258.69,258.75,1775836,18489,259.563
2021-01-25T05:00:00Z,258.5,261.24,257.34,260.24,944674,16405,259.567
2021-01-26T05:00:00Z,260,260.23,255.47,258.35,1258646,16742,257.922
2021-01-27T05:00:00Z,256.25,257.67,250.495,250.89,1524470,22468,252.36
2021-01-28T05:00:00Z,252.67,258.99,251.83,256.21,1704879,26304,256.536
2021-01-29T05:00:00Z,256.45,264.59,254.92,261.79,2251116,31688,261.974
2021-02-01T05:00:00Z,262.45,265.025,260.85,261.37,1226865,20797,262.294
2021-02-02T05:00:00Z,262.44,264.055,258.095,258.24,1740574,22636,260.098
2021-02-03T05:00:00Z,258.49,263.63,257.07,260.93,1789182,26506,260.814
2021-02-04T05:00:00Z,260,261.924,252.49,254.89,2697692,34107,256.477
2021-02-05T05:00:00Z,255.29,258.19,252.14,254.68,1626869,23364,254.52
2021-02-08T05:00:00Z,255.03,258.37,255.03,256.82,1433542,20833,256.578
2021-02-09T05:00:00Z,256.43,257.237,253.04,254.17,1323127,16732,254.526
2021-02-10T05:00:00Z,256.23,256.8,252.08,252.9,1016170,17661,253.349
2021-02-11T05:00:00Z,254.26,254.26,250.718,253.39,1569747,17644,252.851
2021-02-12T05:00:00Z,253.76,257.02,252.38,256.32,1230578,17467,255.928
2021-02-16T05:00:00Z,256.66,257.81,255.07,257.34,1128340,18010,256.827
2021-02-17T05:00:00Z,256.71,257.305,254.28,256.82,1246610,18293,256.319
2021-02-18T05:00:00Z,256.24,257.98,254,255.82,1503847,16471,256.368
2021-02-19T05:00:00Z,255.91,256.055,247.78,247.93,2268140,25095,250.131
2021-02-22T05:00:00Z,248.13,248.26,241.85,246.02,1422868,25121,244.761
2021-02-23T05:00:00Z,246.87,248.86,243.26,247.7,1801205,31052,246.634
2021-02-24T05:00:00Z,247.4,248.14,244.68,246.71,1683170,20316,246.375
2021-02-25T05:00:00Z,246.74,250.195,245.4,247.15,1312596,24691,247.259
2021-02-26T05:00:00Z,246.11,247.5,241.01,241.15,1798450,21338,242.975
2021-03-01T05:00:00Z,242.71,246.14,241.85,246.06,1482679,19945,245.091
2021-03-02T05:00:00Z,247.12,247.12,243.37,244.73,931681,14969,244.939
2021-03-03T05:00:00Z,243.99,244.53,241.23,241.66,1549584,20015,241.907
2021-03-04T05:00:00Z,241.82,243.88,238.46,240.88,1541049,22849,241.071
2021-03-05T05:00:00Z,241.84,247.61,240.95,246.45,1256789,21799,245.553
2021-03-08T05:00:00Z,245.81,249.64,244.015,246.1,1124397,18948,246.892
2021-03-09T05:00:00Z,247.1,248.09,242.71,242.85,1401086,19630,244.497
2021-03-10T05:00:00Z,245.17,245.17,236.82,237.89,2288922,29561,239.694
2021-03-11T05:00:00Z,238,239.73,236.03,238.2,2671368,30818,238.199
2021-03-12T05:00:00Z,239.37,240.12,236.31,238.24,1378180,16676,238.237
2021-03-15T04:00:00Z,238.39,241,237.92,240.76,1228741,19192,240.007
2021-03-16T04:00:00Z,241.24,241.52,238.66,239.55,1087075,16554,239.5
2021-03-17T04:00:00Z,239.25,240.97,238.63,239.36,1315459,17415,239.498
2021-03-18T04:00:00Z,238.62,240.99,238.03,239.2,952285,18299,239.116
2021-03-19T04:00:00Z,239.94,241.325,237.87,239.02,3775937,22265,239.205
2021-03-22T04:00:00Z,238.5,241.69,238,241.62,1180289,16455,240.813
2021-03-23T04:00:00Z,241.96,241.99,239.46,240.26,1031824,17229,240.685
2021-03-24T04:00:00Z,239.33,242.32,238.765,241.77,1086296,17652,241.21
2021-03-25T04:00:00Z,243.26,243.65,238.56,241.73,1367659,20995,241.017
2021-03-26T04:00:00Z,242.19,245.34,239.27,245.12,1295411,20189,243.67
2021-03-29T04:00:00Z,245.67,248.41,243.54,247.14,1033272,19703,246.712
2021-03-30T04:00:00Z,246.13,248.37,244.12,245.19,1037273,16031,245.49
2021-03-31T04:00:00Z,245.17,245.79,242.34,243.15,1480161,19399,243.578
2021-04-01T04:00:00Z,243.55,244.58,240.57,241.58,1084617,21210,241.886
2021-04-05T04:00:00Z,242.38,247.115,242.38,245.09,1411690,19074,245.197
2021-04-06T04:00:00Z,245.14,247.22,243.38,244.62,1084651,18183,244.719
2021-04-07T04:00:00Z,244.69,245.11,242.351,244.02,905529,16627,243.732
2021-04-08T04:00:00Z,244.02,244.48,242.43,242.87,1479897,19235,243.102
2021-04-09T04:00:00Z,243.08,247.99,243.08,247.93,1406607,19859,246.647
2021-04-12T04:00:00Z,247.36,247.72,245.88,247.41,1013225,16885,247.14
2021-04-13T04:00:00Z,246.76,251.46,246.505,250.7,974751,18774,250.366
2021-04-14T04:00:00Z,250.67,251,248.54,249.82,1103969,17648,249.691
2021-04-15T04:00:00Z,250.82,258.95,250.77,257.85,2068821,29703,257.401
2021-04-16T04:00:00Z,258.99,262.01,257.964,260.94,1904293,27596,260.495
2021-04-19T04:00:00Z,260.29,260.29,258.96,258.96,16735,1,260.29
2021-04-20T04:00:00Z,258.72,260.6,256.18,256.44,1495754,24913,257.334
2021-04-21T04:00:00Z,257.55,259.69,257.17,258.14,1495861,23009,258.113
2021-04-22T04:00:00Z,257.03,258.48,256.09,257.13,1064893,17469,257.008
2021-04-23T04:00:00Z,257.55,257.55,252.13,255.85,1700899,25642,254.948
2021-04-26T04:00:00Z,255.99,258.36,255.85,257.45,1232120,17077,257.426
2021-04-27T04:00:00Z,257.14,259.44,253.28,258.21,1151993,18694,257.608
2021-04-28T04:00:00Z,258.53,259.9,256.72,257.51,925608,14087,257.992
2021-04-29T04:00:00Z,258.16,258.27,251.08,251.42,1293337,21106,252.769
2021-04-30T04:00:00Z,250.34,251.71,247.35,248.81,2069628,25188,248.948
2021-05-03T04:00:00Z,249.71,253.755,249.08,253.12,1089013,17765,252.644
2021-05-04T04:00:00Z,252.71,252.78,249.32,251.52,1145980,19656,251.089
2021-05-05T04:00:00Z,251.67,252,246.04,249.77,1916820,26498,249.238
2021-05-06T04:00:00Z,241.99,244.89,238.2,240.81,3042202,40402,240.7
2021-05-07T04:00:00Z,239.39,244.95,238.94,239.39,2735536,36869,240.855
2021-05-10T04:00:00Z,239.42,248.85,239.12,246.63,1860567,32887,245.611
2021-05-11T04:00:00Z,247.32,248.63,240.58,241.2,1755431,27040,242.824
2021-05-12T04:00:00Z,240.04,243.56,240.04,241.64,1831013,26078,241.918
2021-05-13T04:00:00Z,242.35,245.93,241.655,244.08,2029956,27616,244.25
2021-05-14T04:00:00Z,244.68,246.5,242.15,242.38,1344935,22329,243.239
2021-05-17T04:00:00Z,242.86,245.29,241.04,241.09,1466978,20697,241.963
2021-05-18T04:00:00Z,239.88,243.3,239.2,242.18,2799254,25031,241.758
2021-05-19T04:00:00Z,241.8,242.89,240.49,242.64,1605556,24764,242.034
2021-05-20T04:00:00Z,241.64,245.28,241.45,244.79,1806956,21260,244.423
2021-05-21T04:00:00Z,245.83,249.12,244.1,244.48,1597263,22541,245.617
2021-05-24T04:00:00Z,245.03,246.12,242.3,243.72,2037548,27702,243.797
2021-05-25T04:00:00Z,243.44,244.45,241,242.49,2288325,28504,242.777
2021-05-26T04:00:00Z,240.3,243.247,239.36,242.02,2613936,30126,241.934
2021-05-27T04:00:00Z,242,242.97,240.27,240.94,5079039,36513,241.373
2021-05-28T04:00:00Z,242.98,244.3,241.62,241.89,2381482,27676,242.367
2021-06-01T04:00:00Z,241.13,241.55,238.3,238.47,3041769,36051,239.038
2021-06-02T04:00:00Z,238.43,239.51,238.15,238.68,2408012,34270,238.827
2021-06-03T04:00:00Z,238.41,241.236,238.12,240.72,2139030,24814,240.282
2021-06-04T04:00:00Z,242,242.41,240.09,240.66,1329292,20129,241.13
2021-06-07T04:00:00Z,241.2,242.12,239.3,239.56,1941410,21317,240.035
2021-06-08T04:00:00Z,239.91,241.68,237.341,239.25,2416936,29394,239.019
2021-06-09T04:00:00Z,239.56,243.6,239.56,243.35,1946356,25590,242.658
2021-06-10T04:00:00Z,242.92,245.53,242.88,245.41,1755315,21211,244.918
2021-06-11T04:00:00Z,246.73,246.74,242.055,242.64,1791467,24244,243.263
2021-06-14T04:00:00Z,242.78,243.5,239.62,242.72,1558805,17978,242.341
2021-06-15T04:00:00Z,242.77,243.42,240.87,241.44,2417044,20402,241.441
2021-06-16T04:00:00Z,242.58,242.64,239.44,240.28,2527888,24611,240.561
2021-06-17T04:00:00Z,239.8,241.61,239.8,240.25,2107134,24786,240.359
2021-06-18T04:00:00Z,239.34,242.61,238.79,240.54,3495375,29954,240.554
2021-06-21T04:00:00Z,240.72,241.63,239.5,240.83,2123000,20862,240.771
2021-06-22T04:00:00Z,241.12,241.12,238.94,240.32,1907118,21390,240.342
2021-06-23T04:00:00Z,239.79,241.48,238.85,240.22,1686467,20783,240.211
2021-06-24T04:00:00Z,240.05,241.45,239.71,239.82,934848,16093,240.144
2021-06-25T04:00:00Z,239.86,241.81,239.805,241.2,2112389,18043,240.689
2021-06-28T04:00:00Z,241.78,244.38,241.62,243.7,1472888,20664,243.444
2021-06-29T04:00:00Z,244.27,247.66,243.98,246.89,1972688,28817,246.604
2021-06-30T04:00:00Z,247.04,247.38,241.42,243.19,1512485,22993,243.25
2021-07-01T04:00:00Z,243.01,247.04,242.69,246.77,1409836,23444,246.338
2021-07-02T04:00:00Z,247.59,248.94,246.48,248.45,1167332,18953,248.026
2021-07-06T04:00:00Z,248,249.5,246.47,249.35,1243288,20133,248.616
2021-07-07T04:00:00Z,250,252.05,247.78,251.98,1416951,21726,251.061
2021-07-08T04:00:00Z,250.3,251.695,249.06,251,1098964,18429,250.746
2021-07-09T04:00:00Z,251.65,252.04,247.79,249.8,1548347,23620,249.729
2021-07-12T04:00:00Z,250.37,251.11,249.14,249.58,1027411,15370,249.847
2021-07-13T04:00:00Z,248.72,250.05,247.97,248.62,602084,11832,248.725
2021-07-14T04:00:00Z,248.37,249.06,245.05,246,1536804,22537,246.111
2021-07-15T04:00:00Z,244.34,247.14,243,246.62,1081980,16963,245.553
2021-07-16T04:00:00Z,247.26,249.3,246.05,248.07,1285647,13633,248.076
2021-07-19T04:00:00Z,247.39,249.14,245.7,247.25,1401302,22846,247.034
2021-07-20T04:00:00Z,248.59,250.18,246.48,247,1124510,19544,247.61
2021-07-21T04:00:00Z,247.41,247.74,244,246.35,1221133,18848,246.169
2021-07-22T04:00:00Z,247.22,249.69,245.675,249.35,1605651,17104,248.703
2021-07-23T04:00:00Z,250,251.58,249.59,251.08,1296156,19618,250.795
2021-07-26T04:00:00Z,250.05,251.357,248.65,249.43,956196,12672,249.497
2021-07-27T04:00:00Z,249.75,256.46,249.69,254.69,997061,20497,254.446
2021-07-28T04:00:00Z,253.84,255,252.588,253.48,783890,14441,253.669
2021-07-29T04:00:00Z,254.79,256.09,253.35,255.31,1094088,18384,255.192
2021-07-30T04:00:00Z,255.22,256.815,253.85,255.75,1223677,17326,255.729
2021-08-02T04:00:00Z,256.36,257.925,254.65,256.13,883246,18175,256.152
2021-08-03T04:00:00Z,256.84,257.78,254.99,255.77,741355,13829,255.893
2021-08-04T04:00:00Z,254.91,256.49,253.575,254.74,1171226,19969,254.838
2021-08-05T04:00:00Z,240.275,245.04,239.99,243.08,2650005,39856,242.71
2021-08-06T04:00:00Z,242.3,242.78,239.86,241.04,1564467,23970,241.37
2021-08-09T04:00:00Z,241.14,242.3,237.54,238.54,1624445,26349,238.87
2021-08-10T04:00:00Z,238.43,240.01,237.58,238.63,1997932,25550,238.838
2021-08-11T04:00:00Z,238.86,242.3,238.79,240.66,1287074,22144,240.958
2021-08-12T04:00:00Z,241.56,247.38,241.12,246.1,4304802,39191,244.895
2021-08-13T04:00:00Z,246.1,247.39,245,246.79,1314416,22825,246.833
2021-08-16T04:00:00Z,247.97,249.84,246.7,249.61,1377982,19707,248.887
2021-08-17T04:00:00Z,249.7,254.14,248.96,253.48,2506290,29876,252.969
2021-08-18T04:00:00Z,253.67,254.44,248.26,248.31,1672507,26694,249.833
2021-08-19T04:00:00Z,248.88,250.2,247.14,247.88,1449849,24838,248.186
2021-08-20T04:00:00Z,247.5,249.845,246.18,249.3,1331815,22775,249.15
2021-08-23T04:00:00Z,250,250.95,249.07,249.85,1437815,19895,250.035
2021-08-24T04:00:00Z,249.65,249.79,247.67,247.87,977569,18484,248.277
2021-08-25T04:00:00Z,246.77,247.92,244.57,247,1230902,19990,246.893
2021-08-26T04:00:00Z,246.45,248.43,246.13,247.53,1272740,19463,247.656
2021-08-27T04:00:00Z,248.19,250.02,247.45,248.5,1269565,22905,248.619
2021-08-30T04:00:00Z,248.95,252.03,248.27,250.47,1107991,19672,250.778
2021-08-31T04:00:00Z,250.37,252.21,249.37,251.7,1635345,24960,251.293
2021-09-01T04:00:00Z,251.98,253.09,249.4,252.47,1283258,19878,252.185
2021-09-02T04:00:00Z,253.58,255.39,252.63,255.13,1331916,19445,254.397
2021-09-03T04:00:00Z,255.5,258.79,254.5,257.83,1511892,23183,257.424
2021-09-07T04:00:00Z,257.83,258.84,254.91,257.83,1718758,34799,257.517
2021-09-08T04:00:00Z,257.74,264,257.39,262.88,2036100,30678,262.563
2021-09-09T04:00:00Z,261.48,263.274,259.87,260.15,1669415,26153,261.091
2021-09-10T04:00:00Z,260.64,261.35,256.92,258.33,1343650,23728,258.377
2021-09-13T04:00:00Z,259.47,260.55,258.24,258.6,1410563,30372,259.018
2021-09-14T04:00:00Z,258.692,261.27,258.48,260.45,1566973,23561,260.416
2021-09-15T04:00:00Z,261.19,263.74,259.74,261.68,2361993,24694,261.996
2021-09-16T04:00:00Z,263.17,263.48,260.12,262.67,1535771,18167,262.256
2021-09-17T04:00:00Z,262,262.93,260.41,261.95,3937908,26046,261.923
2021-09-20T04:00:00Z,259.4,261.91,257.68,259.27,1741866,25145,259.394
2021-09-21T04:00:00Z,260,262.22,258.99,259,1425648,20805,259.577
2021-09-22T04:00:00Z,259.68,260.37,256.05,256.8,2015612,27587,257.408
2021-09-23T04:00:00Z,257.38,258.36,253.46,253.82,1801058,28380,254.838
2021-09-24T04:00:00Z,253.22,254.61,252.44,253.18,1058051,17850,253.28
2021-09-27T04:00:00Z,252.17,252.58,249.56,251.43,1284620,20574,251.241
2021-09-28T04:00:00Z,250.69,251.06,247.74,249.73,1544681,29852,249.535
2021-09-29T04:00:00Z,249.92,252.43,249.92,251.79,971028,18832,251.579
2021-09-30T04:00:00Z,251.86,252.775,245.79,245.82,2342632,30197,247.363
2021-10-01T04:00:00Z,246.43,246.43,240.919,244.68,1912669,29541,244.18
2021-10-04T04:00:00Z,243.61,247.29,240.11,240.55,2474466,27817,241.247
2021-10-05T04:00:00Z,240.55,245.13,240.55,243.06,1815985,25134,243.233
2021-10-06T04:00:00Z,242.03,245.34,241.46,245.25,1395315,23466,243.968
2021-10-07T04:00:00Z,246.16,248.21,241.106,241.75,1437131,25020,243.335
2021-10-08T04:00:00Z,241.98,242.59,238.51,238.58,1671874,27712,239.537
2021-10-11T04:00:00Z,238.4,238.59,235.67,235.83,973778,18625,236.546
2021-10-12T04:00:00Z,235.83,238.59,235.13,238.39,1681716,23553,237.517
2021-10-13T04:00:00Z,238.55,241.67,237.83,239.84,1303721,22834,239.785
2021-10-14T04:00:00Z,240.76,243.395,240.76,242.68,1185108,16830,242.605
2021-10-15T04:00:00Z,242.91,243.98,240.19,241.16,1515603,20964,241.437
2021-10-18T04:00:00Z,240.84,240.93,238.18,238.45,1047153,15695,238.847
2021-10-19T04:00:00Z,239.5,242.96,239.16,242.73,933259,14072,242.209
2021-10-20T04:00:00Z,244.47,248.07,243.31,246.9,1140676,17588,246.255
2021-10-21T04:00:00Z,247.95,248.48,245.405,246.47,699175,13569,246.43
2021-10-22T04:00:00Z,246.6,247.36,245.645,247.09,1166801,16094,246.549
2021-10-25T04:00:00Z,247.12,247.12,246.41,246.41,141688,3,246.456
2021-10-26T04:00:00Z,246.8,247.3,245.86,246.35,1407901,22243,246.45
2021-10-27T04:00:00Z,247.41,247.6,244.95,245,1562716,20085,245.499
2021-10-28T04:00:00Z,245,246.94,238.1,238.66,1616086,27738,240.58
2021-10-29T04:00:00Z,238.17,240.33,237.05,239.59,2125370,27681,239.161
2021-11-01T04:00:00Z,239.93,243.56,239.29,243.05,1103365,19145,242.442
2021-11-02T04:00:00Z,243.04,243.5,241.22,242.9,1991216,23977,242.555
2021-11-03T04:00:00Z,242.56,247.35,242.298,247.03,1827366,27524,245.815
2021-11-04T04:00:00Z,250,252.29,242.39,244.08,2254769,33026,245.583
2021-11-05T04:00:00Z,240.91,245.34,239.409,243.71,2143182,28435,242.462
2021-11-08T05:00:00Z,242.48,245.61,241.341,245.27,1156553,20048,244.328
2021-11-09T05:00:00Z,244.28,245.42,242.81,243.66,1747425,21777,243.754
2021-11-10T05:00:00Z,244,246.68,241.38,245.88,1170010,16664,245.721
2021-11-11T05:00:00Z,245.63,246.73,241.91,245,1383275,19294,244.322
2021-11-12T05:00:00Z,245.19,245.79,242.77,244,1780748,18844,243.95
2021-11-15T05:00:00Z,244.7,245,242.85,243.68,1494759,19857,243.791
2021-11-16T05:00:00Z,244.22,245.89,243.18,244.11,1456211,16924,244.406
2021-11-17T05:00:00Z,245.05,250.11,244,249.86,2065524,25949,248.749
2021-11-18T05:00:00Z,250.64,251.55,247.3,249.36,1821202,23493,249.302
2021-11-19T05:00:00Z,250.97,252.41,248.57,248.61,1527741,21531,249.441
2021-11-22T05:00:00Z,247.37,247.59,244.21,245.29,1394877,25452,245.694
2021-11-23T05:00:00Z,244.76,247.14,244,246.58,1378884,21863,245.763
2021-11-24T05:00:00Z,246.27,247.346,244.43,244.46,1021227,17008,245.013
2021-11-26T05:00:00Z,245.03,248.78,244.32,245.09,1226479,22750,245.952
2021-11-29T05:00:00Z,245.15,246.88,243.25,243.61,1435447,26035,244.252
2021-11-30T05:00:00Z,244.93,244.93,236,237.14,5594955,41908,238.407
2021-12-01T05:00:00Z,237.66,243.53,236.62,241.67,2564206,37909,241.369
2021-12-02T05:00:00Z,241.78,246.02,240.95,241.94,1903971,32023,242.421
2021-12-03T05:00:00Z,243.72,244.25,240.56,244.12,1385398,22685,242.954
2021-12-06T05:00:00Z,245.31,249.28,244.79,246.14,1592959,23926,246.758
2021-12-07T05:00:00Z,247.21,252.68,247.07,250.36,1913790,26553,250.524
2021-12-08T05:00:00Z,242.6,247.88,240.09,246.45,1630629,24612,245.764
2021-12-09T05:00:00Z,246.11,247.16,244.66,245.11,1340888,22660,245.486
2021-12-10T05:00:00Z,245.68,246.84,243.88,244.97,1076640,19913,245.008
2021-12-13T05:00:00Z,245.49,254,245.191,252.81,1684243,27223,251.848
2021-12-14T05:00:00Z,252.06,252.32,247.69,247.94,1441473,21347,248.934
2021-12-15T05:00:00Z,249.43,250.72,246.9,249.42,1525255,25422,248.853
2021-12-16T05:00:00Z,248.96,257.46,247.62,257.21,2054421,27056,255.026
2021-12-17T05:00:00Z,256.98,259.4,255.21,256.9,3385834,32303,257.117
2021-12-20T05:00:00Z,256.28,256.28,251.92,252.41,1855987,27567,253.088
2021-12-21T05:00:00Z,253.86,255.454,250.12,251.83,1258159,21174,251.862
2021-12-22T05:00:00Z,252.08,252.28,246,247.84,1331331,23837,247.678
2021-12-23T05:00:00Z,248,249.59,246.12,248.91,1142515,17375,248.51
2021-12-27T05:00:00Z,250,251.42,248.32,251.32,748466,13275,250.809
2021-12-28T05:00:00Z,251.11,251.355,248.74,250.21,633053,13653,249.948
2021-12-29T05:00:00Z,250.8,253.51,249.62,252.79,934871,17340,252.458
2021-12-30T05:00:00Z,253.7,255.05,252.53,253.26,564990,11821,253.333
2021-12-31T05:00:00Z,253.26,254.79,251.33,251.48,828888,13429,252.243
2022-01-03T05:00:00Z,250.23,253.57,246.92,253.21,1141315,19695,251.83
2022-01-04T05:00:00Z,252.52,253.17,249.215,251.78,1031705,21764,251.743
2022-01-05T05:00:00Z,251.75,255.375,251.5,252.95,1097622,18905,253.338
2022-01-06T05:00:00Z,251.68,253.15,249.65,249.73,885889,16127,250.761
2022-01-07T05:00:00Z,250.27,255.92,249.61,254.15,1533524,24378,253.924
2022-01-10T05:00:00Z,253.22,259.88,252.48,259.17,1990587,26910,257.558
2022-01-11T05:00:00Z,259.3,262.33,257.08,261.74,1650163,27356,260.51
2022-01-12T05:00:00Z,261,264.5,259.53,261.91,1643436,23982,262.347
2022-01-13T05:00:00Z,261.11,263.85,259.29,263.69,1657802,25844,262.804
2022-01-14T05:00:00Z,263.23,263.7,260.755,262.62,1691376,30489,262.375
2022-01-18T05:00:00Z,261.67,262.37,258.04,260.42,1755049,23217,260.442
2022-01-19T05:00:00Z,260.97,264.96,260.03,263.87,1934043,27806,263.415
2022-01-20T05:00:00Z,264.79,268.55,263.85,263.97,1782958,27757,265.571
2022-01-21T05:00:00Z,266.17,266.65,262.87,264.63,1924384,30480,264.916
2022-01-24T05:00:00Z,262.72,263.84,259.01,259.96,497941,5564,260.57
2022-01-25T05:00:00Z,258.73,259.94,253.365,258.1,1769380,28941,257.623
2022-01-26T05:00:00Z,257.23,259.85,253.06,253.89,1869497,26796,255.359
2022-01-27T05:00:00Z,254.37,259.045,250.7,251.19,2000635,37038,252.914
2022-01-28T05:00:00Z,252.53,255.83,249.02,255.73,1678792,28277,253.619
2022-01-31T05:00:00Z,254.49,255.35,252,254.14,1916505,29435,253.794
2022-02-01T05:00:00Z,254.36,255.515,250.93,253.23,1332374,23778,252.921
2022-02-02T05:00:00Z,253.1,256.882,252.05,256.67,1627006,29356,255.746
2022-02-03T05:00:00Z,261.7,272.36,259.465,270.58,3402626,52333,269.278
2022-02-04T05:00:00Z,267,271.38,265.57,268.85,1914909,30865,268.826
2022-02-07T05:00:00Z,269.59,272.21,267.42,269.27,1813351,28089,269.029
2022-02-08T05:00:00Z,268.95,276.92,268.644,276.49,1827492,29404,274.939
2022-02-09T05:00:00Z,276.65,280.62,275.37,277.24,2093250,30597,278.462
2022-02-10T05:00:00Z,275.63,275.63,270.44,271.94,1511132,26759,272.616
2022-02-11T05:00:00Z,270.98,274.96,268.73,269.98,1257323,24153,270.871
2022-02-14T05:00:00Z,269.1,270.53,266.66,268.9,1265457,25158,268.84
2022-02-15T05:00:00Z,271.87,272.825,269.61,271.15,1095265,21280,271.319
2022-02-16T05:00:00Z,270.07,271.95,267.15,271.13,1238615,23150,270.348
2022-02-17T05:00:00Z,268.42,268.69,264.84,266.15,1421310,25315,266.486
2022-02-18T05:00:00Z,266.62,268.14,262.78,264.04,1603348,20843,264.811
2022-02-22T05:00:00Z,264.95,266.33,263.06,264.16,1660159,25725,264.379
2022-02-23T05:00:00Z,264.73,269.77,264.08,268.66,1721863,29047,268.19
2022-02-24T05:00:00Z,265.56,267.96,263.69,266.29,2044764,32899,265.92
2022-02-25T05:00:00Z,267.67,273.24,266.54,272.72,1480652,26968,271.867
2022-02-28T05:00:00Z,268.54,271.65,268.234,271.28,1473882,23165,270.726
2022-03-01T05:00:00Z,271,273.45,269.35,271.39,1148040,24369,271.12
2022-03-02T05:00:00Z,270.59,274.4,269.84,272.52,1081976,23806,272.51
2022-03-03T05:00:00Z,273.25,274.87,271.23,272.84,1150640,21914,273.098
2022-03-04T05:00:00Z,271.39,275.67,269.16,275.42,1517517,26978,273.574
2022-03-07T05:00:00Z,273.66,276.49,269.76,276.05,1967427,30514,273.826
2022-03-08T05:00:00Z,274.13,274.13,265.13,265.13,169596,8,265.853
2022-03-09T05:00:00Z,266.13,268.295,263.47,264.84,1348016,27980,265.384
2022-03-10T05:00:00Z,262.41,262.84,256.565,257.72,2197708,35247,258.908
2022-03-11T05:00:00Z,257.95,258.99,254.17,254.51,1492006,28206,255.761
2022-03-14T04:00:00Z,255.91,262.3,254.61,256.8,1456483,25426,257.93
2022-03-15T04:00:00Z,258.01,259.17,255.47,258.69,1331839,23123,258.073
2022-03-16T04:00:00Z,259.85,261.33,257.275,260.79,1355930,24521,259.971
2022-03-17T04:00:00Z,260.73,263.75,257.59,262.29,1445266,23758,261.774
2022-03-18T04:00:00Z,261.41,262.84,257.74,262.04,3891739,30571,261.529
2022-03-21T04:00:00Z,261.38,268.1,261.015,267.6,1383889,27271,266.799
2022-03-22T04:00:00Z,268.85,268.85,263.42,264.87,1394272,22963,265.362
2022-03-23T04:00:00Z,265.72,266.45,260.91,261.97,1596992,18467,262.464
2022-03-24T04:00:00Z,262.58,263.87,261.94,263.09,783492,14740,262.99
2022-03-25T04:00:00Z,264.61,265.8,262.75,265.67,817735,14399,265.075
2022-03-28T04:00:00Z,265.94,268.16,263.542,268.14,876359,16046,266.847
2022-03-29T04:00:00Z,269.95,271.82,268.29,269.77,1527304,25877,269.847
2022-03-30T04:00:00Z,268.98,272.18,267.86,269.59,1183114,18150,269.322
2022-03-31T04:00:00Z,269.32,270.25,265.49,266,1474736,19351,266.897
2022-04-01T04:00:00Z,260.55,263.7,258.14,262.5,1539624,23876,261.718
2022-04-04T04:00:00Z,261.78,262.03,256.945,258.31,1238305,20035,259.229
2022-04-05T04:00:00Z,257.78,266.6,257.75,262.94,1271111,21910,262.93
2022-04-06T04:00:00Z,261.94,270.97,261.15,270.65,1818764,33575,268.801
2022-04-07T04:00:00Z,269.65,274.47,268.83,273.52,1160024,21575,273.129
2022-04-08T04:00:00Z,274.07,277.29,274.01,275.42,1531286,26350,275.709
2022-04-11T04:00:00Z,275.61,275.99,268.56,270.01,1258535,22693,270.442
2022-04-12T04:00:00Z,269.32,271.44,267.02,269.18,892597,19100,269.402
2022-04-13T04:00:00Z,269.07,271.44,267.7,270.94,757778,16275,270.564
2022-04-14T04:00:00Z,272.22,274.13,270.14,271.68,1060080,19734,272.062
2022-04-18T04:00:00Z,271.01,272.17,258.975,260.1,1104536,22889,262.048
2022-04-19T04:00:00Z,259.42,263.88,259.22,263.49,1210743,19699,262.804
2022-04-20T04:00:00Z,264.31,269.255,263.67,267.65,1556898,23234,267.622
2022-04-21T04:00:00Z,271,271.37,264.53,264.89,1793552,26319,266.108
2022-04-22T04:00:00Z,262.39,262.66,254.945,255.04,1331444,23770,256.304
2022-04-25T04:00:00Z,254.7,259.18,252.65,258.46,1036558,22116,256.612
2022-04-26T04:00:00Z,257.9,260,254.003,254.98,1471313,24923,256.145
2022-04-27T04:00:00Z,255.62,256.9,252.29,252.95,1765410,27045,253.699
2022-04-28T04:00:00Z,254.21,255.46,250.355,253.16,1172738,19044,253.177
2022-04-29T04:00:00Z,251.86,252.91,246.31,247.19,1454842,22192,248.151
2022-05-02T04:00:00Z,248.12,250.79,243.6,245.58,1116290,23727,246.47
2022-05-03T04:00:00Z,246.76,250.74,246.22,248.83,1289164,21964,248.88
2022-05-04T04:00:00Z,248.01,254.49,246.315,253.54,1459720,28357,251.936
2022-05-05T04:00:00Z,251.01,260.88,248.83,259.64,2703831,45707,258.063
2022-05-06T04:00:00Z,256,259.36,250.31,257.97,2352437,37815,255.532
2022-05-09T04:00:00Z,255.01,255.55,251.562,252.2,1737762,29873,253.05
2022-05-10T04:00:00Z,253.22,256.18,249.001,250.1,1833707,36027,251.724
2022-05-11T04:00:00Z,249.07,255.74,248.625,248.99,1111125,26487,250.716
2022-05-12T04:00:00Z,248.65,250.26,246.105,249.72,1271080,29418,248.655
2022-05-13T04:00:00Z,251.03,251.31,245.93,248.44,1200156,23560,248.651
2022-05-16T04:00:00Z,248.73,254.415,247.615,252.89,1240792,25622,252.107
2022-05-17T04:00:00Z,254.14,256.27,252.62,256.26,1198025,20599,255.482
2022-05-18T04:00:00Z,255.8,256.43,250.55,251.1,1048064,19898,252.478
2022-05-19T04:00:00Z,249.58,252.495,246.07,251.14,1428342,23339,250.207
2022-05-20T04:00:00Z,252.4,253.47,247.82,252.3,1096386,21234,251.384
2022-05-23T04:00:00Z,255.83,257.79,253.31,257,1003568,19107,256.556
2022-05-24T04:00:00Z,256.91,258.99,255.49,257.45,1122679,19463,257.099
2022-05-25T04:00:00Z,259.54,259.54,248.31,252.16,1388994,30013,252.138
2022-05-26T04:00:00Z,253.54,255.53,251.8,252.5,916256,18538,253.178
2022-05-27T04:00:00Z,254.04,256.46,252.54,256.46,815914,16415,255.647
2022-05-31T04:00:00Z,253.42,257.37,250.93,255.8,1847320,22929,255.594
2022-06-01T04:00:00Z,259.05,259.05,248.19,251.4,906824,20013,251.567
2022-06-02T04:00:00Z,251.96,253.95,245.91,253.68,770451,18020,252.386
2022-06-03T04:00:00Z,253.15,255.31,251.98,252.34,622088,16608,252.83
2022-06-06T04:00:00Z,254.06,259.13,253.05,258.72,1270491,24351,256.847
2022-06-07T04:00:00Z,258.14,260,254.75,257.92,1094849,20142,257.607
2022-06-08T04:00:00Z,256.9,258.47,254.68,254.85,909845,18583,255.886
2022-06-09T04:00:00Z,253.78,254.66,248.03,248.37,836640,17259,249.87
2022-06-10T04:00:00Z,245.92,251.25,243.74,249.33,1555573,25776,248.468
2022-06-13T04:00:00Z,244.8,247.61,240.575,241.85,1467977,22882,242.622
2022-06-14T04:00:00Z,241.85,242.143,233.05,236.32,1334850,26202,237.214
2022-06-15T04:00:00Z,237.3,238.97,233.695,236.79,1064846,22529,236.747
2022-06-16T04:00:00Z,234.01,235.26,231.46,234.74,1888469,32567,233.813
2022-06-17T04:00:00Z,235.52,240.77,234.75,235.33,2880697,30390,236.069
2022-06-21T04:00:00Z,238,238,234.51,236.53,1535411,25000,236.356
2022-06-22T04:00:00Z,235.64,239.13,234.03,237.27,1541792,28956,237.34
2022-06-23T04:00:00Z,238.01,242.76,238.01,242.54,849034,18329,241.417
2022-06-24T04:00:00Z,246.57,251.26,243.23,250.92,1826865,27969,249.876
2022-06-27T04:00:00Z,250.69,251.15,247.41,250.1,874093,19673,249.937
2022-06-28T04:00:00Z,250.53,251.7,244.39,244.53,1007476,20339,246.528
2022-06-29T04:00:00Z,244.58,251.17,243.655,249.34,1292620,26444,248.696
2022-06-30T04:00:00Z,248,249.66,245.48,246.53,1715487,27685,247.273
2022-07-01T04:00:00Z,246.5,252.165,244.32,251.8,916081,19589,250.437
2022-07-05T04:00:00Z,248.92,250.49,243.81,247.93,891857,21108,247.132
2022-07-06T04:00:00Z,247.76,250.176,245.55,246.28,1234151,24755,247.093
2022-07-07T04:00:00Z,245.8,248.35,245.55,246.39,1094111,24032,246.573
2022-07-08T04:00:00Z,246.26,249.555,245.5,245.66,1024808,18450,246.461
2022-07-11T04:00:00Z,243.24,245,242.655,243.7,657629,18065,243.631
2022-07-12T04:00:00Z,241.37,242.69,235.6,236.92,1068100,23023,237.706
2022-07-13T04:00:00Z,235,236.85,233.205,235.46,819083,17157,235.518
2022-07-14T04:00:00Z,232.2,234.75,231.91,234.16,813551,16450,233.802
2022-07-15T04:00:00Z,236.81,240.07,235.62,239.24,952324,18177,238.763
2022-07-18T04:00:00Z,238.08,239.109,233.93,234.31,981115,18113,235.289
2022-07-19T04:00:00Z,236.67,238.81,235.63,238.46,918021,16935,237.838
2022-07-20T04:00:00Z,236.45,237.71,235.18,237.19,1209082,23668,236.586
2022-07-21T04:00:00Z,238.61,242.11,237.453,241.08,1185358,20985,240.553
2022-07-22T04:00:00Z,241.9,243.11,240.33,242.13,692146,14864,241.886
2022-07-25T04:00:00Z,242.45,243.67,241.58,242.63,697142,15354,242.511
2022-07-26T04:00:00Z,244.45,245.605,241.95,244.15,640919,16588,244.108
2022-07-27T04:00:00Z,243.54,245.88,240.11,244.34,707968,17693,243.5
2022-07-28T04:00:00Z,244.04,245.665,239.8,243.91,1134041,23674,243.742
2022-07-29T04:00:00Z,243.61,245.319,242.02,244.31,1394602,21452,244.246
2022-08-01T04:00:00Z,243.13,245.395,243.13,244.77,848573,17839,244.586
2022-08-02T04:00:00Z,245.19,246.745,242.64,243.02,1097683,19275,243.941
2022-08-03T04:00:00Z,243.01,246.41,242.93,244.93,1015789,22834,244.718
2022-08-04T04:00:00Z,245.46,256.41,245.46,252.51,1983214,31575,251.254
2022-08-05T04:00:00Z,251.45,255.4,248.3,254.23,1177270,25819,253.702
2022-08-08T04:00:00Z,254.58,257.19,253.261,255.97,809171,19765,255.641
2022-08-09T04:00:00Z,257.56,261.895,254.81,255.3,1221567,26536,257.734
2022-08-10T04:00:00Z,257.7,259.04,256.24,258.56,842920,17702,258.253
2022-08-11T04:00:00Z,258.95,262.46,258.7,259.4,970483,15761,259.749
2022-08-12T04:00:00Z,259.98,263.97,259.86,263.69,967971,16848,262.618
2022-08-15T04:00:00Z,263.08,267.5,262.607,266.81,873874,20540,266.222
2022-08-16T04:00:00Z,266.06,269.06,264.875,267.78,1107063,21920,267.755
2022-08-17T04:00:00Z,265.8,267.4,263.57,264.23,719019,17778,264.514
2022-08-18T04:00:00Z,264.58,264.8,261.38,263.71,715269,16225,263.169
2022-08-19T04:00:00Z,264.36,265.73,261.63,264.53,900649,15553,264.494
2022-08-22T04:00:00Z,263.97,265.69,259.89,260.75,861919,19521,261.3
2022-08-23T04:00:00Z,259.35,260.16,256.49,257.4,1041229,19627,257.818
2022-08-24T04:00:00Z,257.42,260.78,256.14,258.35,997432,20124,258.637
2022-08-25T04:00:00Z,259.58,260.58,258.08,260.01,784634,17134,259.682
2022-08-26T04:00:00Z,260.27,260.63,253.53,253.73,839832,19382,255.042
2022-08-29T04:00:00Z,252.12,256.11,251.51,254.44,608509,16033,254.384
2022-08-30T04:00:00Z,254.39,254.88,252.38,253.17,801595,19682,253.488
2022-08-31T04:00:00Z,253.86,257.735,252.33,252.42,1416369,25331,253.259
2022-09-01T04:00:00Z,251.91,255.32,251.15,255.25,1094642,23446,254.13
2022-09-02T04:00:00Z,256.52,256.805,251.795,252.84,1042563,21119,253.959
2022-09-06T04:00:00Z,253.56,253.57,250.77,252.07,987681,22173,252.358
2022-09-07T04:00:00Z,253.04,259.58,252.805,258.97,1517197,28985,257.837
2022-09-08T04:00:00Z,257.5,260.7,256.42,260.5,1438167,24228,259.688
2022-09-09T04:00:00Z,260,263.92,259.59,262.85,1057551,18744,262.069
2022-09-12T04:00:00Z,263.23,266.295,262.64,264.23,1020562,21244,264.436
2022-09-13T04:00:00Z,261.64,262.87,256.46,256.78,1164135,19330,258.23
2022-09-14T04:00:00Z,257.69,262,256.715,258.95,1257528,24094,258.807
2022-09-15T04:00:00Z,258.95,260.04,256.4,256.7,728530,18084,257.343
2022-09-16T04:00:00Z,255.84,256.14,253.36,254.32,1818849,21706,254.784
2022-09-19T04:00:00Z,252.61,252.61,248.62,251.26,1812394,34205,250.586
2022-09-20T04:00:00Z,250.13,250.34,241.35,244.11,1560384,34373,244.02
2022-09-21T04:00:00Z,244.21,246.18,237.84,238.01,1223510,23927,240.435
2022-09-22T04:00:00Z,237.5,238.93,235.78,237.19,1066773,22179,237.436
2022-09-23T04:00:00Z,235.77,237.33,230.619,233.92,1671925,29727,233.451
2022-09-26T04:00:00Z,232.84,234.44,230.2,231.64,1231912,21403,232.051
2022-09-27T04:00:00Z,233.4,234.821,227.247,228.34,1234643,25293,229.555
2022-09-28T04:00:00Z,229.18,232.02,227.68,230.37,1512473,24412,230.247
2022-09-29T04:00:00Z,229.63,230,224.61,226.12,1566211,29079,226.303
2022-09-30T04:00:00Z,227.13,228.63,222.61,222.83,1929296,30143,224.313
2022-10-03T04:00:00Z,225.1,231.955,222.81,230.78,1170824,23595,230.095
2022-10-04T04:00:00Z,231.36,237.22,230.64,236.97,1230090,28082,235.952
2022-10-05T04:00:00Z,235.05,238.3,233.65,236.83,975248,19885,236.49
2022-10-06T04:00:00Z,235.36,235.62,228.18,228.4,1360907,25193,229.734
2022-10-07T04:00:00Z,226.93,227.55,221.64,222.67,1593242,31593,223.422
2022-10-10T04:00:00Z,224.4,224.9,219.6,219.81,1219313,24145,221.062
2022-10-11T04:00:00Z,220.08,224.46,217.68,222.65,1081933,22586,222.367
2022-10-12T04:00:00Z,222.86,224.26,220.69,220.79,849218,19398,221.436
2022-10-13T04:00:00Z,217.23,227.38,215.9,226.53,1065639,23649,223.984
2022-10-14T04:00:00Z,228.13,229.74,223.59,224.7,1031130,21808,225.124
2022-10-17T04:00:00Z,226.36,230.18,225.39,229.02,1143909,22461,228.96
2022-10-18T04:00:00Z,234.71,236.115,230.27,230.63,1662134,28264,231.691
2022-10-19T04:00:00Z,228.88,229.82,223.89,225.47,1437551,26486,225.564
2022-10-20T04:00:00Z,225.75,226.44,222.22,222.58,1002280,19882,223.412
2022-10-21T04:00:00Z,222.87,224.4,220.59,223.6,2001203,30431,223.152
2022-10-24T04:00:00Z,225.69,227.26,224.19,225.21,1806533,28237,225.374
2022-10-25T04:00:00Z,225.37,226.44,224.29,225.7,2156089,35513,225.676
2022-10-26T04:00:00Z,227.2,233.61,225.8,232.88,2000286,33939,231.661
2022-10-27T04:00:00Z,233.75,233.75,230.065,231.17,1089992,21356,231.579
2022-10-28T04:00:00Z,232.19,235.64,232.19,235.26,1442851,24690,234.858
2022-10-31T04:00:00Z,234.65,237.3,234.34,235.97,1626443,21897,235.757
2022-11-01T04:00:00Z,236.96,237.6,232.89,233.88,2414574,31290,234.517
2022-11-02T04:00:00Z,233.81,235.095,227.96,228,2228923,33662,230.898
2022-11-03T04:00:00Z,225.99,226.13,220.98,221,2735530,30185,222.079
2022-11-04T04:00:00Z,224.07,224.07,218.18,220.84,2573580,35953,220.542
2022-11-07T05:00:00Z,220.84,222.18,219.04,220.94,1932672,34438,221.055
2022-11-08T05:00:00Z,220.86,222.1,217.8,219.49,2899564,43243,220.128
2022-11-09T05:00:00Z,220.02,221.18,217.7,218.29,2091436,39923,218.891
2022-11-10T05:00:00Z,221.41,230.14,219.81,229.28,4010734,71539,226.355
2022-11-11T05:00:00Z,230.42,230.42,224.45,227.67,1792654,39933,227.005
2022-11-14T05:00:00Z,228.8,229.39,224.14,224.16,1924445,33224,225.72
2022-11-15T05:00:00Z,226.23,226.23,221.12,222.37,2027395,35838,223.103
2022-11-16T05:00:00Z,223.75,225.22,221.34,222.08,1458725,25151,222.327
2022-11-17T05:00:00Z,220,222.385,218.82,219.91,1204124,23262,220.144
2022-11-18T05:00:00Z,220.54,226.3,219.79,225.59,1405021,23042,225.169
2022-11-21T05:00:00Z,225.61,237.37,225.61,234.69,2435762,43475,235.132
2022-11-22T05:00:00Z,234.05,235.85,231.325,235.61,1401645,27053,234.406
2022-11-23T05:00:00Z,235.18,237.51,234.85,237.34,983777,19758,236.509
2022-11-25T05:00:00Z,237.84,238.79,236.5,238.06,374999,8638,238.053
2022-11-28T05:00:00Z,237.39,239.35,236.01,237.34,1709790,26559,237.11
2022-11-29T05:00:00Z,236.72,241.12,235.57,241.02,1890972,31224,239.739
2022-11-30T05:00:00Z,241.52,249.68,240.04,249.34,2429126,33347,246.886
2022-12-01T05:00:00Z,251.81,254.3,249.57,250.83,1658234,36954,251.326
2022-12-02T05:00:00Z,248.24,252.59,247.76,252.38,1342753,24733,250.22
2022-12-05T05:00:00Z,249.37,250.48,246.12,246.21,1224195,24536,247.107
2022-12-06T05:00:00Z,245.48,246.99,242.76,244.39,908531,19655,244.328
2022-12-07T05:00:00Z,245.25,247.24,243.52,246.48,1648596,27281,245.555
2022-12-08T05:00:00Z,245,248.15,244.62,247.97,1224737,24388,246.914
2022-12-09T05:00:00Z,247.24,249.59,246.23,247.6,856005,18611,248.178
2022-12-12T05:00:00Z,249.15,254.92,248.4,254.06,1567351,27370,252.972
2022-12-13T05:00:00Z,259.37,259.44,253.6,254.05,2638906,37476,255.524
2022-12-14T05:00:00Z,253.81,255.48,250.57,254.04,1752924,31044,253.957
2022-12-15T05:00:00Z,252.22,254,249.43,250.51,1149795,23915,250.537
2022-12-16T05:00:00Z,248.56,250,246.755,249.51,2239670,28494,249.048
2022-12-19T05:00:00Z,249.66,250.81,247.62,248.46,1215761,22980,248.831
2022-12-20T05:00:00Z,248.76,251.22,248.07,249.24,1185179,24949,249.761
2022-12-21T05:00:00Z,250.95,254.49,250.65,253.36,820318,19824,252.936
2022-12-22T05:00:00Z,252.75,253.85,250.3,253.59,816724,19075,252.649
2022-12-23T05:00:00Z,253.51,255.35,252.34,254.47,619363,16803,254.225
2022-12-27T05:00:00Z,254.68,255.59,252.89,255.3,558076,15669,254.886
2022-12-28T05:00:00Z,256.34,257.55,253.02,253.12,512996,14550,254.163
2022-12-29T05:00:00Z,255.25,258.66,252.94,256.9,643905,16798,256.975
2022-12-30T05:00:00Z,255.81,256.64,252.4,254.3,639897,17129,254.011
2023-01-03T05:00:00Z,262.66,262.66,253.72,256.18,1001997,22829,256.291
2023-01-04T05:00:00Z,258,258.52,256.23,258.09,1443175,27052,257.599
2023-01-05T05:00:00Z,257.65,258.38,254.81,255.31,1575185,27329,256.071
2023-01-06T05:00:00Z,256.88,259.52,254.62,259.34,1141196,21881,258.104
2023-01-09T05:00:00Z,259.95,259.95,252.3,252.45,1337610,27715,254.468
2023-01-10T05:00:00Z,254.44,256.465,254.07,255.37,1219134,24231,255.589
2023-01-11T05:00:00Z,256.1,256.75,253.63,256.15,1413255,23536,255.787
2023-01-12T05:00:00Z,256.6,258,254.08,254.6,692970,18091,255.618
2023-01-13T05:00:00Z,253.77,256.22,253.2,255.85,663797,14651,255.613
2023-01-17T05:00:00Z,255.12,257.27,254.89,256,1439903,25179,256.26
2023-01-18T05:00:00Z,255.79,255.79,253.15,253.57,1090802,23207,254.105
2023-01-19T05:00:00Z,252.65,255.2,251.909,253.96,913544,18481,253.918
2023-01-20T05:00:00Z,254.03,254.03,250.09,253.81,902883,21264,253.001
2023-01-23T05:00:00Z,253.64,253.64,249.2,249.58,1193805,27576,250.727
2023-01-24T05:00:00Z,250.48,250.685,245.53,245.75,893955,19829,246.688
2023-01-25T05:00:00Z,244.46,246.78,242.72,246.78,1228745,26833,245.29
2023-01-26T05:00:00Z,247.21,249.2,245.29,249.14,573138,16044,248.188
2023-01-27T05:00:00Z,249.29,253.38,248.13,251.82,1231433,25262,251.762
2023-01-30T05:00:00Z,251.57,252.97,249.56,250.13,1044263,22900,250.677
2023-01-31T05:00:00Z,249.88,252.435,248.56,252.22,1201531,21490,251.344
2023-02-01T05:00:00Z,251.99,255.03,250.93,254.17,1096405,27771,253.504
2023-02-02T05:00:00Z,239.17,257.69,236.11,248.47,3033954,48537,251.005
2023-02-03T05:00:00Z,248.6,250.37,244.04,245.84,2117947,30644,246.436
2023-02-06T05:00:00Z,246.06,250.73,246.06,250.16,1549938,30657,249.713
2023-02-07T05:00:00Z,248.52,254.125,248.22,253.19,1541852,28775,251.836
2023-02-08T05:00:00Z,252.38,253.11,249.29,250.23,1069818,19596,250.741
2023-02-09T05:00:00Z,249.42,250.185,244.47,245.23,917531,17946,246.074
2023-02-10T05:00:00Z,245.68,247.99,244.28,247.83,1155076,22224,246.859
2023-02-13T05:00:00Z,247.75,248.91,245.65,247.25,1079984,21230,247.255
2023-02-14T05:00:00Z,247.61,247.61,241.7,243.41,1826757,30083,243.407
2023-02-15T05:00:00Z,242.66,243.82,241.55,243.55,697035,16904,243.325
2023-02-16T05:00:00Z,241.11,244.25,240.165,241.94,845518,17861,242.145
2023-02-17T05:00:00Z,241.9,245.1,240.97,244.52,1314208,20416,244.056
2023-02-21T05:00:00Z,242.58,242.58,239.355,239.5,1179088,20946,240.25
2023-02-22T05:00:00Z,239.55,241.96,239.34,240.4,1101794,18351,240.493
2023-02-23T05:00:00Z,239.41,241.46,238.595,239.72,752908,18057,239.828
2023-02-24T05:00:00Z,237.04,238.32,235.2,237.92,832193,22418,237.121
2023-02-27T05:00:00Z,239.38,239.91,236.285,236.89,593793,17373,237.497
2023-02-28T05:00:00Z,236.45,238.12,234.17,234.55,1538234,27007,235.238
2023-03-01T05:00:00Z,232.48,233.495,230.595,232.16,872619,23631,231.941
2023-03-02T05:00:00Z,230.78,234.25,230.35,233.96,977319,23797,232.922
2023-03-03T05:00:00Z,235.38,237.31,234.67,237.22,766845,17884,236.752
2023-03-06T05:00:00Z,236.64,238,236.07,236.22,786090,17268,236.801
2023-03-07T05:00:00Z,237.19,238.225,234.92,236.13,1229796,26141,236.063
2023-03-08T05:00:00Z,235.65,236.79,234.742,235.23,832213,19782,235.51
2023-03-09T05:00:00Z,235.47,236.205,231.52,232.23,1038731,21669,233.538
2023-03-10T05:00:00Z,232,232.87,228.97,229.71,1009292,25920,230.417
2023-03-13T04:00:00Z,228.99,233.77,228.615,231.39,794149,19298,231.872
2023-03-14T04:00:00Z,233.93,234.45,230.27,232.89,928708,20609,232.647
2023-03-15T04:00:00Z,230.54,234.64,229.37,234.48,1231311,22735,233.537
2023-03-16T04:00:00Z,233.25,238.42,232.35,238,1225989,24069,237.223
2023-03-17T04:00:00Z,239.01,239.01,234.49,235.58,1542765,19263,236.46
2023-03-20T04:00:00Z,235.87,239.43,235.785,238.49,951493,18273,238.267
2023-03-21T04:00:00Z,239.54,240.78,237.848,240.25,1096256,18915,239.924
2023-03-22T04:00:00Z,240.92,244.04,238.92,238.92,1176747,23515,241.108
2023-03-23T04:00:00Z,238.65,239.85,235.27,236.38,934434,20074,237.094
2023-03-24T04:00:00Z,236.83,240.77,236.035,240.5,910624,21478,239.371
2023-03-27T04:00:00Z,242.93,243.77,241.94,242.18,880724,18408,242.573
2023-03-28T04:00:00Z,241.71,243.37,240.75,241.23,563108,14553,241.547
2023-03-29T04:00:00Z,241.49,243.85,241.49,242.93,757779,17354,242.991
2023-03-30T04:00:00Z,244.05,245.2,243.29,245.17,684393,15666,244.502
2023-03-31T04:00:00Z,246.49,247.64,244.25,247.54,1107476,20243,247.067
2023-04-03T04:00:00Z,246.57,248.47,244.72,246.95,1027345,20862,246.991
2023-04-04T04:00:00Z,247.84,250.475,247.84,248.25,1000465,23485,248.809
2023-04-05T04:00:00Z,249.41,252.875,248.6,251.67,853932,19288,251.471
2023-04-06T04:00:00Z,252.62,255.16,251.98,254.69,1369836,28168,254.041
2023-04-10T04:00:00Z,253.46,255.55,252.215,253.53,814024,19546,252.947
2023-04-11T04:00:00Z,254.03,255.52,252.92,252.98,909248,18666,253.737
2023-04-12T04:00:00Z,255.68,256.315,253.52,253.85,1199755,25899,254.274
2023-04-13T04:00:00Z,254.22,256.35,253.77,256.3,776316,16677,255.831
2023-04-14T04:00:00Z,256.45,257.38,254.84,255.5,746832,16547,255.767
2023-04-17T04:00:00Z,255.95,256.67,254.875,256.28,741920,16609,255.984
2023-04-18T04:00:00Z,256.76,256.76,253.47,253.59,836331,19587,254.607
2023-04-19T04:00:00Z,254.58,259.04,254.425,258.85,1379883,27564,258.002
2023-04-20T04:00:00Z,258.46,262.62,257.24,261.91,1552482,30260,260.919
2023-04-21T04:00:00Z,263.3,264.44,261.04,261.21,948248,21329,262.274
2023-04-24T04:00:00Z,262.16,264.025,260.01,262.02,1046532,23830,262.505
2023-04-25T04:00:00Z,261.77,262.7,259.76,260.93,765010,19874,260.808
2023-04-26T04:00:00Z,258.31,259.277,256.68,258.51,945132,21291,258.29
2023-04-27T04:00:00Z,258.66,263.86,258.06,263.3,1134766,26183,261.999
2023-04-28T04:00:00Z,262.94,265.065,261.954,264.31,1414165,23977,264.043
2023-05-01T04:00:00Z,263.95,266.13,263.95,265.32,1094746,21819,265.272
2023-05-02T04:00:00Z,264.43,265,262.43,263.79,1209027,23599,263.597
2023-05-03T04:00:00Z,265.04,266.7,262.75,263.61,1262943,29389,264.173
2023-05-04T04:00:00Z,260,260,251.82,252.46,2405831,39661,254.003
2023-05-05T04:00:00Z,254.37,256.715,252.47,253.66,1467486,33470,254.356
2023-05-08T04:00:00Z,251.67,253.388,250.773,251.5,1497129,26421,251.665
2023-05-09T04:00:00Z,250.69,250.77,248.03,249.65,1096874,21381,249.431
2023-05-10T04:00:00Z,251.18,251.425,247.96,251.05,805905,20275,250.403
2023-05-11T04:00:00Z,250.47,251.62,249.43,251.4,983398,26870,250.936
2023-05-12T04:00:00Z,251.67,252.74,250.405,252.51,862177,23570,251.833
2023-05-15T04:00:00Z,252.95,252.985,249.355,251.08,939065,23726,250.802
2023-05-16T04:00:00Z,250.34,251.64,249.54,250.37,698467,18722,250.502
2023-05-17T04:00:00Z,251.4,251.62,248.48,251.28,1079197,22163,250.53
2023-05-18T04:00:00Z,250.87,252.06,249.487,251.57,1394553,22478,250.885
2023-05-19T04:00:00Z,251.91,253.4,251.08,251.88,1236968,23695,252.11
2023-05-22T04:00:00Z,251.51,253.9,250.71,251.04,958294,24887,251.768
2023-05-23T04:00:00Z,250.2,251.15,245.6,246.48,1048030,27586,247.39
2023-05-24T04:00:00Z,246.3,246.3,243.76,245.25,965217,22174,245.126
2023-05-25T04:00:00Z,243.6,244.8,239.82,241.77,1422458,27651,241.822
2023-05-26T04:00:00Z,241.58,243.315,240.64,241.12,840252,20230,241.517
2023-05-30T04:00:00Z,241.23,242.68,238.25,238.39,1039484,25191,239.77
2023-05-31T04:00:00Z,238.5,242.26,237.62,241.76,2214570,34987,241.075
2023-06-01T04:00:00Z,243.73,248.56,243.08,248.11,2030118,35708,246.829
2023-06-02T04:00:00Z,249.49,253.5,249.3,251.79,1738793,33859,251.798
2023-06-05T04:00:00Z,252.12,255.36,252.08,253.99,1370689,30590,254.005
2023-06-06T04:00:00Z,255.04,255.82,248.08,250.46,1483534,30879,250.45
2023-06-07T04:00:00Z,250.11,252.94,249.21,252.23,1249107,24992,251.754
2023-06-08T04:00:00Z,250.29,251.32,248.17,249.5,1231300,22388,249.603
2023-06-09T04:00:00Z,250.76,252.71,249.395,251.5,1326924,25773,251.582
2023-06-12T04:00:00Z,251.42,251.45,249.12,250.71,1220618,25640,250.379
2023-06-13T04:00:00Z,249.79,252.17,249.205,251.5,635361,17433,251.286
2023-06-14T04:00:00Z,255.51,257.63,252.71,253.33,1147981,26302,254.528
2023-06-15T04:00:00Z,253.76,256.78,252.56,256.16,695586,16853,255.588
2023-06-16T04:00:00Z,257.38,259.88,256.63,258.63,1483531,19364,258.384
2023-06-20T04:00:00Z,257.06,259.505,255.08,256.47,934079,24048,257.295
2023-06-21T04:00:00Z,256.28,257.93,254.53,257.31,766844,17559,257.172
2023-06-22T04:00:00Z,258.36,259.12,257.095,258.07,714855,16768,258.09
2023-06-23T04:00:00Z,258,259.75,256.29,256.55,817190,18643,256.947
2023-06-26T04:00:00Z,256.55,257.06,252.643,256.49,653929,15464,256.038
2023-06-27T04:00:00Z,256.48,258.73,254.015,258.25,910618,19458,257.474
2023-06-28T04:00:00Z,258,259.37,257.31,259.02,1158852,24845,258.724
2023-06-29T04:00:00Z,258.03,260.61,257.28,260.52,1139872,22363,259.631
2023-06-30T04:00:00Z,262.19,265.09,262.03,264.01,1337049,25527,264.065
2023-07-03T04:00:00Z,261.8,263.23,259.41,261.92,600200,14312,261.581
2023-07-05T04:00:00Z,259.35,260.54,258.35,260.3,1155137,23131,259.914
2023-07-06T04:00:00Z,259.19,260.52,258.11,258.87,745277,21428,258.974
2023-07-07T04:00:00Z,257.02,258.64,256.18,256.92,920576,21275,257.08
2023-07-10T04:00:00Z,257.44,259.67,256.57,257.56,799957,18850,257.558
2023-07-11T04:00:00Z,257.21,259.38,256.34,259.33,704766,18222,258.633
2023-07-12T04:00:00Z,261.05,261.41,257.96,258.66,774601,20174,258.873
2023-07-13T04:00:00Z,257.84,260.98,257.64,259.95,1172008,24389,259.913
2023-07-14T04:00:00Z,260.21,261.125,258.205,259.39,906074,19015,259.321
2023-07-17T04:00:00Z,258.78,259.325,256.161,256.64,708012,18269,257.087
2023-07-18T04:00:00Z,255.86,256.79,253.52,256.32,761817,19472,255.86
2023-07-19T04:00:00Z,255.11,257.88,254.46,254.9,1439558,26605,255.183
2023-07-20T04:00:00Z,256.31,263.48,255.97,263.41,1447132,33242,260.351
2023-07-21T04:00:00Z,264.48,266.075,262.94,264.84,1148969,25081,264.877
2023-07-24T04:00:00Z,282.2,287.32,278.84,279.97,3866619,68705,281.765
2023-07-25T04:00:00Z,277.41,283.82,274.94,283.31,1666751,38673,281.987
2023-07-26T04:00:00Z,282.97,285.01,282,282.8,1854956,36633,283.194
2023-07-27T04:00:00Z,283.94,286.457,283.12,283.59,1947043,39248,284.89
2023-07-28T04:00:00Z,285.1,285.49,280.11,280.32,1641511,30553,280.889
2023-07-31T04:00:00Z,280.47,280.47,276.64,278.62,1625549,27322,278.128
2023-08-01T04:00:00Z,276.285,278.65,275.11,278.54,1133120,26083,277.667
2023-08-02T04:00:00Z,277.67,278.91,275.275,276.24,1396447,28548,276.731
2023-08-03T04:00:00Z,275.34,277.26,265.71,268.7,2143226,42391,269.499
2023-08-04T04:00:00Z,268.25,274.705,267.15,270.79,1521592,31440,271.614
2023-08-07T04:00:00Z,271.4,277.19,271.051,275.22,1477042,30402,275.382
2023-08-08T04:00:00Z,276.27,282.495,274.335,281.1,2522944,52475,279.376
2023-08-09T04:00:00Z,279.06,284.48,279.06,281.53,2048620,36893,282.386
2023-08-10T04:00:00Z,282,283.19,277.07,277.23,1282115,29547,278.901
2023-08-11T04:00:00Z,277.41,282.53,276.11,282.31,1325388,28045,281.235
2023-08-14T04:00:00Z,282.06,283.78,280.48,282.65,1077846,26851,282.498
2023-08-15T04:00:00Z,282.02,282.905,279.53,279.66,811860,20404,280.51
2023-08-16T04:00:00Z,278.29,279.08,276.29,276.75,814713,22770,277.329
2023-08-17T04:00:00Z,277.13,277.13,274.8,275.54,924813,21641,275.727
2023-08-18T04:00:00Z,274.61,275.85,272.59,273.69,974402,21489,273.882
2023-08-21T04:00:00Z,273.45,276.25,272.45,275.62,1070323,24348,275.097
2023-08-22T04:00:00Z,275.92,277.32,272.58,275.7,1032760,22413,274.973
2023-08-23T04:00:00Z,277.18,277.49,275.325,277.08,868683,21750,276.76
2023-08-24T04:00:00Z,277.19,279.68,276.96,277,859648,21503,277.634
2023-08-25T04:00:00Z,277.78,281.845,277.15,280.01,1342985,29059,280.066
2023-08-28T04:00:00Z,281.31,282.62,280.56,281.55,838480,20537,281.539
2023-08-29T04:00:00Z,282.12,282.41,280.355,281.47,878201,22420,281.332
2023-08-30T04:00:00Z,282.2,283.5,279.59,280.3,931913,23495,280.597
2023-08-31T04:00:00Z,280.8,281.86,278.61,279.45,1103338,19775,279.794
2023-09-01T04:00:00Z,281,281,277.66,278.46,834521,19926,278.548
2023-09-05T04:00:00Z,278.45,278.45,272.355,272.88,1211167,29824,273.577
2023-09-06T04:00:00Z,271.88,272.135,261.1,266.64,2460600,47890,266.124
2023-09-07T04:00:00Z,266.98,269.44,265.9,267.06,1045370,27308,267.479
2023-09-08T04:00:00Z,266.53,267.52,263.21,266.76,1182937,24629,265.683
2023-09-11T04:00:00Z,267.23,268.63,263.99,267.18,1205459,27164,267.267
2023-09-12T04:00:00Z,266.99,267.32,262.74,263.7,1111717,28898,264.124
2023-09-13T04:00:00Z,263.35,265.33,262.715,265.01,986993,21952,264.621
2023-09-14T04:00:00Z,266.35,267,263.49,264.62,1215366,25131,264.908
2023-09-15T04:00:00Z,262.24,265.675,261.73,263.74,3003670,28431,263.617
2023-09-18T04:00:00Z,264.24,266.5,262.22,264.57,818398,20222,264.788
2023-09-19T04:00:00Z,264.21,266.85,263.68,265.96,867172,20496,265.757
2023-09-20T04:00:00Z,267.5,268.97,266.84,267.13,1256521,24246,267.727
2023-09-21T04:00:00Z,266.74,267.82,264.76,265.04,988958,22759,265.996
2023-09-22T04:00:00Z,264.46,266.82,264.03,265.2,633333,15614,265.38
2023-09-25T04:00:00Z,265,266.86,263.56,266.77,961803,19851,265.841
2023-09-26T04:00:00Z,264.34,266.3,260.77,260.94,953847,23339,261.968
2023-09-27T04:00:00Z,262.46,263,255.88,258.8,1188622,24809,258.7
2023-09-28T04:00:00Z,259.62,264.04,259.62,262.74,1008035,25787,262.764
2023-09-29T04:00:00Z,263.36,263.99,257.89,258.53,1246355,27424,259.163
2023-10-02T04:00:00Z,256.37,258.01,255.15,257.76,749246,20701,257.108
2023-10-03T04:00:00Z,257.1,259.87,256.54,258.9,1004885,26237,258.873
2023-10-04T04:00:00Z,259.59,260,256.115,259.72,670376,18026,258.718
2023-10-05T04:00:00Z,259.83,261.59,258.87,261.05,821506,19858,260.57
2023-10-06T04:00:00Z,260.2,264.05,258.04,262.42,801986,19361,262.264
2023-10-09T04:00:00Z,261.34,265.9,261.275,265.8,690136,16911,264.906
2023-10-10T04:00:00Z,265.04,269.52,263.83,267.23,987467,23749,267.495
2023-10-11T04:00:00Z,266.29,266.29,258.13,261.3,1693457,31707,260.671
2023-10-12T04:00:00Z,261.69,262.55,256.66,257.07,1100175,24985,257.791
2023-10-13T04:00:00Z,256.86,259.85,256.38,258.7,1032043,21725,258.468
2023-10-16T04:00:00Z,259.88,261.54,257.43,259.75,750192,19832,259.401
2023-10-17T04:00:00Z,258.06,261.39,256.89,259.3,842710,18842,259.002
2023-10-18T04:00:00Z,260.31,261.72,257.92,259.4,940513,19600,260.083
2023-10-19T04:00:00Z,259.39,261.76,256.99,257.48,809534,20170,258.571
2023-10-20T04:00:00Z,257.55,261.63,257.04,258.64,1049613,22608,259.383
2023-10-23T04:00:00Z,258.57,260.73,255.59,255.93,699320,20705,257.095
2023-10-24T04:00:00Z,255.58,260.14,255.52,259.21,813708,21122,258.93
2023-10-25T04:00:00Z,258.3,262.23,255,255.57,1080463,23965,257.129
2023-10-26T04:00:00Z,254.48,256.38,253.31,254.18,634197,21719,254.439
2023-10-27T04:00:00Z,254.07,254.878,250.36,251.6,1061001,23908,251.812
2023-10-30T04:00:00Z,253,253,248.57,251.09,1070792,27392,250.487
2023-10-31T04:00:00Z,252.32,253.875,250.325,252.78,1969189,33410,252.178
2023-11-01T04:00:00Z,253.76,254.51,251.365,253.78,941293,22763,253.287
2023-11-02T04:00:00Z,253.79,257.465,252.94,255.92,1133878,29702,255.825
2023-11-03T04:00:00Z,258.73,259.59,256.17,258.91,978609,24775,258.619
2023-11-06T05:00:00Z,259.05,259.92,256.93,259.1,952400,24094,258.473
2023-11-07T05:00:00Z,259.33,259.33,255.715,256.11,927516,25719,256.658
2023-11-08T05:00:00Z,257.58,257.58,253.98,255.92,1187068,29258,255.516
2023-11-09T05:00:00Z,237.16,239.23,229.855,232.24,5003183,76049,234.225
2023-11-10T05:00:00Z,233.83,235.7,231.06,234.65,2227495,45860,233.543
2023-11-13T05:00:00Z,236,237.92,232.07,235.86,2209624,37949,235.229
2023-11-14T05:00:00Z,236.43,237.73,232.62,233.34,2564994,47907,234.153
2023-11-15T05:00:00Z,233.02,235.27,231.88,233.76,2510844,47950,233.522
2023-11-16T05:00:00Z,234.65,236.615,233.96,235.07,1563423,32830,235.205
2023-11-17T05:00:00Z,236.19,236.19,232.64,233.27,1812401,31887,233.527
2023-11-20T05:00:00Z,232.5,234.609,230.83,233.67,2367818,38163,233.266
2023-11-21T05:00:00Z,235.52,237.18,234.755,236.16,1599261,33215,236.134
2023-11-22T05:00:00Z,237.37,238.05,235.74,236.8,1929714,29476,236.633
2023-11-24T05:00:00Z,236.65,238.9,236.411,238.89,780792,13052,238.008
2023-11-27T05:00:00Z,238.66,240.4,237.41,238.86,1746313,31396,238.907
2023-11-28T05:00:00Z,238.72,239.95,237.19,237.28,1475260,29969,238.142
2023-11-29T05:00:00Z,237.1,238.83,235.63,235.69,2722748,38053,236.217
2023-11-30T05:00:00Z,236.28,237,234.8,236.18,3275869,45721,236.036
2023-12-01T05:00:00Z,236.07,238.5,235.34,238.25,1512418,31179,237.725
2023-12-04T05:00:00Z,237.32,238.56,237.1,237.57,1574436,29218,237.818
2023-12-05T05:00:00Z,237.19,237.19,233.475,233.6,2431256,39411,234.32
2023-12-06T05:00:00Z,233.74,234.9,232.255,233.45,1730802,31192,233.382
2023-12-07T05:00:00Z,233.24,233.868,232,233.54,2230102,35795,233.075
2023-12-08T05:00:00Z,234.6,234.6,232.14,232.3,1648293,26124,232.82
2023-12-11T05:00:00Z,232.46,234.59,232.34,233.39,1681068,30088,233.415
2023-12-12T05:00:00Z,232.91,236.91,231.57,236.67,1774958,32092,235.758
2023-12-13T05:00:00Z,236.45,240.52,235.56,240.47,1623892,26854,238.943
2023-12-14T05:00:00Z,242.18,243.35,238.19,238.51,2240812,40808,239.227
2023-12-15T05:00:00Z,234.22,237.64,233.93,237.01,2943155,30882,236.418
2023-12-18T05:00:00Z,238.32,240.35,237.08,237.72,1709812,28231,238.336
2023-12-19T05:00:00Z,237.61,240.96,237.61,240.62,1701421,29402,239.813
2023-12-20T05:00:00Z,240.25,242.53,238.01,239.82,1518991,28338,240.381
2023-12-21T05:00:00Z,240.68,243.89,240.17,243.13,1444884,27142,242.776
2023-12-22T05:00:00Z,244.12,245.37,242.56,243,1974939,30106,244.092
2023-12-26T05:00:00Z,243,244.485,242.52,243.3,2093708,31100,243.572
2023-12-27T05:00:00Z,242.56,243.27,241.57,242.5,1496257,21470,242.381
2023-12-28T05:00:00Z,242.97,244.086,242.635,243.03,1119914,21926,243.416
2023-12-29T05:00:00Z,242.71,244.13,242.37,243.83,851869,20077,243.641
2024-01-02T05:00:00Z,243.22,248.85,240.05,245.42,1952178,31246,245.861
2024-01-03T05:00:00Z,245.82,246.265,240.095,240.47,1842137,31140,241.396
2024-01-04T05:00:00Z,240.75,243.44,240.51,242.91,1302308,24073,242.341
2024-01-05T05:00:00Z,241.82,243.87,241.031,242.09,989807,22398,242.398
2024-01-08T05:00:00Z,242.69,248.65,242.24,247.73,1610701,28494,246.877
2024-01-09T05:00:00Z,247.18,249.89,237.53,237.84,2693789,43684,241.359
2024-01-10T05:00:00Z,237.98,239.72,232.7,238.41,2204977,40112,237.8
2024-01-11T05:00:00Z,238.22,238.9,234.28,235.01,1887828,35663,235.778
2024-01-12T05:00:00Z,236.54,238.06,234.97,236.27,1363341,29481,236.052
2024-01-16T05:00:00Z,235.06,237.58,232.74,235,1586014,27547,235.659
2024-01-17T05:00:00Z,233.87,236.78,233,234.3,1018004,25348,234.484
2024-01-18T05:00:00Z,234.18,236.33,233.28,235,1210792,24777,234.75
2024-01-19T05:00:00Z,235.22,236.12,233.38,235.89,1255513,23767,235.332
2024-01-22T05:00:00Z,237,239.12,235.46,235.89,909712,21579,236.678
2024-01-23T05:00:00Z,236.18,238.33,235.9,238.3,1219230,25879,237.546
2024-01-24T05:00:00Z,237.97,239.21,234.51,234.57,1317917,25817,235.406
2024-01-25T05:00:00Z,235.7,236.75,233.86,236.57,841044,20883,235.699
2024-01-26T05:00:00Z,237.8,238.76,235.47,236.65,892235,17959,236.481
2024-01-29T05:00:00Z,236.32,237.98,235.81,237.85,1084042,20490,237.452
2024-01-30T05:00:00Z,238.5,238.935,236.11,236.21,1485734,27455,237.153
2024-01-31T05:00:00Z,237.96,241.15,236.8,238.81,2355785,37453,239.488
2024-02-01T05:00:00Z,237.5,242.35,233.14,242.35,3146506,57942,239.502
2024-02-02T05:00:00Z,244.67,246.3,236.71,237.19,1724345,32923,239.072
2024-02-05T05:00:00Z,236.98,238.59,234.74,235.07,1688102,27822,235.803
2024-02-06T05:00:00Z,235.46,240.69,235.13,238.68,1671165,27997,238.296
2024-02-07T05:00:00Z,239.04,242.34,238.8,239.48,1612547,28629,240.134
2024-02-08T05:00:00Z,238.47,243.69,238.47,240.71,1643615,29179,240.874
2024-02-09T05:00:00Z,240.96,244.05,240.32,243.75,2095532,33112,242.758
2024-02-12T05:00:00Z,243.36,246,241.31,243.37,1453397,27499,243.759
2024-02-13T05:00:00Z,243.47,245.22,237.363,239.07,1908562,27164,239.567
2024-02-14T05:00:00Z,239.01,239.55,236.93,238.61,1599887,25613,238.384
2024-02-15T05:00:00Z,238.88,242.3,238.481,239.96,1226364,23966,239.984
2024-02-16T05:00:00Z,239.81,243.98,238.27,240.76,1582401,21750,241.508
2024-02-20T05:00:00Z,240.76,243.4,239.5,240.66,1193936,22258,241.507
2024-02-21T05:00:00Z,240.73,245.51,240.095,245.32,1623811,27531,243.73
2024-02-22T05:00:00Z,245.2,245.52,240.755,243.62,1305793,24039,243.079
2024-02-23T05:00:00Z,243.95,246.603,242.9,246.2,992662,18093,245.723
2024-02-26T05:00:00Z,245.87,246.24,241.55,241.72,939382,20308,243.054
2024-02-27T05:00:00Z,240.81,243.43,240.514,241.24,919002,19751,241.428
2024-02-28T05:00:00Z,240.93,242.34,238.84,239.15,829240,19746,240.009
2024-02-29T05:00:00Z,239.58,239.58,235.06,235.55,1812904,27204,235.946
2024-03-01T05:00:00Z,235.41,236.335,233.41,235.31,1735037,26458,235.165
2024-03-04T05:00:00Z,234.37,236.53,233.55,235.65,1930672,33514,235.236
2024-03-05T05:00:00Z,237.27,238.61,233.12,233.45,1335717,25272,234.67
2024-03-06T05:00:00Z,233.36,236.672,233.06,235.6,1335318,23714,235.257
2024-03-07T05:00:00Z,237.07,238.77,235.935,237.62,1854815,26547,237.605
2024-03-08T05:00:00Z,237.61,241.47,236.37,239.9,1692698,22979,239.546
2024-03-11T04:00:00Z,239.68,242.38,238.54,239.5,964208,18234,239.595
2024-03-12T04:00:00Z,238.46,239.45,237.24,237.82,1219859,20967,238.123
2024-03-13T04:00:00Z,238.13,241.45,237.325,238.8,961420,22801,239.361
2024-03-14T04:00:00Z,238.29,239.72,235.19,237.17,1121634,24766,236.919
2024-03-15T04:00:00Z,232.18,237.76,232.18,236.71,2686011,31438,236.033
2024-03-18T04:00:00Z,237.61,239.46,236.42,237.72,1141814,21935,237.874
2024-03-19T04:00:00Z,238.19,240.34,237.925,240.24,1070412,21464,239.6
2024-03-20T04:00:00Z,239.86,240.6,236.34,237.87,784039,18167,237.89
2024-03-21T04:00:00Z,238.96,241.98,237.69,241.62,1357056,24133,240.274
2024-03-22T04:00:00Z,242.9,246.66,242.05,246.25,2230135,38012,245.195
2024-03-25T04:00:00Z,245.35,245.76,240.55,241.67,1755480,31455,242.057
2024-03-26T04:00:00Z,242.21,242.86,240.59,241.88,879021,21188,241.831
2024-03-27T04:00:00Z,243.27,246.59,242.69,246.53,839551,20264,245.471
2024-03-28T04:00:00Z,246.73,248.42,245.33,247.45,1093920,22724,247.481
2024-04-01T04:00:00Z,247.12,247.81,242.725,244.05,667374,19836,244.14
2024-04-02T04:00:00Z,242.92,243.13,240.24,241.02,1227651,23911,241.147
2024-04-03T04:00:00Z,241.53,245.25,240.32,243.59,1215778,25422,243.463
2024-04-04T04:00:00Z,245.79,246.92,242.94,243.05,952551,21834,244.417
2024-04-05T04:00:00Z,243.05,246.28,242.25,246.17,1234621,19316,245.3
2024-04-08T04:00:00Z,245.61,245.61,241.56,241.72,2086000,21456,242.871
2024-04-09T04:00:00Z,242.67,246.1,241.02,245.81,945000,21161,244.489
2024-04-10T04:00:00Z,243.35,243.74,239.22,240.99,831380,19936,241.106
2024-04-11T04:00:00Z,240.93,243.3,239.64,240.61,1010454,16370,241.2
2024-04-12T04:00:00Z,239.13,240.02,233.74,235.17,1028446,22164,235.65
2024-04-15T04:00:00Z,237.11,238.065,234.63,234.72,872266,19426,235.811
2024-04-16T04:00:00Z,234.82,235.095,230.71,231.01,1064150,25264,232.049
2024-04-17T04:00:00Z,230.74,232.64,229.395,232.21,1510566,26764,231.825
2024-04-18T04:00:00Z,232.61,233.25,230.47,233.15,891669,20513,232.27
2024-04-19T04:00:00Z,234.7,235.63,233.07,234.12,1265166,26126,234.341
2024-04-22T04:00:00Z,234.72,236.07,233.33,233.88,768416,19204,234.338
2024-04-23T04:00:00Z,234.58,236.175,233.395,234.36,800508,21411,234.492
2024-04-24T04:00:00Z,232.33,234.57,230.025,233.83,779855,20397,233.153
2024-04-25T04:00:00Z,233.91,234.69,230.4,230.48,885117,20799,231.006
2024-04-26T04:00:00Z,230,233.16,230,231.55,738154,18286,231.607
2024-04-29T04:00:00Z,231.84,234.5,231.84,233.44,918580,22351,233.23
2024-04-30T04:00:00Z,232.81,234.83,232.06,234.6,1685938,29957,234.252
2024-05-01T04:00:00Z,234.03,236.09,232.46,233.72,2721644,47717,234.085
2024-05-02T04:00:00Z,243,243.28,230.25,240.35,3789533,63389,237.919
2024-05-03T04:00:00Z,238.77,242.29,234.13,234.68,1722353,36841,235.824
2024-05-06T04:00:00Z,236.81,238,235.56,236.58,1255426,25533,236.645
2024-05-07T04:00:00Z,237.86,239.57,236.11,237.15,1120070,24709,237.716
2024-05-08T04:00:00Z,237.01,237.01,233.18,233.58,1749868,32273,234.015
2024-05-09T04:00:00Z,234.14,236.445,233.918,235,1921789,29513,234.983
2024-05-10T04:00:00Z,235,236.32,233.73,235.67,2034396,32351,234.748
2024-05-13T04:00:00Z,236.6,238.47,235.29,236.95,1073151,23718,236.877
2024-05-14T04:00:00Z,238.03,238.95,234.365,235,1049467,25248,235.635
2024-05-15T04:00:00Z,236.04,237.72,234.58,237.29,1168003,28612,236.67
2024-05-16T04:00:00Z,236.65,238.335,235.56,236.62,1291452,27639,237.015
2024-05-17T04:00:00Z,237.09,237.09,234.73,236.3,1785047,28700,236.089
2024-05-20T04:00:00Z,236.41,237.32,234.9,237.13,967074,22002,236.612
2024-05-21T04:00:00Z,237.67,238.17,234.265,234.86,1557704,25618,235.646
2024-05-22T04:00:00Z,234.43,236.05,234.03,234.45,1364186,25252,234.852
2024-05-23T04:00:00Z,233.77,234.565,229.55,230.35,1302586,31258,230.58
2024-05-24T04:00:00Z,230.03,230.71,228.09,228.79,1373384,29339,228.964
2024-05-28T04:00:00Z,227.38,228.4,225.6,226.8,1452801,29288,227.159
2024-05-29T04:00:00Z,225.2,226.43,224,225.07,2680574,36574,225.534
2024-05-30T04:00:00Z,225.37,226.94,224.002,226.78,1691719,28999,226.048
2024-05-31T04:00:00Z,227.21,232.21,226.32,231.97,4733925,40503,231.186
2024-06-03T04:00:00Z,235,241.69,233.82,238.84,2081153,40954,238.543
2024-06-04T04:00:00Z,239.12,239.75,237.19,238.5,2104745,29359,238.522
2024-06-05T04:00:00Z,238.23,239.19,235.19,236.3,1166673,23091,236.226
2024-06-06T04:00:00Z,235.48,240.8,234.67,240.17,1749841,22581,239.311
2024-06-07T04:00:00Z,239.22,243.22,238.05,240.63,1571097,22905,241.573
2024-06-10T04:00:00Z,239.31,240.39,237.475,239.51,777027,19153,239.187
2024-06-11T04:00:00Z,238.65,239.2,234.62,234.94,1132983,23093,235.847
2024-06-12T04:00:00Z,234.4,235.4,233.15,233.99,1101508,21756,234.3
2024-06-13T04:00:00Z,233,233.67,229.33,231.97,868971,19275,231.487
2024-06-14T04:00:00Z,232.6,233.97,230.75,233.73,1053942,18534,233.13
2024-06-17T04:00:00Z,232.63,234.16,230.5,232.75,1288582,21219,232.45
2024-06-18T04:00:00Z,232.41,234.76,231.94,233.73,1035778,18656,233.52
2024-06-20T04:00:00Z,233.15,239.26,232.08,238.4,1655716,27460,237.409
2024-06-21T04:00:00Z,239.58,239.58,237.27,238.29,2064700,20350,238.447
2024-06-24T04:00:00Z,238.73,239.56,235.33,235.91,895747,18804,236.414
2024-06-25T04:00:00Z,235.28,235.51,233.18,233.87,1028885,17948,234.109
2024-06-26T04:00:00Z,234.055,234.61,230.69,231.62,1695358,26625,231.695
2024-06-27T04:00:00Z,232.28,232.98,229.07,230.94,1471771,25547,230.719
2024-06-28T04:00:00Z,232.27,234.84,230.51,233.71,2401667,30378,233.572
2024-07-01T04:00:00Z,233.76,237.705,229.12,229.27,1057877,18305,231.199
2024-07-02T04:00:00Z,229.06,231.14,227.69,229.24,662985,16461,228.893
2024-07-03T04:00:00Z,228,229.32,227.5,228.84,509817,11065,228.532
2024-07-05T04:00:00Z,228.68,228.68,225.97,227.76,617155,14569,227.626
2024-07-08T04:00:00Z,227.76,228.59,225.191,225.54,826412,16682,226.071
2024-07-09T04:00:00Z,225.24,225.738,220.65,221.47,1603051,29885,222.291
2024-07-10T04:00:00Z,221.41,226.62,218.75,223.87,2109934,33997,222.343
2024-07-11T04:00:00Z,224.58,227.46,224.17,224.94,1849435,21986,225.311
2024-07-12T04:00:00Z,225.5,230.34,224.63,229.11,2220555,29819,228.422
2024-07-15T04:00:00Z,229,230.77,225.81,226.08,1260895,17885,227.191
2024-07-16T04:00:00Z,226.71,230.97,225.4,230.7,1147619,21333,229.343
2024-07-17T04:00:00Z,230.55,235.3,229.765,234.05,1228449,23166,233.692
2024-07-18T04:00:00Z,231.5,235.55,231.49,231.74,1063279,25542,233.177
2024-07-19T04:00:00Z,235.05,235.05,229.45,230.74,1075022,21938,231.255
2024-07-22T04:00:00Z,231.27,232.22,229.04,231.09,866743,14924,230.988
2024-07-23T04:00:00Z,232,234.45,230.37,234.33,1353862,21789,233.34
2024-07-24T04:00:00Z,235.45,238.17,234.46,237.34,1226363,24263,237.008
2024-07-25T04:00:00Z,237.34,241.6,231.82,232.78,2070432,32505,235.356
2024-07-26T04:00:00Z,234.78,239.22,232.38,237.3,1384408,22726,237.717
2024-07-29T04:00:00Z,236.95,238.87,233.87,237.84,1032669,20841,237.576
2024-07-30T04:00:00Z,236.99,242.25,236.99,241.74,1719174,25463,240.758
2024-07-31T04:00:00Z,240.05,242.825,237.24,241.06,3515357,40113,241.167
2024-08-01T04:00:00Z,227.55,237.73,226,236.01,3769897,55514,232.247
2024-08-02T04:00:00Z,237,242.55,236.21,241.87,1803035,32430,240.225
2024-08-05T04:00:00Z,241.17,243.78,234.892,235.78,1474246,29135,237.105
2024-08-06T04:00:00Z,235,238.92,233.59,235.51,1277594,19410,236.325
2024-08-07T04:00:00Z,235.76,238.771,232.21,232.62,1104432,21350,234.036
2024-08-08T04:00:00Z,232.56,236.08,231.76,234.39,1127474,21813,234.257
2024-08-09T04:00:00Z,234.51,236.47,233.04,235.9,801158,16206,235.414
2024-08-12T04:00:00Z,235.08,236.17,233.805,234.13,1330618,18703,234.712
2024-08-13T04:00:00Z,233.89,236.82,233.5,236.28,1255870,20982,235.257
2024-08-14T04:00:00Z,235.71,236.718,233.615,234.08,1075032,19623,234.548
2024-08-15T04:00:00Z,234,234.56,232.03,234.02,2135696,30255,233.275
2024-08-16T04:00:00Z,234.76,237.135,234.5,236.33,917471,18386,236.141
2024-08-19T04:00:00Z,236.33,237.25,235.43,235.9,1025230,17830,236.147
2024-08-20T04:00:00Z,235.69,236.24,233.965,234.74,791401,17201,234.863
2024-08-21T04:00:00Z,235.49,235.69,234.03,234.85,1310030,16509,234.897
2024-08-22T04:00:00Z,235.79,235.85,234.17,235.3,1031387,18061,235.054
2024-08-23T04:00:00Z,236.04,236.49,234.28,236.38,822086,15099,235.661
2024-08-26T04:00:00Z,237,239.47,235.62,236.27,778172,15386,237.023
2024-08-27T04:00:00Z,236.78,238.39,236.245,237.97,923935,15208,237.317
2024-08-28T04:00:00Z,238.22,239.67,237.109,238.9,980706,18052,238.675
2024-08-29T04:00:00Z,239.79,241.46,239.28,240.97,707392,16370,240.751
2024-08-30T04:00:00Z,241.34,242.61,240.29,242.41,893412,16691,241.971
2024-09-03T04:00:00Z,242,244.98,241.7,242.18,2125200,22061,242.574
2024-09-04T04:00:00Z,241.98,242.47,235.83,236.34,2258172,31033,238.626
2024-09-05T04:00:00Z,236.33,237.84,232.92,233.25,2413648,32252,233.737
2024-09-06T04:00:00Z,233.53,235.74,231,232.67,1487106,26032,232.841
2024-09-09T04:00:00Z,232.68,238.975,232.38,237.22,1429257,26559,237.157
2024-09-10T04:00:00Z,236.94,237.885,233.88,235.69,1235055,21759,235.589
2024-09-11T04:00:00Z,234.15,234.97,229.31,233.69,1402110,22636,232.5
2024-09-12T04:00:00Z,233.42,235.56,231.48,235.5,1020393,19262,234.502
2024-09-13T04:00:00Z,235.66,237.495,233.79,234.18,772554,16022,234.933
2024-09-16T04:00:00Z,235.78,236.99,232.85,234.04,950968,20636,234.095
2024-09-17T04:00:00Z,233.5,234.72,229.6,231.27,965705,23550,231.463
2024-09-18T04:00:00Z,231.58,235.035,229.642,231.59,1119131,22748,232.158
2024-09-19T04:00:00Z,234.3,235.665,232.55,234.63,2218089,25881,234.511
2024-09-20T04:00:00Z,233.31,234.19,231.53,233.5,2231966,25179,233.393
2024-09-23T04:00:00Z,233.95,235.22,232.21,234.73,1495754,18717,233.918
2024-09-24T04:00:00Z,235.74,238.695,233.22,236.95,1370881,23892,236.54
2024-09-25T04:00:00Z,236.54,237,232.872,235.2,1777623,27131,235.124
2024-09-26T04:00:00Z,235.14,237.82,233.59,237.27,1042000,20802,236.554
2024-09-27T04:00:00Z,238.37,243.81,237.84,241.51,1284525,24183,241.684
2024-09-30T04:00:00Z,241.55,242.405,238.025,241.1,1250199,23049,240.461
2024-10-01T04:00:00Z,243.79,244,240.04,241.67,1279178,23508,241.885
2024-10-02T04:00:00Z,241.44,242.08,239.18,239.76,1235210,23566,240.395
2024-10-03T04:00:00Z,239.16,239.784,237.295,237.36,904919,20976,238.039
2024-10-04T04:00:00Z,237.62,238.91,236.58,238.22,712860,17419,237.98
2024-10-07T04:00:00Z,238.22,239.315,236.13,237.46,1276871,17109,237.473
2024-10-08T04:00:00Z,236.85,238.02,235.4,237.17,841902,15809,236.718
2024-10-09T04:00:00Z,236.95,238.97,235.34,238.21,763127,16063,237.397
2024-10-10T04:00:00Z,238.61,238.61,234.92,235.54,850745,18409,235.759
2024-10-11T04:00:00Z,236.13,237.43,235.26,236.5,896619,15025,236.436
2024-10-14T04:00:00Z,236.62,240.47,235.445,240.02,737059,15658,239.232
2024-10-15T04:00:00Z,240.46,244.5,239.93,241.82,1127275,21959,242.29
2024-10-16T04:00:00Z,241.4,242.94,239.225,240.24,1125732,20197,240.266
2024-10-17T04:00:00Z,240.42,241.06,238.99,240.33,964418,17943,240.128
2024-10-18T04:00:00Z,241.76,244.13,240.205,243.75,1082880,18121,243.041
2024-10-21T04:00:00Z,243.34,243.34,239.951,240.52,586807,17013,240.788
2024-10-22T04:00:00Z,240.13,240.45,238.671,239.71,697788,15498,239.792
2024-10-23T04:00:00Z,239.31,240.64,237.51,240.52,943889,18840,239.779
2024-10-24T04:00:00Z,240.8,241.87,238.51,238.62,836766,19492,239.725
2024-10-25T04:00:00Z,238.75,239.41,236.89,238.13,1001988,20688,238.291
2024-10-28T04:00:00Z,238.6,240.9,237.87,238.91,925159,22239,238.948
2024-10-29T04:00:00Z,238.77,240.08,237.44,237.51,625301,15898,238.131
2024-10-30T04:00:00Z,236,237.635,235.77,236.61,849458,21361,236.572
2024-10-31T04:00:00Z,235.23,236.74,233.45,233.59,1429883,27907,234.273
2024-11-01T04:00:00Z,234.5,236.72,232.68,235.24,1278383,25830,235.492
2024-11-04T05:00:00Z,235.21,237.42,232.975,234.33,1620501,32110,234.531
2024-11-05T05:00:00Z,233.23,238.32,231.06,237.3,1878024,33512,236.894
2024-11-06T05:00:00Z,244.33,244.33,236,240.06,2226228,41241,238.96
2024-11-07T05:00:00Z,238.85,243,226.82,227.11,4041905,62029,229.897
2024-11-08T05:00:00Z,228.68,233.82,226.25,231.64,3891353,53558,231.156
2024-11-11T05:00:00Z,232.39,236,231.96,234.61,1439657,27746,234.582
2024-11-12T05:00:00Z,235.28,235.87,231.07,231.27,1187099,23231,232.139
2024-11-13T05:00:00Z,230.97,232,229.07,231.22,1215240,23902,230.957
2024-11-14T05:00:00Z,230.44,230.44,225.495,227.17,2820954,37756,227.715
2024-11-15T05:00:00Z,227,228.31,223.493,225.15,1965697,35319,225.61
2024-11-18T05:00:00Z,225.2,228.08,223.98,224.1,1319618,30039,224.982
2024-11-19T05:00:00Z,222.51,223,220.54,222.64,1379194,29299,222.016
2024-11-20T05:00:00Z,222.18,222.91,220.81,222.39,1421004,25690,221.845
2024-11-21T05:00:00Z,222.05,225.8,221.03,225.45,1618785,29427,223.851
2024-11-22T05:00:00Z,225.97,226.24,223.13,224,1677611,31046,224.209
2024-11-25T05:00:00Z,224.18,226.128,223.91,225.48,1914590,30006,224.994
2024-11-26T05:00:00Z,225.32,225.58,222.7,224.25,2176561,28592,223.762
2024-11-27T05:00:00Z,224.25,226.671,220.38,221.98,2373230,44310,222.379
2024-11-29T05:00:00Z,221,223.18,220.29,221.9,1210254,19018,221.965
2024-12-02T05:00:00Z,222,223.84,220.73,222.82,1886319,32028,222.625
2024-12-03T05:00:00Z,222.76,222.82,221,221.26,2493745,25885,221.609
2024-12-04T05:00:00Z,220.31,222.37,219.24,221.43,1780247,30778,220.942
2024-12-05T05:00:00Z,220.25,223.19,220.17,222.24,2362101,42832,221.913
2024-12-06T05:00:00Z,221.02,222.08,219.35,220.02,2794929,37644,220.386
2024-12-09T05:00:00Z,219.03,223.88,218.96,223.01,2269225,33272,222.445
2024-12-10T05:00:00Z,223.68,223.68,220.91,221.44,1804079,36541,222.249
2024-12-11T05:00:00Z,221.59,222.93,218.84,221.04,1951275,31650,220.473
2024-12-12T05:00:00Z,221.38,228.66,220.97,227.17,3489619,48199,227.044
2024-12-13T05:00:00Z,226.75,226.98,222.53,225.56,2747959,50365,225.839
2024-12-16T05:00:00Z,224.3,231.74,223.805,227.56,3053371,48027,228.887
2024-12-17T05:00:00Z,226.1,229.14,223.41,225.64,2526182,42783,225.616
2024-12-18T05:00:00Z,227.32,228.93,223.94,224.09,3387466,47677,225.958
2024-12-19T05:00:00Z,223.33,225.8,222.82,223.83,2748979,41478,224.114
2024-12-20T05:00:00Z,223.96,229.31,223.51,227.68,3104556,34486,227.134
2024-12-23T05:00:00Z,226.34,227.87,225.3,226.44,1783656,32902,226.374
2024-12-24T05:00:00Z,226.72,227.13,224.185,226.95,492253,11392,226.267
2024-12-26T05:00:00Z,226.33,229.2,225.26,228.12,1154562,23810,228.25
2024-12-27T05:00:00Z,226.75,230.09,226.72,228.49,1420943,28246,228.694
2024-12-30T05:00:00Z,227.42,228.471,224.775,226.51,1695390,31011,226.698
2024-12-31T05:00:00Z,227.38,229.245,225.85,226.87,1364184,25112,226.885
2025-01-02T05:00:00Z,228.01,229,226.18,226.49,1701936,30251,227.12
2025-01-03T05:00:00Z,227.12,229.315,225.9,228.46,1244386,25594,228.438
2025-01-06T05:00:00Z,227.56,232.465,227.5,230.7,1752323,33217,230.815
2025-01-07T05:00:00Z,230.95,235.37,230.95,232.15,1912254,29989,232.616
2025-01-08T05:00:00Z,232.58,234.55,230,234.43,2192834,30158,233.74
2025-01-10T05:00:00Z,232.25,236.25,231.65,233.67,2597939,39122,234.751
2025-01-13T05:00:00Z,234.27,238.11,231.36,236.19,2267776,35766,236.304
2025-01-14T05:00:00Z,236.5,237.4,233.01,235.8,2588559,38874,235.073
2025-01-15T05:00:00Z,237,238,227.66,232.59,3098655,48190,233.65
2025-01-16T05:00:00Z,232.48,236.76,230.94,236.3,2257699,37098,235.104
2025-01-17T05:00:00Z,236.51,238.49,235.44,237.38,2110687,29029,237.59
2025-01-21T05:00:00Z,238.31,241.27,238.16,240.37,1918030,34437,240.339
2025-01-22T05:00:00Z,238.85,239.96,236.11,237.92,1346115,27792,238.282
2025-01-23T05:00:00Z,238.48,240.855,237.24,240.47,1357387,24736,239.561
2025-01-24T05:00:00Z,239,243.78,238.62,243.45,1716535,30818,242.572
2025-01-27T05:00:00Z,245,249.49,244.14,248.7,1912533,31734,247.658
2025-01-28T05:00:00Z,248.68,250.908,247.96,249.08,1741452,33631,249.604
2025-01-29T05:00:00Z,249.3,250.75,246.42,246.9,2116426,39916,248.003
2025-01-30T05:00:00Z,247.74,250.16,245.76,248.49,1401897,26139,248.856
2025-01-31T05:00:00Z,247.86,249.36,246.92,247.6,2158706,32904,247.892
2025-02-03T05:00:00Z,248.32,251.985,245.55,247.61,2573164,39972,248.57
2025-02-04T05:00:00Z,246.02,246.75,241.77,242.42,3029267,46576,243.602
2025-02-05T05:00:00Z,243.7,245.226,242.584,245.06,2061530,33716,244.511
2025-02-06T05:00:00Z,233.55,239.24,224.345,227.21,5810828,73388,230.413
2025-02-07T05:00:00Z,229.15,230.85,226.55,229.85,3772631,60268,229.141
2025-02-10T05:00:00Z,229.85,234.41,228.63,229.55,2746895,43946,230.567
2025-02-11T05:00:00Z,229.39,230.55,227.09,229.52,1919335,28939,229.095
2025-02-12T05:00:00Z,227.5,228.42,225.62,225.85,1269945,24627,226.66
2025-02-13T05:00:00Z,225.43,226.19,223.76,225.01,1487031,31816,224.875
2025-02-14T05:00:00Z,227.25,227.45,224.78,224.8,1131460,23283,225.414
2025-02-18T05:00:00Z,223.21,225.2,221.71,225.13,1335254,26394,224.258
2025-02-19T05:00:00Z,225,228.26,224.5,227.56,1071881,23913,226.996
2025-02-20T05:00:00Z,227.74,228.31,225.96,227.93,1425832,25278,227.342
2025-02-21T05:00:00Z,226.47,229.59,226.11,227.43,1920682,27951,227.503
2025-02-24T05:00:00Z,227.09,231.87,226.808,230.31,1503885,29232,230.225
2025-02-25T05:00:00Z,230.45,230.93,227.78,230.05,1701213,29242,229.646
2025-02-26T05:00:00Z,229.12,229.88,225.82,227.59,1612711,30977,227.583
2025-02-27T05:00:00Z,227,227.15,223.82,224.16,1528627,32806,224.81
2025-02-28T05:00:00Z,225.15,226.9,221.64,225.53,2568562,32511,224.327
2025-03-03T05:00:00Z,226.5,229.92,225.41,228.45,1623060,32618,228.353
2025-03-04T05:00:00Z,229,230.077,224.03,224.27,1394873,30377,225.667
2025-03-05T05:00:00Z,223.31,226.119,222.31,224.12,1885886,31524,224.057
2025-03-06T05:00:00Z,224.05,226.07,222.53,225.34,1961269,34224,224.837
2025-03-07T05:00:00Z,223.74,230.53,223.03,229.54,1813628,33861,228.604
2025-03-10T04:00:00Z,228.49,235.34,226.83,227.45,2607333,44812,229.99
2025-03-11T04:00:00Z,226.63,227.32,223.3,224.92,1982147,37480,224.974
2025-03-12T04:00:00Z,224.91,227.31,223.513,223.82,2206489,35725,224.479
2025-03-13T04:00:00Z,222.64,224.68,222.01,222.79,2650484,38390,223.015
2025-03-14T04:00:00Z,222.47,226.47,221.975,225.98,1157173,24471,225.34
2025-03-17T04:00:00Z,225.75,228.79,225,227.83,2032238,35254,227.498
2025-03-18T04:00:00Z,228.41,232.77,226.41,232.12,2638313,41137,231.272
2025-03-19T04:00:00Z,231.19,233.51,230.062,231.79,2325109,33180,231.747
2025-03-20T04:00:00Z,231.75,233.07,230.51,231.85,1643640,31196,231.936
2025-03-21T04:00:00Z,231.09,231.27,227.935,230.23,4373029,35499,229.975
2025-03-24T04:00:00Z,230.16,230.82,228.02,229.19,1214686,23443,229.339
2025-03-25T04:00:00Z,229.93,231.82,226.48,228.08,1675003,28399,228.836
2025-03-26T04:00:00Z,228.15,229.71,226.57,228,1369658,25390,227.739
2025-03-27T04:00:00Z,229.17,230.95,227.5,228.71,1602262,32081,228.924
2025-03-28T04:00:00Z,228.62,229,226.25,227.5,1656304,28401,227.412
2025-03-31T04:00:00Z,226.99,229.798,225.12,229.06,1963718,33400,228.149
2025-04-01T04:00:00Z,228.75,228.999,225.54,226.04,1713622,34477,226.37
2025-04-02T04:00:00Z,224.77,226.8,223.54,226.42,1634135,32318,225.758
2025-04-03T04:00:00Z,226.2,226.68,220.24,221.59,2687614,46651,222.006
2025-04-04T04:00:00Z,219.52,220.45,204.95,207.34,6623479,92082,209.926
2025-04-07T04:00:00Z,204.78,209.57,199.37,205.08,3818503,72128,204.616
2025-04-08T04:00:00Z,210.14,211.795,197.73,200.83,2799849,50481,204.045
2025-04-09T04:00:00Z,198.01,209.95,193.03,209.35,3130514,61068,203.219
2025-04-10T04:00:00Z,206.44,207.26,194.142,199.12,2951918,53180,199.149
2025-04-11T04:00:00Z,199.59,203.355,196.57,201.78,1850680,38654,200.777
2025-04-14T04:00:00Z,204.62,206.34,202.39,205.71,1549736,32443,204.992
2025-04-15T04:00:00Z,206.4,206.78,201.465,202.04,2567853,34912,202.584
2025-04-16T04:00:00Z,203.07,205.11,199.06,200.4,1639730,30629,200.835
2025-04-17T04:00:00Z,199.5,201.28,198.4,198.71,4067104,60417,199.56
2025-04-21T04:00:00Z,198.71,198.71,193.82,196.61,2502009,39362,196.197
2025-04-22T04:00:00Z,198.64,200.352,197.4,199.88,1615344,32912,199.243
2025-04-23T04:00:00Z,202.57,208.035,201.05,202.32,3085001,45501,203.637
2025-04-24T04:00:00Z,202.64,204.92,201,204.45,1345711,28036,203.788
2025-04-25T04:00:00Z,204.42,205.38,201.99,205.08,1690557,31805,204.207
2025-04-28T04:00:00Z,206.22,206.99,203.38,204.63,1400355,25583,205.285
2025-04-29T04:00:00Z,205,207.16,204.06,206.44,1158257,24816,206.356
2025-04-30T04:00:00Z,206.13,207.32,203.51,207.09,2752686,39890,206.002
2025-05-01T04:00:00Z,187.83,188,169.52,169.54,13151634,194135,176.774
2025-05-02T04:00:00Z,171.26,171.26,166.11,168.78,10532781,134861,168.118
2025-05-05T04:00:00Z,168.42,170.04,165.5,167,4345217,63905,167.818
2025-05-06T04:00:00Z,166.68,167.04,163.33,165.15,3684536,53003,164.963
2025-05-07T04:00:00Z,166.76,167.69,163.97,167.14,3410515,59299,166.222
2025-05-08T04:00:00Z,167.14,170.49,166.13,167.95,4311344,59760,168.58
2025-05-09T04:00:00Z,168.5,170.33,166.87,167.22,4133688,52398,168.711
2025-05-12T04:00:00Z,171.33,175.43,170.603,175.34,4736889,72241,173.819
2025-05-13T04:00:00Z,174.87,177.8,172.3,175.34,3772551,69508,175.393
2025-05-14T04:00:00Z,174.8,174.8,170.52,171.02,3928140,62233,171.637
2025-05-15T04:00:00Z,171.32,172.425,169.03,172.27,4158185,55450,171.288
2025-05-16T04:00:00Z,172.25,175.69,171.56,175.41,2253082,37997,174.612
2025-05-19T04:00:00Z,174.63,177.2,173.06,177.05,3208023,44844,175.471
2025-05-20T04:00:00Z,176.58,177.1,175.62,176.67,2745804,43936,176.417
2025-05-21T04:00:00Z,176,176.74,172.93,173.14,2633309,33375,173.839
2025-05-22T04:00:00Z,171.03,173.52,170.815,172.31,2097901,34766,172.463
2025-05-23T04:00:00Z,170.51,172.16,169.6,171.38,1950827,37343,170.996
2025-05-27T04:00:00Z,172.95,175.53,172.035,174.51,2010685,36716,174.179
2025-05-28T04:00:00Z,175.1,176.43,172.92,173.01,1673696,32980,173.873
2025-05-29T04:00:00Z,173.47,174.47,171.895,173.82,2675255,39444,173.53
2025-05-30T04:00:00Z,173.54,173.799,171.65,172.59,3358689,43014,172.789
2025-06-02T04:00:00Z,171.19,171.845,167.97,169.4,3262710,51314,169.242
2025-06-03T04:00:00Z,168.72,171.415,167.935,170.66,2029109,42226,170.507
2025-06-04T04:00:00Z,171.21,172.06,169.84,170.94,2463164,45066,171.118
2025-06-05T04:00:00Z,171.79,173.13,170.62,171.03,2857550,42882,171.539
2025-06-06T04:00:00Z,171.91,174.072,171.581,173.45,2036197,40353,173.059
2025-06-09T04:00:00Z,173.99,174.678,172.1,172.51,3447564,53463,173.097
2025-06-10T04:00:00Z,173.41,174.68,171.83,174.39,2922265,47322,173.564
2025-06-11T04:00:00Z,174.5,175.86,171.91,172.72,2361041,32466,173.128
2025-06-12T04:00:00Z,172.41,175.23,171.7,174.46,1664351,32762,174.324
2025-06-13T04:00:00Z,173.03,176.33,171.87,172.21,2276369,38160,173.504
2025-06-16T04:00:00Z,172.37,173.44,170.851,172.1,2376550,42043,172.255
2025-06-17T04:00:00Z,171.95,171.95,169.81,169.94,3782042,46345,170.553
2025-06-18T04:00:00Z,169.7,170.6,168.43,168.59,2839947,36269,168.996
2025-06-20T04:00:00Z,169.31,169.96,168.079,168.42,5093509,39885,168.651
2025-06-23T04:00:00Z,168.16,170.635,167.5,169.72,3083630,41187,169.404
2025-06-24T04:00:00Z,170.35,171.93,169.2,171.57,2915325,35521,171.261
2025-06-25T04:00:00Z,171.08,172.14,169.94,170.9,2118106,35449,170.98
2025-06-26T04:00:00Z,170.74,170.865,168.89,169.97,2879313,47578,169.71
2025-06-27T04:00:00Z,170.38,172.27,169.79,170.86,3070334,42681,170.958
2025-06-30T04:00:00Z,170.61,172.66,170.087,172.25,2524987,36879,171.729
2025-07-01T04:00:00Z,172.21,179.12,171.32,177.67,3218381,55398,177.028
2025-07-02T04:00:00Z,177.535,178.08,175.59,177.27,3277517,45551,176.862
2025-07-03T04:00:00Z,178.18,178.3,175.925,176.16,1057606,20901,176.535
2025-07-07T04:00:00Z,176.28,177.795,172.341,172.95,2499663,42993,173.598
2025-07-08T04:00:00Z,172.8,175.645,172.5,174.63,1908161,42299,174.399
2025-07-09T04:00:00Z,175,175.63,173.02,175.5,2208354,37626,174.616
2025-07-10T04:00:00Z,175.59,179.76,174.63,177.5,3014071,41342,177.462
2025-07-11T04:00:00Z,176.22,176.485,173.87,175.97,2428814,39799,175.425
2025-07-14T04:00:00Z,174.96,177.3,172.57,177.09,6386771,86941,175.613
2025-07-15T04:00:00Z,177.08,180.67,176.06,178.31,6013633,84471,178.684
2025-07-16T04:00:00Z,178.31,179.11,175.965,178.27,4159562,60609,177.939
2025-07-17T04:00:00Z,178.27,181.04,177.1,180.9,3946278,61544,179.667
2025-07-18T04:00:00Z,181.5,181.6,177.96,178.85,3470608,51578,179.386
2025-07-21T04:00:00Z,178.84,179.58,175.31,175.33,3133931,49483,176.732
2025-07-22T04:00:00Z,176.18,181.63,176.085,181.28,1892060,41485,180.274
2025-07-23T04:00:00Z,183.6,184.38,180.14,182.58,2623809,45908,181.947
2025-07-24T04:00:00Z,182.28,185.35,181.33,183.63,1801451,39301,183.77
2025-07-25T04:00:00Z,184.35,185.92,183.42,185.32,1875861,33060,185.094
2025-07-28T04:00:00Z,184.89,185.44,182.82,182.94,1850367,36024,183.947
2025-07-29T04:00:00Z,182.63,183.53,181.68,182.38,1500799,32205,182.478
2025-07-30T04:00:00Z,182.23,182.65,180.33,181.54,1846845,33559,181.397
2025-07-31T04:00:00Z,180.5,182.26,178.25,178.25,3733919,47520,179.487
2025-08-01T04:00:00Z,177.37,177.45,174.49,176.37,4688997,62822,175.606
2025-08-04T04:00:00Z,176.3,179.53,176.3,178.9,2049626,35265,178.661
2025-08-05T04:00:00Z,178.9,179.68,176.11,176.89,2859465,42482,177.625
2025-08-06T04:00:00Z,176.88,177.392,172.2,172.41,4225907,65221,173.69
2025-08-07T04:00:00Z,187.35,190.12,184.21,187.68,4838134,79012,186.857
2025-08-08T04:00:00Z,186.87,193.88,186.87,193.5,3955422,62801,192.746
2025-08-11T04:00:00Z,193.545,194.41,190.51,192.5,2770591,47442,192.301
2025-08-12T04:00:00Z,193.5,194.99,192.39,194.96,3171478,48264,194.046
2025-08-13T04:00:00Z,195.21,196.27,193.94,195.96,2671829,42109,195.502
2025-08-14T04:00:00Z,195.35,195.57,193.4,195,2284276,35108,194.798
2025-08-15T04:00:00Z,196,196.99,194.64,195.94,2616909,35247,195.879
2025-08-18T04:00:00Z,195.82,197.419,194.955,195,1763403,35218,195.743
2025-08-19T04:00:00Z,194.82,198.26,194.27,198.03,1902176,40983,197.364
2025-08-20T04:00:00Z,198.06,200.22,197.465,199.2,2493543,44352,199.145
2025-08-21T04:00:00Z,198.46,198.85,196.37,196.63,1304376,29591,197.436
2025-08-22T04:00:00Z,197.83,200.21,197.235,199.66,1619834,30181,199.513
2025-08-25T04:00:00Z,199.3,199.475,194.03,194.65,1227457,30100,195.211
2025-08-26T04:00:00Z,194.08,195.23,193.5,194.07,2245161,31857,194.098
2025-08-27T04:00:00Z,193.64,195.65,193.64,195.4,1330697,29106,195.004
2025-08-28T04:00:00Z,195.3,195.3,190.74,191.25,1793879,30969,191.518
2025-08-29T04:00:00Z,191.76,193.04,191,192.98,1329179,27511,192.66
2025-09-02T04:00:00Z,192.74,193.99,188.03,188.15,1630549,32835,188.944
2025-09-03T04:00:00Z,186.55,189.62,183.725,189.61,3623460,39482,187.646
2025-09-04T04:00:00Z,189.13,191.6,187.315,191.26,1279873,30625,190.515
2025-09-05T04:00:00Z,191,192.98,190.83,192.39,1244133,26287,192.112
2025-09-08T04:00:00Z,190.98,191.89,187.81,191.58,2601769,43726,190.772
2025-09-09T04:00:00Z,191.08,192.31,190.18,190.49,1508593,27257,190.809
2025-09-10T04:00:00Z,189.25,189.96,186.96,188.43,1865750,30600,188.204
2025-09-11T04:00:00Z,188.91,191.32,188.15,190.56,1567187,29594,190.365
2025-09-12T04:00:00Z,189.9,189.9,186.84,186.84,1118129,22982,187.657
2025-09-15T04:00:00Z,187.14,188.98,185.485,185.74,1334805,28554,186.601
2025-09-16T04:00:00Z,185.5,188.04,185.16,186.21,1211492,27058,186.522
2025-09-17T04:00:00Z,186.81,190.02,186.715,187.57,1060920,24969,187.849
2025-09-18T04:00:00Z,187.81,189.04,187.035,188.37,1123253,26746,188.378
2025-09-19T04:00:00Z,188.17,188.85,185.6,187.04,2750943,31078,187.225
2025-09-22T04:00:00Z,186.3,187.28,184.853,186.55,1227725,24846,186.299
2025-09-23T04:00:00Z,186.3,188.15,185.81,186.52,1256372,25131,186.54
2025-09-24T04:00:00Z,185.81,187.21,185.02,186.05,1037427,23610,186.052
2025-09-25T04:00:00Z,185.16,185.605,178.11,180.59,1873165,39209,180.682
2025-09-26T04:00:00Z,181.03,184.715,180.81,184.6,1265908,27113,183.859
2025-09-29T04:00:00Z,184.6,184.6,182.515,184,1348691,27616,183.958
2025-09-30T04:00:00Z,183.9,187.24,182.95,187.17,1604039,29445,185.954
2025-10-01T04:00:00Z,187.8,191.64,186.42,190.94,2351537,47142,190.005
2025-10-02T04:00:00Z,189.05,191.68,188.945,191.6,1273781,28952,190.743
2025-10-03T04:00:00Z,191.77,195.33,191.45,193.61,977155,25330,193.794
2025-10-06T04:00:00Z,193.92,193.92,190.695,191.99,1093124,23398,191.938
2025-10-07T04:00:00Z,192.55,193.62,191.51,192.53,831338,20689,192.642
2025-10-08T04:00:00Z,192.51,194.1,191.859,193.93,1112017,25158,193.345
2025-10-09T04:00:00Z,194.13,194.68,188.05,189.08,1231654,25514,189.61
2025-10-10T04:00:00Z,189.4,190.03,186.11,186.56,1079406,24443,187.04
2025-10-13T04:00:00Z,186.88,189.25,186,186.66,852846,21351,187.224
2025-10-14T04:00:00Z,185.5,188.785,185.5,188.36,1180110,26658,187.791
2025-10-15T04:00:00Z,187.59,189.57,185.97,186.77,1144793,27495,187.228
2025-10-16T04:00:00Z,182.81,185.37,178.91,185.27,3423511,59575,183.113
2025-10-17T04:00:00Z,185.29,189.52,184.54,189.1,1943783,34454,187.911
2025-10-20T04:00:00Z,189.28,193.43,189.28,191,1734425,27470,191.436
2025-10-21T04:00:00Z,192.04,192.66,187.57,189.03,2280150,40653,188.903
2025-10-22T04:00:00Z,188.78,190.16,187.382,188.11,2158791,41230,188.653
2025-10-23T04:00:00Z,188.58,188.91,185.85,186.53,1679342,32215,186.715
2025-10-24T04:00:00Z,187.93,188.523,185.71,185.83,1540369,27727,186.325
2025-10-27T04:00:00Z,186.01,187.595,185.02,187.04,2561335,29459,186.557
2025-10-28T04:00:00Z,187.095,187.095,184.16,184.21,1330993,30711,184.753
2025-10-29T04:00:00Z,183.325,183.325,181.08,181.52,1610557,32464,182.143
2025-10-30T04:00:00Z,181.02,181.8,178.79,179.38,2722552,49358,179.997
2025-10-31T04:00:00Z,178.27,179.31,175.6,178.71,2692203,43845,178.665
2025-11-03T05:00:00Z,178.58,178.58,175.04,177.3,3444498,55016,176.52
2025-11-04T05:00:00Z,177.1,180.19,175,179.04,3330894,47533,178.424
2025-11-05T05:00:00Z,177.59,178.55,174.14,176.39,4418780,65269,176.1
2025-11-06T05:00:00Z,164.5,177.64,162.29,177.39,6595465,79882,173.186
2025-11-07T05:00:00Z,176.96,179.06,174.715,177.84,3068595,47532,176.898
2025-11-10T05:00:00Z,176.82,182,175.925,181.64,2479978,43264,179.98
2025-11-11T05:00:00Z,182.69,189.07,182.38,189.02,2983878,50203,187.464
2025-11-12T05:00:00Z,190.12,192.61,189.06,192.12,2845150,51826,191.437
2025-11-13T05:00:00Z,191.69,195.74,191.11,193.04,3976391,49462,193.315
2025-11-14T05:00:00Z,193.04,194.5,191.76,193.04,3347124,51680,193.154
2025-11-17T05:00:00Z,192.25,195.28,190.17,190.98,3027675,54651,192.63
2025-11-18T05:00:00Z,191.21,194.14,189.76,192.33,2106369,39859,192.349
2025-11-19T05:00:00Z,192.3,193.25,188.51,191.22,1642619,34237,190.617
2025-11-20T05:00:00Z,189.39,192.035,188.045,189.58,2588795,49543,189.756
2025-11-21T05:00:00Z,189.92,196.36,189.63,192.72,3000610,45264,193.199
2025-11-24T05:00:00Z,192.87,193.562,190.781,190.96,2100249,35592,191.687
2025-11-25T05:00:00Z,191.97,195.56,191.211,195.49,2016308,37127,194.473
2025-11-26T05:00:00Z,195.08,195.78,193.33,193.9,1243818,25327,194.446
2025-11-28T05:00:00Z,193.58,194.74,193.1,194.02,592843,14470,193.948
2025-12-01T05:00:00Z,193.36,194.77,191.47,191.82,1931471,27377,192.331
2025-12-02T05:00:00Z,192.61,192.61,189.44,190.47,1539240,32462,190.449
2025-12-03T05:00:00Z,191.35,193.72,190.71,193.57,1161462,25835,192.994
2025-12-04T05:00:00Z,193.82,194.1,192.092,193.76,1253153,27217,193.28
2025-12-05T05:00:00Z,193.715,196.115,193.685,193.96,1784765,35047,194.582
2025-12-08T05:00:00Z,192,193.145,189.425,189.5,1740476,34315,190.474
2025-12-09T05:00:00Z,189.9,191.32,188.52,188.82,1493782,31372,189.264
2025-12-10T05:00:00Z,189.43,199.69,188.85,198.4,2788436,51546,197.151
2025-12-11T05:00:00Z,198.74,200.507,197.89,200.43,1652604,39336,199.538
2025-12-12T05:00:00Z,200.47,202.75,198.4,200.89,2494117,52454,200.388
2025-12-15T05:00:00Z,200.89,202.44,198.51,200.09,3711236,45833,200.237
2025-12-16T05:00:00Z,200.22,200.81,195.12,196.39,2378757,32661,196.641
2025-12-17T05:00:00Z,196.03,198.48,194.955,195.36,3310256,36119,195.744
2025-12-18T05:00:00Z,195.1,196.98,194.27,194.7,3319352,32843,194.992
2025-12-19T05:00:00Z,194.3,196.8,194.091,195.59,4982978,38026,195.511
2025-12-22T05:00:00Z,196.08,198.1,195.876,196.74,1512145,28013,196.956
2025-12-23T05:00:00Z,196.36,196.36,194.82,195.67,1040382,23865,195.47
2025-12-24T05:00:00Z,196,196.71,195.251,196.12,428229,11932,196.157
2025-12-26T05:00:00Z,196.08,197.24,194.874,196.33,1016226,18762,195.896
2025-12-29T05:00:00Z,196.21,196.485,194.56,195.16,1212278,22317,195.254
2025-12-30T05:00:00Z,194.81,196.18,194.56,195.64,766007,18767,195.515
2025-12-31T05:00:00Z,195.53,196.04,194.04,194.07,786101,17550,194.74
