timestamp,open,high,low,close,volume,tradeCount,vwap
2016-01-04T05:00:00Z,20.77,20.81,20.26,20.55,687660,4625,20.4308
2016-01-05T05:00:00Z,20.87,21.11,20.87,21.04,619980,2101,21.0017
2016-01-06T05:00:00Z,20.75,21.12,20.75,20.96,695760,3496,20.9389
2016-01-07T05:00:00Z,20.43,20.87,20.28,20.3,725440,3480,20.4992
2016-01-08T05:00:00Z,20.49,20.51,20.13,20.14,766410,4517,20.3015
2016-01-11T05:00:00Z,20.29,20.3675,19.95,20.19,642700,4211,20.1406
2016-01-12T05:00:00Z,20.76,20.95,20.58,20.72,730382,4192,20.762
2016-01-13T05:00:00Z,20.87,20.94,20.43,20.5,717176,4532,20.6969
2016-01-14T05:00:00Z,20.56,20.85,20.31,20.77,711118,4227,20.6746
2016-01-15T05:00:00Z,20.1,20.26,19.78,20.1,574801,3254,20.0649
2016-01-19T05:00:00Z,20.5,20.52,20.13,20.3,555749,3300,20.338
2016-01-20T05:00:00Z,20.03,20.28,19.65,20.12,946684,7031,19.9397
2016-01-21T05:00:00Z,20.16,20.6,19.93,20.31,726710,4927,20.3263
2016-01-22T05:00:00Z,20.68,20.87,20.59,20.79,633561,2844,20.7463
2016-01-25T05:00:00Z,20.69,20.86,20.49,20.55,446129,2496,20.6818
2016-01-26T05:00:00Z,20.7,21.08,20.7,21.01,360334,1987,20.9664
2016-01-27T05:00:00Z,21.01,21.21,20.77,20.87,412561,2610,20.9977
2016-01-28T05:00:00Z,21.12,21.24,20.89,21.11,718674,3603,21.1068
2016-01-29T05:00:00Z,21.29,21.68,21.18,21.65,855128,3630,21.4649
2016-02-01T05:00:00Z,21.37,21.65,21.27,21.63,772650,4202,21.4864
2016-02-02T05:00:00Z,21.09,21.09,20.59,20.73,473006,2637,20.7915
2016-02-03T05:00:00Z,20.99,21.45,20.64,21.41,959791,4787,21.0408
2016-02-04T05:00:00Z,21.54,22.12,21.54,21.75,1083155,4488,21.8163
2016-02-05T05:00:00Z,22.4,22.4,22.14,22.37,986030,4227,22.2913
2016-02-08T05:00:00Z,22.21,22.21,21.78,22.07,570859,2726,21.9216
2016-02-09T05:00:00Z,22.08,22.36,21.89,22.22,848039,4834,22.1087
2016-02-10T05:00:00Z,22.34,22.75,22.31,22.36,771466,4193,22.5494
2016-02-11T05:00:00Z,22.46,22.77,22.36,22.63,2073933,3188,22.5856
2016-02-12T05:00:00Z,22.3,22.62,22.1201,22.61,934785,3164,22.4428
2016-02-16T05:00:00Z,22.59,22.79,22.53,22.69,702308,3178,22.6697
2016-02-17T05:00:00Z,22.98,23.225,22.8,23.11,765535,3787,23.0741
2016-02-18T05:00:00Z,22.85,22.98,22.68,22.78,1157388,4979,22.85
2016-02-19T05:00:00Z,21.99,22.2,21.82,22.13,861319,4377,22.0781
2016-02-22T05:00:00Z,22.31,22.4,22.21,22.37,443039,2814,22.3476
2016-02-23T05:00:00Z,22,22,21.7036,21.74,508158,2322,21.8306
2016-02-24T05:00:00Z,21.7,21.97,21.36,21.91,785256,3506,21.6187
2016-02-25T05:00:00Z,21.92,22.115,21.83,22.08,566197,2984,21.9497
2016-02-26T05:00:00Z,22.36,22.43,22.065,22.1,799214,4608,22.2174
2016-02-29T05:00:00Z,22.67,22.89,22.58,22.69,801760,3862,22.7612
2016-03-01T05:00:00Z,22.78,23.2,22.63,23.16,705436,3772,22.9966
2016-03-02T05:00:00Z,22.87,23.26,22.87,23.25,688347,3437,23.1152
2016-03-03T05:00:00Z,23.31,23.61,23.31,23.55,1349989,6725,23.4954
2016-03-04T05:00:00Z,23.7,23.96,23.6,23.82,1416079,7045,23.8222
2016-03-07T05:00:00Z,23.62,23.855,23.5,23.69,1120742,6557,23.6963
2016-03-08T05:00:00Z,23.23,23.25,22.99,23.09,663571,3695,23.1156
2016-03-09T05:00:00Z,23.22,23.45,23.13,23.23,915498,5179,23.2874
2016-03-10T05:00:00Z,23.39,23.52,22.8,23.14,736388,4635,23.082
2016-03-11T05:00:00Z,23.56,23.87,23.56,23.83,808555,3445,23.7662
2016-03-14T04:00:00Z,24,24,23.74,23.89,662668,3654,23.8946
2016-03-15T04:00:00Z,23.59,23.6,23.34,23.59,441485,2584,23.4633
2016-03-16T04:00:00Z,23.38,24.15,23.25,24.02,956048,5928,23.7683
2016-03-17T04:00:00Z,24.17,24.41,24.03,24.29,1670012,7592,24.2582
2016-03-18T04:00:00Z,24.15,24.21,23.945,23.98,791427,4838,24.0656
2016-03-21T04:00:00Z,23.78,23.87,23.6,23.66,818124,3623,23.7121
2016-03-22T04:00:00Z,23.56,23.67,23.51,23.59,596729,3276,23.6002
2016-03-23T04:00:00Z,23.41,23.48,23.1201,23.21,648898,3766,23.228
2016-03-24T04:00:00Z,23.15,23.15,22.89,23.06,685225,3237,22.9687
2016-03-28T04:00:00Z,23,23.04,22.67,22.7,421287,2549,22.7708
2016-03-29T04:00:00Z,22.61,23.04,22.51,23,821904,4974,22.82
2016-03-30T04:00:00Z,23.32,23.52,23.27,23.35,1715281,8823,23.3632
2016-03-31T04:00:00Z,23.59,23.79,23.52,23.56,1073124,4706,23.6345
2016-04-01T04:00:00Z,23.25,23.83,23.235,23.75,1037676,5198,23.5872
2016-04-04T04:00:00Z,23.72,23.81,23.62,23.65,607192,3324,23.7
2016-04-05T04:00:00Z,23.51,23.56,23.21,23.27,634630,3050,23.3875
2016-04-06T04:00:00Z,23.32,23.72,23.25,23.72,591024,2782,23.4903
2016-04-07T04:00:00Z,23.55,23.62,23.17,23.22,513591,3221,23.3389
2016-04-08T04:00:00Z,23.605,23.66,23.36,23.4,732233,4002,23.4768
2016-04-11T04:00:00Z,23.41,23.41,23.18,23.25,587088,3339,23.3002
2016-04-12T04:00:00Z,23.42,23.77,23.34,23.67,667366,3748,23.6372
2016-04-13T04:00:00Z,23.7,23.77,23.53,23.74,828071,3942,23.6642
2016-04-14T04:00:00Z,23.3,23.51,23.3,23.38,326253,1950,23.425
2016-04-15T04:00:00Z,23.36,23.46,23.24,23.25,626025,2753,23.3304
2016-04-18T04:00:00Z,23.55,23.93,23.4,23.88,608138,2687,23.7673
2016-04-19T04:00:00Z,23.87,24.15,23.75,24.1,838226,4300,24.0156
2016-04-20T04:00:00Z,24.1,24.12,23.91,23.99,665616,2888,24.0343
2016-04-21T04:00:00Z,24.11,24.11,23.72,23.79,885189,4121,23.833
2016-04-22T04:00:00Z,23.83,24.06,23.77,23.78,771564,3123,23.8648
2016-04-25T04:00:00Z,23.68,23.8,23.535,23.59,402969,2030,23.6096
2016-04-26T04:00:00Z,23.33,23.38,23.2,23.37,604215,2651,23.2877
2016-04-27T04:00:00Z,23.27,23.59,23.13,23.52,366559,1968,23.3784
2016-04-28T04:00:00Z,23.31,23.44,23.18,23.26,412214,2181,23.3186
2016-04-29T04:00:00Z,23.11,23.21,22.87,23.09,696978,3744,23.0505
2016-05-02T04:00:00Z,23.1,23.165,22.89,23.16,659122,4629,23.0201
2016-05-03T04:00:00Z,22.94,22.95,22.59,22.7,1555200,7795,22.7406
2016-05-04T04:00:00Z,22.69,22.69,22.24,22.36,1177234,6752,22.4424
2016-05-05T04:00:00Z,22.45,22.59,22.2,22.31,586353,3076,22.3384
2016-05-06T04:00:00Z,22.38,22.45,22.18,22.4,731472,4038,22.3117
2016-05-09T04:00:00Z,22.31,22.34,22.11,22.19,1637832,8561,22.1978
2016-05-10T04:00:00Z,22.38,22.65,22.38,22.63,811376,5025,22.5894
2016-05-11T04:00:00Z,22.82,23.03,22.74,22.86,606343,3829,22.9045
2016-05-12T04:00:00Z,22.98,22.98,22.59,22.62,810587,3167,22.701
2016-05-13T04:00:00Z,22.4,22.49,22.17,22.21,432903,2164,22.3144
2016-05-16T04:00:00Z,22.38,22.39,22.24,22.3,644837,3530,22.3008
2016-05-17T04:00:00Z,22.27,22.27,21.9,22.01,680348,3746,22.0456
2016-05-18T04:00:00Z,22.26,22.3,21.9,21.95,1122207,6180,22.0909
2016-05-19T04:00:00Z,21.57,21.66,21.36,21.55,1512991,8323,21.493
2016-05-20T04:00:00Z,21.81,21.84,21.605,21.83,704785,3638,21.7702
2016-05-23T04:00:00Z,21.9,22.03,21.79,21.89,767600,3106,21.9275
2016-05-24T04:00:00Z,21.84,22.095,21.8,21.98,821774,4363,22.0028
2016-05-25T04:00:00Z,22.11,22.35,22.11,22.28,637056,2996,22.2768
2016-05-26T04:00:00Z,22.48,22.6,22.35,22.46,586670,2931,22.4613
2016-05-27T04:00:00Z,22.59,22.63,22.43,22.45,625780,2997,22.5275
2016-05-31T04:00:00Z,22.35,22.48,22.23,22.37,1086939,4337,22.3639
2016-06-01T04:00:00Z,22.36,22.52,22.31,22.39,659984,2964,22.3817
2016-06-02T04:00:00Z,22.32,22.7,22.32,22.62,733090,3079,22.5667
2016-06-03T04:00:00Z,22.92,23.095,22.8,23.04,1278294,5688,22.997
2016-06-06T04:00:00Z,23.39,23.71,23.35,23.65,1741948,7006,23.6439
2016-06-07T04:00:00Z,23.65,23.95,23.65,23.87,1404523,5592,23.8859
2016-06-08T04:00:00Z,23.76,23.87,23.69,23.8,1252982,4264,23.7883
2016-06-09T04:00:00Z,23.36,23.48,23.3,23.41,1039395,4970,23.4012
2016-06-10T04:00:00Z,23.09,23.18,22.82,22.91,725733,2738,22.9558
2016-06-13T04:00:00Z,22.76,23.03,22.7,22.71,952606,4466,22.8602
2016-06-14T04:00:00Z,22.66,22.805,22.49,22.72,907260,4682,22.6473
2016-06-15T04:00:00Z,22.96,23.22,22.88,23.02,796849,3995,23.0406
2016-06-16T04:00:00Z,22.81,23.1325,22.54,23.13,843698,3912,22.8304
2016-06-17T04:00:00Z,23.21,23.21,22.84,23.07,651448,3137,23.0048
2016-06-20T04:00:00Z,23.6,23.6,23.42,23.46,632698,3553,23.5341
2016-06-21T04:00:00Z,23.58,23.6867,23.39,23.595,1393086,6529,23.558
2016-06-22T04:00:00Z,23.47,23.57,23.36,23.45,655235,4003,23.4685
2016-06-23T04:00:00Z,23.68,23.995,23.525,23.97,1311297,6388,23.8088
2016-06-24T04:00:00Z,22.74,23.25,22.35,22.4,1867423,9574,22.7541
2016-06-27T04:00:00Z,22.66,22.66,22.13,22.52,1424256,8614,22.3817
2016-06-28T04:00:00Z,23.44,23.65,23.31,23.65,776092,4066,23.4977
2016-06-29T04:00:00Z,24.16,24.45,24.15,24.45,2017111,8961,24.3813
2016-06-30T04:00:00Z,24.37,24.505,24.17,24.46,1195334,6918,24.3473
2016-07-01T04:00:00Z,24.41,24.59,24.25,24.45,1199953,6328,24.4822
2016-07-05T04:00:00Z,24.19,24.33,24.12,24.29,2579695,8858,24.2402
2016-07-06T04:00:00Z,23.9375,24.21,23.77,24.19,1492310,7409,24.0296
2016-07-07T04:00:00Z,24.24,24.31,24.01,24.15,630538,3566,24.1672
2016-07-08T04:00:00Z,24.24,24.635,24.24,24.53,863235,4727,24.4663
2016-07-11T04:00:00Z,24.86,25.1,24.86,24.88,1057357,6160,25.0086
2016-07-12T04:00:00Z,25.19,25.34,25.06,25.23,1225694,6810,25.1893
2016-07-13T04:00:00Z,25.34,25.44,25.23,25.31,1361766,6999,25.3336
2016-07-14T04:00:00Z,25.02,25.33,25.01,25.19,915138,4716,25.1754
2016-07-15T04:00:00Z,25.18,25.18,24.84,24.94,999260,2570,24.9726
2016-07-18T04:00:00Z,25.01,25.31,25.01,25.3,625528,2729,25.1868
2016-07-19T04:00:00Z,25.45,25.4986,25.34,25.4,522878,2583,25.4027
2016-07-20T04:00:00Z,25.57,25.68,25.41,25.62,857732,3490,25.5721
2016-07-21T04:00:00Z,25.38,25.49,25.29,25.33,715883,3679,25.391
2016-07-22T04:00:00Z,25.45,25.45,25.185,25.37,327410,1756,25.2878
2016-07-25T04:00:00Z,25.37,25.39,25.14,25.24,570128,3357,25.2387
2016-07-26T04:00:00Z,25.31,25.51,25.29,25.45,582225,4456,25.3954
2016-07-27T04:00:00Z,25.77,25.92,25.59,25.83,698670,4878,25.7748
2016-07-28T04:00:00Z,25.97,25.97,25.7399,25.86,353060,1480,25.8212
2016-07-29T04:00:00Z,25.8,26.04,25.68,25.98,976444,5347,25.9099
2016-08-01T04:00:00Z,26.4,26.48,26.31,26.34,848681,3675,26.3837
2016-08-02T04:00:00Z,26.4,26.48,25.91,26.26,1413761,6829,26.1494
2016-08-03T04:00:00Z,26.12,26.34,26.01,26.28,437067,2110,26.1924
2016-08-04T04:00:00Z,26.28,26.46,26.24,26.37,636957,1940,26.2994
2016-08-05T04:00:00Z,26.51,26.59,26.4,26.52,539697,3109,26.5127
2016-08-08T04:00:00Z,26.75,26.88,26.71,26.72,451208,2211,26.7871
2016-08-09T04:00:00Z,26.78,26.85,26.69,26.79,477232,3472,26.7862
2016-08-10T04:00:00Z,26.7,26.74,26.5,26.59,522865,3253,26.5913
2016-08-11T04:00:00Z,26.58,26.77,26.471,26.74,440426,2118,26.6231
2016-08-12T04:00:00Z,26.3,26.42,26.24,26.3,733960,3883,26.335
2016-08-15T04:00:00Z,26.15,26.28,26.12,26.15,504098,2298,26.2087
2016-08-16T04:00:00Z,26.32,26.32,26.105,26.21,1050578,5149,26.1749
2016-08-17T04:00:00Z,26.11,26.265,25.82,26.23,1325706,6413,26.076
2016-08-18T04:00:00Z,26.55,26.79,26.49,26.78,1300391,4607,26.6567
2016-08-19T04:00:00Z,26.26,26.51,26.18,26.51,1206236,5553,26.4259
2016-08-22T04:00:00Z,26.28,26.28,26.0648,26.15,1052715,3702,26.1582
2016-08-23T04:00:00Z,26.12,26.21,25.96,25.98,760281,4851,26.0402
2016-08-24T04:00:00Z,25.88,26.18,25.88,26.11,645576,3652,26.0741
2016-08-25T04:00:00Z,26.24,26.4599,26.22,26.37,1126199,6274,26.3034
2016-08-26T04:00:00Z,26.31,26.67,25.78,25.95,1811120,12568,26.2196
2016-08-29T04:00:00Z,25.71,25.8,25.64,25.77,439477,2385,25.7094
2016-08-30T04:00:00Z,25.77,25.825,25.385,25.43,1014138,5371,25.5588
2016-08-31T04:00:00Z,25.64,25.64,25.35,25.52,1182298,5717,25.4964
2016-09-01T04:00:00Z,25.2,25.44,25.161,25.28,1311363,7401,25.2729
2016-09-02T04:00:00Z,25.66,25.99,25.66,25.84,1360116,8233,25.8544
2016-09-06T04:00:00Z,26.12,26.225,25.935,26.13,999272,4766,26.0839
2016-09-07T04:00:00Z,26.08,26.2,26.08,26.19,672510,4187,26.1513
2016-09-08T04:00:00Z,26.12,26.12,25.83,25.85,765677,5242,25.9452
2016-09-09T04:00:00Z,25.36,25.38,24.7899,24.81,1854750,7854,24.9628
2016-09-12T04:00:00Z,24.64,25.19,24.4807,25.09,2102560,9780,24.8757
2016-09-13T04:00:00Z,24.81,24.94,24.49,24.64,1810976,10372,24.6826
2016-09-14T04:00:00Z,24.39,24.76,24.34,24.43,1239570,7454,24.5281
2016-09-15T04:00:00Z,25.17,25.62,25.17,25.59,1334821,7758,25.4055
2016-09-16T04:00:00Z,25.26,25.44,25.12,25.44,1004065,5074,25.33
2016-09-19T04:00:00Z,25.7,25.955,25.7,25.76,770628,4502,25.8422
2016-09-20T04:00:00Z,25.8,25.87,25.64,25.65,541053,3254,25.7177
2016-09-21T04:00:00Z,25.91,26.51,25.91,26.44,1226165,7078,26.2457
2016-09-22T04:00:00Z,26.62,26.8,26.58,26.62,947074,5090,26.6931
2016-09-23T04:00:00Z,26.46,26.47,26.22,26.25,522274,3092,26.3391
2016-09-26T04:00:00Z,26.08,26.26,25.99,26,636686,3558,26.1066
2016-09-27T04:00:00Z,26.62,26.775,26.43,26.75,821513,5066,26.6491
2016-09-28T04:00:00Z,26.8,27.03,26.6,27.02,828905,5201,26.8623
2016-09-29T04:00:00Z,26.88,27.06,26.53,26.58,1211964,6627,26.7997
2016-09-30T04:00:00Z,26.38,26.73,26.32,26.44,1400079,4820,26.4516
2016-10-03T04:00:00Z,26.81,27.04,26.66,27,871283,4471,26.8566
2016-10-04T04:00:00Z,26.95,26.95,26.28,26.39,2113324,11011,26.5802
2016-10-05T04:00:00Z,26.52,26.59,26.42,26.53,1099112,8132,26.4938
2016-10-06T04:00:00Z,26.24,26.4001,26.13,26.36,1297705,7755,26.3039
2016-10-07T04:00:00Z,26.33,26.52,26.04,26.19,629003,4271,26.2302
2016-10-10T04:00:00Z,26.2,26.435,26.2,26.33,346410,2259,26.348
2016-10-11T04:00:00Z,26.15,26.17,25.93,26.03,715325,4184,26.0548
2016-10-12T04:00:00Z,26.05,26.19,25.94,26.14,618915,3932,26.0745
2016-10-13T04:00:00Z,25.8,26.13,25.62,26,675811,4368,25.8816
2016-10-14T04:00:00Z,26.3,26.39,26.12,26.21,590970,3496,26.2452
2016-10-17T04:00:00Z,26.24,26.39,26.2,26.2,466087,3254,26.2736
2016-10-18T04:00:00Z,26.53,26.59,26.39,26.54,426503,2928,26.5043
2016-10-19T04:00:00Z,26.52,26.63,26.39,26.59,1047135,4233,26.519
2016-10-20T04:00:00Z,26.39,26.52,26.32,26.41,515901,3652,26.4468
2016-10-21T04:00:00Z,26.26,26.55,26.26,26.49,300278,2121,26.4469
2016-10-24T04:00:00Z,26.4,26.5,26.28,26.38,303037,2096,26.3922
2016-10-25T04:00:00Z,26.19,26.38,26.1,26.3,275334,1858,26.2838
2016-10-26T04:00:00Z,26.2,26.37,26.06,26.23,485124,3076,26.234
2016-10-27T04:00:00Z,26.33,26.36,26.08,26.17,559130,4673,26.21
2016-10-28T04:00:00Z,26.24,26.28,25.9,26.08,702275,4068,26.1025
2016-10-31T04:00:00Z,26.11,26.31,26.11,26.25,462813,2353,26.2234
2016-11-01T04:00:00Z,26.12,26.15,25.69,25.9,1151775,7548,25.879
2016-11-02T04:00:00Z,25.93,26.07,25.76,25.86,1098970,6021,25.9106
2016-11-03T04:00:00Z,25.6,25.67,25.41,25.49,846161,5041,25.5235
2016-11-04T04:00:00Z,25.39,25.545,25.39,25.45,1156410,6358,25.4737
2016-11-07T05:00:00Z,25.85,26.32,25.85,26.22,1027911,6628,26.1426
2016-11-08T05:00:00Z,26.25,26.76,26.23,26.67,1459252,9567,26.5292
2016-11-09T05:00:00Z,25.89,26.14,25.48,25.62,2553475,12932,25.809
2016-11-10T05:00:00Z,25.41,25.484,24.42,24.46,3803283,19187,24.6763
2016-11-11T05:00:00Z,23.76,23.7845,23.265,23.37,3133261,14324,23.4526
2016-11-14T05:00:00Z,23.25,23.46,23.04,23.31,1788807,9779,23.238
2016-11-15T05:00:00Z,23.31,23.73,23.2001,23.7,2027071,11709,23.5991
2016-11-16T05:00:00Z,23.75,23.91,23.67,23.87,808268,5025,23.8207
2016-11-17T05:00:00Z,24,24.18,23.95,24.01,738768,4528,24.0729
2016-11-18T05:00:00Z,23.97,24.01,23.69,23.85,1145279,4945,23.8883
2016-11-21T05:00:00Z,23.73,23.82,23.495,23.54,627279,4471,23.6281
2016-11-22T05:00:00Z,23.85,23.93,23.68,23.83,773157,4827,23.8222
2016-11-23T05:00:00Z,23.52,23.525,23.3,23.48,944626,5059,23.4366
2016-11-25T05:00:00Z,23.24,23.24,23.14,23.18,512148,2734,23.1932
2016-11-28T05:00:00Z,23.12,23.15,23.05,23.05,393409,2508,23.0872
2016-11-29T05:00:00Z,23.05,23.38,23.025,23.27,841135,3951,23.2439
2016-11-30T05:00:00Z,23.27,23.43,23.24,23.35,991562,5286,23.3569
2016-12-01T05:00:00Z,23.57,23.67,23.27,23.4,1362603,5712,23.3825
2016-12-02T05:00:00Z,23.81,24.07,23.81,23.9,564518,3404,23.9704
2016-12-05T05:00:00Z,23.96,24.25,23.96,24.14,882346,4472,24.1458
2016-12-06T05:00:00Z,24.35,24.43,24.16,24.26,1381582,3008,24.2472
2016-12-07T05:00:00Z,24.25,24.62,24.23,24.55,955737,6050,24.4852
2016-12-08T05:00:00Z,24.53,24.69,24.505,24.65,1116501,6939,24.5728
2016-12-09T05:00:00Z,24.55,24.58,24.42,24.54,519656,2950,24.5148
2016-12-12T05:00:00Z,24.37,24.4743,24.27,24.33,1088098,4289,24.3744
2016-12-13T05:00:00Z,24.43,24.79,24.43,24.7,897084,4103,24.6379
2016-12-14T05:00:00Z,24.29,24.52,23.79,23.79,962464,6031,24.1626
2016-12-15T05:00:00Z,23.94,23.97,23.81,23.91,937980,5613,23.8986
2016-12-16T05:00:00Z,23.89,23.89,23.66,23.79,688091,4304,23.7479
2016-12-19T05:00:00Z,23.8,23.8,23.6,23.61,381720,2228,23.6944
2016-12-20T05:00:00Z,23.44,23.44,23.21,23.22,660582,3109,23.2783
2016-12-21T05:00:00Z,23.22,23.24,23.02,23.05,508557,2970,23.1096
2016-12-22T05:00:00Z,22.77,22.89,22.41,22.65,1034588,5701,22.5615
2016-12-23T05:00:00Z,22.54,22.82,22.51,22.8,410497,1711,22.7125
2016-12-27T05:00:00Z,22.98,23.31,22.82,23.27,303659,1508,23.2399
2016-12-28T05:00:00Z,23.65,23.67,23.54,23.58,524192,2918,23.5948
2016-12-29T05:00:00Z,24.08,24.54,24.08,24.45,581431,3077,24.4297
2016-12-30T05:00:00Z,24.35,24.37,24.04,24.13,498563,2425,24.1925
2017-01-03T05:00:00Z,24.3,24.47,24.26,24.31,936642,4807,24.3501
2017-01-04T05:00:00Z,24.54,24.71,24.445,24.49,830809,4885,24.5849
2017-01-05T05:00:00Z,24.74,24.85,24.7,24.82,1006264,5785,24.7832
2017-01-06T05:00:00Z,24.84,24.84,24.645,24.68,701772,4834,24.697
2017-01-09T05:00:00Z,24.55,24.58,24.37,24.57,663416,3510,24.5153
2017-01-10T05:00:00Z,24.71,24.7482,24.58,24.61,466411,2438,24.6632
2017-01-11T05:00:00Z,24.59,24.66,24.3,24.66,921815,4431,24.4701
2017-01-12T05:00:00Z,24.66,24.66,24.3619,24.48,390269,2435,24.449
2017-01-13T05:00:00Z,24.45,24.505,24.35,24.5,542226,2747,24.423
2017-01-17T05:00:00Z,24.36,24.4,24.26,24.32,461788,3055,24.3304
2017-01-18T05:00:00Z,24.38,24.43,24.2075,24.28,614388,3461,24.3111
2017-01-19T05:00:00Z,24.34,24.35,24.09,24.21,784148,4506,24.1767
2017-01-20T05:00:00Z,24.11,24.11,23.78,23.9,626905,3540,23.8996
2017-01-23T05:00:00Z,24.08,24.29,24.07,24.24,503703,2781,24.1817
2017-01-24T05:00:00Z,24.44,24.7,24.44,24.49,816290,4284,24.5915
2017-01-25T05:00:00Z,24.46,24.57,24.44,24.55,455525,2095,24.4979
2017-01-26T05:00:00Z,24.57,24.59,24.31,24.4,510727,2919,24.4035
2017-01-27T05:00:00Z,24.4,24.475,24.3709,24.43,460329,2362,24.4335
2017-01-30T05:00:00Z,24.41,24.515,24.345,24.45,718451,3532,24.4099
2017-01-31T05:00:00Z,24.27,24.445,24.27,24.41,738911,3525,24.3984
2017-02-01T05:00:00Z,24.49,24.585,24.41,24.49,621611,3521,24.4838
2017-02-02T05:00:00Z,24.68,24.755,24.61,24.72,476299,2331,24.6956
2017-02-03T05:00:00Z,24.85,25.03,24.8,24.92,843933,5364,24.9341
2017-02-06T05:00:00Z,24.89,24.98,24.885,24.91,382130,2002,24.9255
2017-02-07T05:00:00Z,24.9,24.92,24.79,24.83,499113,2792,24.8606
2017-02-08T05:00:00Z,24.8,24.91,24.75,24.84,410088,2112,24.8528
2017-02-09T05:00:00Z,24.96,25.08,24.87,25.02,594933,2133,25.0385
2017-02-10T05:00:00Z,25.03,25.07,24.95,25.04,451915,2056,25.0289
2017-02-13T05:00:00Z,25.06,25.22,25.05,25.18,296932,1530,25.1411
2017-02-14T05:00:00Z,24.99,25,24.77,24.98,437947,2361,24.9198
2017-02-15T05:00:00Z,24.99,25.04,24.89,25,493200,2914,24.9761
2017-02-16T05:00:00Z,24.9,24.9,24.75,24.8,581674,2839,24.8048
2017-02-17T05:00:00Z,24.57,24.59,24.47,24.57,1393281,2294,24.5281
2017-02-21T05:00:00Z,24.53,24.66,24.53,24.63,899779,3254,24.6044
2017-02-22T05:00:00Z,24.69,24.71,24.59,24.62,1366370,4897,24.6311
2017-02-23T05:00:00Z,24.76,24.8,24.71,24.76,675678,3596,24.7605
2017-02-24T05:00:00Z,24.76,24.79,24.68,24.79,506434,2948,24.7358
2017-02-27T05:00:00Z,24.68,24.68,24.5,24.56,428753,2326,24.5856
2017-02-28T05:00:00Z,24.68,24.76,24.465,24.48,2356277,7162,24.5466
2017-03-01T05:00:00Z,24.56,24.655,24.45,24.58,1018268,4883,24.5673
2017-03-02T05:00:00Z,24.65,24.76,24.395,24.47,1526894,6505,24.5165
2017-03-03T05:00:00Z,24.56,24.69,24.535,24.66,895910,3048,24.5961
2017-03-06T05:00:00Z,24.7,24.86,24.7,24.83,656260,3544,24.784
2017-03-07T05:00:00Z,24.83,24.88,24.67,24.75,641319,2878,24.7447
2017-03-08T05:00:00Z,24.57,24.62,24.45,24.48,468448,2275,24.5291
2017-03-09T05:00:00Z,24.6,24.6,24.36,24.505,673782,3153,24.499
2017-03-10T05:00:00Z,24.59,24.655,24.52,24.64,445843,1838,24.5899
2017-03-13T04:00:00Z,24.72,24.815,24.72,24.78,347744,1996,24.7734
2017-03-14T04:00:00Z,24.77,24.87,24.71,24.76,522451,2838,24.7864
2017-03-15T04:00:00Z,24.71,25.47,24.703,25.22,1239472,6754,25.1349
2017-03-16T04:00:00Z,25.49,25.59,25.401,25.5,1265629,6071,25.5251
2017-03-17T04:00:00Z,25.57,25.69,25.52,25.62,1163252,5458,25.621
2017-03-20T04:00:00Z,25.62,25.78,25.56,25.71,559562,2524,25.7221
2017-03-21T04:00:00Z,25.68,25.76,25.41,25.41,2522118,7077,25.6065
2017-03-22T04:00:00Z,25.62,25.81,25.52,25.71,996114,4196,25.7147
2017-03-23T04:00:00Z,25.85,26.05,25.8,25.9,784632,3780,25.9288
2017-03-24T04:00:00Z,25.89,25.98,25.85,25.95,567050,3006,25.9262
2017-03-27T04:00:00Z,25.81,25.81,25.645,25.77,613696,2622,25.7187
2017-03-28T04:00:00Z,25.66,25.92,25.66,25.81,559953,2693,25.8265
2017-03-29T04:00:00Z,25.9,26.03,25.87,25.95,457616,2496,25.9576
2017-03-30T04:00:00Z,25.96,26,25.89,25.91,636898,3313,25.949
2017-03-31T04:00:00Z,25.73,25.92,25.73,25.79,610069,3130,25.8361
2017-04-03T04:00:00Z,26.04,26.16,26.008,26.14,841997,3671,26.0847
2017-04-04T04:00:00Z,26.25,26.46,26.16,26.46,891682,3593,26.3844
2017-04-05T04:00:00Z,26.42,26.46,26.16,26.16,728006,3509,26.3397
2017-04-06T04:00:00Z,26.3,26.375,26.195,26.25,437451,2639,26.2954
2017-04-07T04:00:00Z,26.22,26.295,26.16,26.24,445756,2614,26.2479
2017-04-10T04:00:00Z,26.16,26.24,26.02,26.13,487241,2282,26.1019
2017-04-11T04:00:00Z,26.13,26.13,25.885,26.09,590062,3031,25.9955
2017-04-12T04:00:00Z,26.16,26.3,25.995,26.29,1609175,4693,26.1691
2017-04-13T04:00:00Z,26.09,26.19,26.01,26.01,569653,1977,26.1034
2017-04-17T04:00:00Z,25.79,26.03,25.71,25.98,468954,2362,25.955
2017-04-18T04:00:00Z,25.92,26.04,25.85,25.9,548661,2226,25.9446
2017-04-19T04:00:00Z,25.94,25.94,25.53,25.62,1596408,5711,25.6933
2017-04-20T04:00:00Z,25.82,25.92,25.69,25.9,791570,2935,25.8066
2017-04-21T04:00:00Z,26.19,26.345,26.19,26.23,1289101,4355,26.2555
2017-04-24T04:00:00Z,26.5,26.65,26.46,26.54,613009,3466,26.5673
2017-04-25T04:00:00Z,26.55,26.66,26.51,26.53,646659,3438,26.5778
2017-04-26T04:00:00Z,26.65,26.68,26.52,26.6,853599,4132,26.6007
2017-04-27T04:00:00Z,26.6,26.68,26.495,26.5,489602,2293,26.5769
2017-04-28T04:00:00Z,26.54,26.54,26.28,26.33,959820,5089,26.3734
2017-05-01T04:00:00Z,26.45,26.545,26.329,26.37,479687,3437,26.4636
2017-05-02T04:00:00Z,26.53,26.59,26.4,26.52,500650,2836,26.5118
2017-05-03T04:00:00Z,26.47,26.47,26.2,26.32,365973,2002,26.333
2017-05-04T04:00:00Z,26.48,26.5,26.33,26.4,823924,4129,26.3762
2017-05-05T04:00:00Z,26.47,26.77,26.47,26.75,773802,1940,26.6925
2017-05-08T04:00:00Z,26.89,26.9,26.68,26.71,820759,3611,26.7527
2017-05-09T04:00:00Z,26.71,26.98,26.7,26.84,633147,3056,26.8805
2017-05-10T04:00:00Z,26.54,26.73,26.53,26.63,608138,3109,26.6428
2017-05-11T04:00:00Z,26.6,26.705,26.5,26.67,605976,2542,26.6189
2017-05-12T04:00:00Z,26.8,26.8,26.65,26.69,579866,2773,26.7123
2017-05-15T04:00:00Z,26.73,26.9,26.71,26.87,345706,1705,26.8456
2017-05-16T04:00:00Z,26.58,26.62,26.46,26.52,950491,3643,26.5305
2017-05-17T04:00:00Z,26.12,26.12,25.805,25.84,842622,4836,25.9403
2017-05-18T04:00:00Z,25.83,26.14,25.66,25.99,1432975,6786,25.9514
2017-05-19T04:00:00Z,26.54,27.55,26.41,27.39,1005879,4441,27.326
2017-05-22T04:00:00Z,27.16,27.255,27.14,27.21,475462,2011,27.2097
2017-05-23T04:00:00Z,26.97,27.015,26.86,27,675382,2943,26.9647
2017-05-24T04:00:00Z,26.79,26.89,26.655,26.8,596086,2536,26.7651
2017-05-25T04:00:00Z,26.83,27.005,26.83,26.91,366814,2296,26.9304
2017-05-26T04:00:00Z,26.91,26.92,26.69,26.79,618258,2534,26.7968
2017-05-30T04:00:00Z,26.73,26.78,26.69,26.76,754901,3627,26.7524
2017-05-31T04:00:00Z,26.86,26.94,26.48,26.57,1260606,5826,26.5833
2017-06-01T04:00:00Z,26.7,26.91,26.55,26.9,593032,2133,26.7689
2017-06-02T04:00:00Z,27.04,27.16,27.04,27.14,389678,1979,27.1112
2017-06-05T04:00:00Z,27.05,27.17,27.04,27.16,612466,3742,27.1158
2017-06-06T04:00:00Z,26.91,27.02,26.91,26.97,595461,2983,26.9814
2017-06-07T04:00:00Z,26.96,27.005,26.81,26.96,874716,2813,26.9257
2017-06-08T04:00:00Z,26.97,26.995,26.77,26.98,1452982,4654,26.8593
2017-06-09T04:00:00Z,26.7,26.793,26.485,26.66,801600,4549,26.6709
2017-06-12T04:00:00Z,26.83,26.95,26.67,26.83,544403,3045,26.773
2017-06-13T04:00:00Z,26.88,27.08,26.88,27.02,821404,5628,27.0184
2017-06-14T04:00:00Z,27.49,27.6,27.28,27.33,1079432,5204,27.4658
2017-06-15T04:00:00Z,27.22,27.36,27.09,27.36,865509,5143,27.2177
2017-06-16T04:00:00Z,26.94,27.08,26.875,27.05,377007,2065,26.9606
2017-06-19T04:00:00Z,27.16,27.22,27,27.12,623795,2326,27.1618
2017-06-20T04:00:00Z,27.1,27.1,26.795,26.91,1448031,4683,26.9163
2017-06-21T04:00:00Z,27.09,27.21,27.02,27.11,663130,2735,27.1354
2017-06-22T04:00:00Z,27.03,27.3,27.03,27.08,763415,2897,27.1747
2017-06-23T04:00:00Z,27.16,27.36,27.14,27.24,458504,2157,27.267
2017-06-26T04:00:00Z,27.35,27.62,27.35,27.54,540706,2426,27.5472
2017-06-27T04:00:00Z,27.49,27.49,27.26,27.31,381973,1859,27.3614
2017-06-28T04:00:00Z,27.26,27.64,27.26,27.6,418504,2308,27.4965
2017-06-29T04:00:00Z,27.53,27.53,26.99,27.14,748432,3445,27.2089
2017-06-30T04:00:00Z,27.11,27.38,27.11,27.21,385295,1967,27.2992
2017-07-03T04:00:00Z,27.44,27.58,27.39,27.4,301097,1579,27.4654
2017-07-05T04:00:00Z,26.91,27.2,26.9,27.17,697259,3402,27.0577
2017-07-06T04:00:00Z,27.09,27.1,26.88,26.92,830776,4557,26.9961
2017-07-07T04:00:00Z,26.99,26.99,26.75,26.88,576152,3047,26.8769
2017-07-10T04:00:00Z,26.59,26.84,26.43,26.79,385734,2119,26.7541
2017-07-11T04:00:00Z,26.72,26.83,26.64,26.8,361849,2239,26.7706
2017-07-12T04:00:00Z,27.05,27.4,27.05,27.37,781101,4207,27.3334
2017-07-13T04:00:00Z,27.07,27.135,27,27.12,722145,3004,27.0706
2017-07-14T04:00:00Z,27.2,27.41,27.08,27.34,848249,2203,27.3321
2017-07-17T04:00:00Z,27.4,27.4,27.12,27.15,554122,2616,27.2021
2017-07-18T04:00:00Z,27.05,27.1,26.925,27.09,306614,1559,27.029
2017-07-19T04:00:00Z,27.01,27.1,26.95,27.09,519952,2442,27.0304
2017-07-20T04:00:00Z,27.19,27.19,27.04,27.11,380991,2256,27.1063
2017-07-21T04:00:00Z,26.68,26.72,26.51,26.61,269229,1469,26.5881
2017-07-24T04:00:00Z,26.78,26.89,26.75,26.84,415421,2195,26.8301
2017-07-25T04:00:00Z,26.99,27.13,26.86,26.91,401719,1811,26.9416
2017-07-26T04:00:00Z,26.9,26.96,26.64,26.95,665428,2648,26.8485
2017-07-27T04:00:00Z,26.9,26.9,26.505,26.72,778385,4040,26.6952
2017-07-28T04:00:00Z,26.72,26.82,26.7,26.8,575868,3942,26.7665
2017-07-31T04:00:00Z,26.85,26.905,26.79,26.87,283030,1567,26.847
2017-08-01T04:00:00Z,26.8,26.84,26.73,26.82,387285,1794,26.7948
2017-08-02T04:00:00Z,26.77,26.89,26.67,26.8,290282,1554,26.7844
2017-08-03T04:00:00Z,26.53,26.63,26.5,26.62,354832,1581,26.5665
2017-08-04T04:00:00Z,26.64,26.64,26.44,26.62,270599,1358,26.5475
2017-08-07T04:00:00Z,26.6,26.67,26.575,26.6,230812,1212,26.6224
2017-08-08T04:00:00Z,26.79,26.92,26.725,26.73,264415,1632,26.8165
2017-08-09T04:00:00Z,26.82,26.82,26.66,26.78,213768,931,26.7335
2017-08-10T04:00:00Z,26.72,26.73,26.37,26.45,769776,4046,26.5246
2017-08-11T04:00:00Z,26.6,26.8126,26.475,26.65,1120667,4160,26.6809
2017-08-14T04:00:00Z,26.8,26.96,26.78,26.82,776413,3184,26.881
2017-08-15T04:00:00Z,26.76,26.88,26.75,26.78,522889,2801,26.8032
2017-08-16T04:00:00Z,26.93,27.2,26.93,27.19,319424,1981,27.1319
2017-08-17T04:00:00Z,27.08,27.265,26.765,26.84,664456,3761,26.9243
2017-08-18T04:00:00Z,26.97,27.22,26.845,27.11,492711,2656,27.0517
2017-08-21T04:00:00Z,26.96,27.13,26.915,27.08,396740,2108,27.0529
2017-08-22T04:00:00Z,27.15,27.315,27.15,27.23,486683,3177,27.2617
2017-08-23T04:00:00Z,27.06,27.385,27.06,27.36,364857,1934,27.2801
2017-08-24T04:00:00Z,27.22,27.4,27.105,27.18,399555,2025,27.1695
2017-08-25T04:00:00Z,27.25,27.48,27.25,27.28,417909,2574,27.335
2017-08-28T04:00:00Z,27.15,27.23,27.08,27.17,434957,1328,27.161
2017-08-29T04:00:00Z,26.83,27.15,26.83,27.15,439337,1728,27.0661
2017-08-30T04:00:00Z,26.85,26.94,26.7,26.93,502115,2725,26.8568
2017-08-31T04:00:00Z,26.88,26.97,26.715,26.88,257502,1958,26.8711
2017-09-01T04:00:00Z,26.93,27.1,26.89,27.07,508927,3048,27.0424
2017-09-05T04:00:00Z,26.66,26.71,26.35,26.55,498073,3168,26.5093
2017-09-06T04:00:00Z,26.61,26.7,26.58,26.65,357263,2380,26.6469
2017-09-07T04:00:00Z,26.77,26.87,26.74,26.79,321344,2288,26.8074
2017-09-08T04:00:00Z,27.1,27.15,26.9,26.96,314824,1302,26.9948
2017-09-11T04:00:00Z,27,27.36,27,27.32,364771,1776,27.2995
2017-09-12T04:00:00Z,27.06,27.125,26.95,27.07,349669,2000,27.0688
2017-09-13T04:00:00Z,26.86,26.86,26.72,26.81,412567,2388,26.7911
2017-09-14T04:00:00Z,26.6,26.76,26.5,26.71,240715,1457,26.6561
2017-09-15T04:00:00Z,26.82,27.03,26.77,26.99,371068,1749,26.8681
2017-09-18T04:00:00Z,26.85,26.96,26.66,26.81,514969,2370,26.8311
2017-09-19T04:00:00Z,26.93,27.09,26.93,27.09,257221,1439,27.008
2017-09-20T04:00:00Z,26.98,27.055,26.54,26.79,421037,2614,26.8201
2017-09-21T04:00:00Z,26.87,26.92,26.72,26.83,333931,1597,26.8181
2017-09-22T04:00:00Z,27,27.11,26.84,26.95,385291,2064,26.9257
2017-09-25T04:00:00Z,26.82,26.82,26.55,26.68,457915,2191,26.6811
2017-09-26T04:00:00Z,26.64,26.72,26.51,26.55,380169,2216,26.6263
2017-09-27T04:00:00Z,26.42,26.5,26.09,26.3,750937,3691,26.239
2017-09-28T04:00:00Z,26.06,26.28,26.01,26.2,831022,4187,26.1911
2017-09-29T04:00:00Z,26.54,26.78,26.465,26.69,797105,4671,26.7104
2017-10-02T04:00:00Z,26.51,26.6665,26.49,26.52,552839,2940,26.5959
2017-10-03T04:00:00Z,26.74,26.79,26.63,26.75,637919,3479,26.7506
2017-10-04T04:00:00Z,26.77,26.88,26.77,26.79,351044,2192,26.8099
2017-10-05T04:00:00Z,26.66,26.84,26.66,26.82,540014,1759,26.7442
2017-10-06T04:00:00Z,26.53,26.56,26.33,26.51,764563,3458,26.4646
2017-10-09T04:00:00Z,26.57,26.62,26.495,26.6,276421,1456,26.5733
2017-10-10T04:00:00Z,26.63,26.83,26.59,26.78,533229,2829,26.742
2017-10-11T04:00:00Z,26.49,26.56,26.36,26.56,611157,2247,26.4852
2017-10-12T04:00:00Z,26.78,26.78,26.66,26.7,320492,1999,26.7017
2017-10-13T04:00:00Z,26.92,27.09,26.92,27,557296,3814,27.0068
2017-10-16T04:00:00Z,26.98,27.1,26.91,26.98,254270,1215,27.0105
2017-10-17T04:00:00Z,26.83,26.86,26.66,26.83,1285044,5522,26.7918
2017-10-18T04:00:00Z,26.77,26.84,26.65,26.67,398483,2260,26.726
2017-10-19T04:00:00Z,26.54,26.66,26.48,26.6,410868,1793,26.5499
2017-10-20T04:00:00Z,26.72,26.78,26.58,26.71,232699,1682,26.7044
2017-10-23T04:00:00Z,26.68,26.77,26.565,26.61,295723,1817,26.6172
2017-10-24T04:00:00Z,26.66,26.67,26.505,26.56,396504,2436,26.5681
2017-10-25T04:00:00Z,26.71,26.73,26.41,26.66,780936,4382,26.5847
2017-10-26T04:00:00Z,26.64,26.835,26.545,26.55,506931,2827,26.7068
2017-10-27T04:00:00Z,26.4,26.71,26.35,26.62,814318,4623,26.5902
2017-10-30T04:00:00Z,26.52,26.635,26.43,26.46,352182,1903,26.5204
2017-10-31T04:00:00Z,26.61,26.73,26.61,26.7,360457,1688,26.6779
2017-11-01T04:00:00Z,26.78,26.965,26.78,26.83,524418,3208,26.8469
2017-11-02T04:00:00Z,26.95,27.15,26.92,27.12,435339,2242,27.0292
2017-11-03T04:00:00Z,27.15,27.2,26.88,27.01,392864,2439,26.9952
2017-11-06T05:00:00Z,27.13,27.315,27.13,27.29,296604,2210,27.254
2017-11-07T05:00:00Z,27.2,27.23,26.99,27.04,692813,3722,27.0542
2017-11-08T05:00:00Z,27.1,27.2,27,27.14,340364,2091,27.124
2017-11-09T05:00:00Z,27,27.02,26.74,27,851660,4143,26.8957
2017-11-10T05:00:00Z,26.81,26.86,26.67,26.8,598400,2216,26.764
2017-11-13T05:00:00Z,26.59,26.74,26.565,26.72,342853,1805,26.673
2017-11-14T05:00:00Z,26.52,26.575,26.4,26.51,605883,2919,26.4616
2017-11-15T05:00:00Z,26.55,26.55,26.34,26.45,565641,3180,26.4407
2017-11-16T05:00:00Z,26.83,27.11,26.83,26.94,634779,3846,26.9927
2017-11-17T05:00:00Z,27.05,27.25,27.04,27.14,305622,1967,27.155
2017-11-20T05:00:00Z,27.01,27.255,26.97,27.17,426986,2836,27.1744
2017-11-21T05:00:00Z,27.03,27.22,27.03,27.11,523540,1948,27.1526
2017-11-22T05:00:00Z,27.3,27.43,27.19,27.38,404276,2719,27.3474
2017-11-24T05:00:00Z,27.36,27.535,27.36,27.49,252240,963,27.4774
2017-11-27T05:00:00Z,27.3,27.3,27.06,27.14,500276,2734,27.1535
2017-11-28T05:00:00Z,27.25,27.32,27.1901,27.24,394495,2202,27.2464
2017-11-29T05:00:00Z,27.13,27.16,26.78,26.87,765542,3509,26.908
2017-11-30T05:00:00Z,26.93,26.98,26.665,26.68,1069487,5071,26.7902
2017-12-01T05:00:00Z,26.69,26.76,26.35,26.59,738391,3989,26.5472
2017-12-04T05:00:00Z,26.79,26.97,26.59,26.6,542240,2689,26.7329
2017-12-05T05:00:00Z,26.74,26.88,26.67,26.76,444966,2477,26.7849
2017-12-06T05:00:00Z,26.82,26.93,26.74,26.87,634494,2935,26.8295
2017-12-07T05:00:00Z,26.73,27,26.61,26.97,1058948,5060,26.8686
2017-12-08T05:00:00Z,27.03,27.14,27,27.09,399996,2273,27.0703
2017-12-11T05:00:00Z,27.05,27.16,27.02,27.11,622619,3197,27.1043
2017-12-12T05:00:00Z,26.93,26.97,26.82,26.92,415311,2184,26.8818
2017-12-13T05:00:00Z,27.19,27.6,27.14,27.37,1061198,4705,27.3611
2017-12-14T05:00:00Z,27.48,27.52,27.39,27.39,441000,2509,27.4646
2017-12-15T05:00:00Z,27.4,27.6,27.28,27.39,701487,3727,27.412
2017-12-18T05:00:00Z,27.3,27.49,27.2,27.36,611304,2810,27.4164
2017-12-19T05:00:00Z,27.43,27.45,27.195,27.31,732442,3843,27.2985
2017-12-20T05:00:00Z,27.11,27.16,27,27.06,346548,1980,27.0772
2017-12-21T05:00:00Z,27.44,27.79,27.38,27.64,1073338,6111,27.6703
2017-12-22T05:00:00Z,27.81,27.95,27.67,27.95,452492,2032,27.8546
2017-12-26T05:00:00Z,27.76,27.99,27.75,27.96,389653,2021,27.8822
2017-12-27T05:00:00Z,28.07,28.235,27.99,28.17,370656,2134,28.1671
2017-12-28T05:00:00Z,28.36,28.445,28.32,28.36,440030,2545,28.3774
2017-12-29T05:00:00Z,28.48,28.58,28.39,28.43,918135,3844,28.491
2018-01-02T05:00:00Z,28.64,28.64,28.44,28.55,639969,3554,28.5209
2018-01-03T05:00:00Z,28.23,28.49,28.14,28.37,823037,4197,28.3749
2018-01-04T05:00:00Z,28.57,28.715,28.42,28.64,655477,3734,28.6528
2018-01-05T05:00:00Z,28.86,29.09,28.82,28.98,749444,3325,29.0023
2018-01-08T05:00:00Z,28.97,29.08,28.93,29.04,767478,2312,29.0266
2018-01-09T05:00:00Z,28.96,28.96,28.73,28.75,947036,5154,28.7976
2018-01-10T05:00:00Z,28.69,28.79,28.615,28.77,729789,4115,28.7166
2018-01-11T05:00:00Z,28.89,29.21,28.82,29.15,660675,3683,29.086
2018-01-12T05:00:00Z,28.92,29.27,28.825,29.23,865805,4005,29.152
2018-01-16T05:00:00Z,29.49,29.62,29.29,29.32,1031959,4423,29.3971
2018-01-17T05:00:00Z,29.43,29.76,29.43,29.68,728502,3504,29.6405
2018-01-18T05:00:00Z,29.6,29.68,29.47,29.6,511204,2303,29.6015
2018-01-19T05:00:00Z,29.53,29.75,29.53,29.75,411395,2030,29.6572
2018-01-22T05:00:00Z,29.68,29.79,29.58,29.77,554822,3171,29.7065
2018-01-23T05:00:00Z,30.02,30.185,30,30.1,799493,3287,30.1036
2018-01-24T05:00:00Z,30.33,30.43,30.15,30.3,966742,4246,30.2882
2018-01-25T05:00:00Z,30.22,30.49,30.1093,30.26,1259589,5286,30.3305
2018-01-26T05:00:00Z,30.46,30.605,30.41,30.56,702486,3134,30.5311
2018-01-29T05:00:00Z,30.18,30.18,29.971,30.08,846672,4232,30.0774
2018-01-30T05:00:00Z,29.59,29.64,29.36,29.52,703834,4451,29.4813
2018-01-31T05:00:00Z,29.92,30,29.54,29.79,1074703,6423,29.7807
2018-02-01T05:00:00Z,29.64,29.81,29.5,29.53,1622383,7893,29.6464
2018-02-02T05:00:00Z,29.49,29.58,29.15,29.18,1912283,7678,29.3248
2018-02-05T05:00:00Z,29.33,29.61,28.427,28.51,2237642,10794,29.0272
2018-02-06T05:00:00Z,28.44,29.71,28.34,29.44,2090556,12162,29.2037
2018-02-07T05:00:00Z,29.28,29.8,28.895,28.91,1981236,11540,29.4367
2018-02-08T05:00:00Z,29.1,29.17,27.86,27.89,2189888,11658,28.4177
2018-02-09T05:00:00Z,28.49,28.82,27.83,28.57,2416329,10922,28.3194
2018-02-12T05:00:00Z,28.86,29.15,28.685,28.88,1322359,7513,28.9416
2018-02-13T05:00:00Z,29.24,29.44,29.12,29.4,848494,3520,29.3
2018-02-14T05:00:00Z,29.06,29.76,28.84,29.65,1178470,6969,29.4424
2018-02-15T05:00:00Z,29.75,30.01,29.49,29.94,955331,5851,29.804
2018-02-16T05:00:00Z,29.8,30.32,29.68,30.11,1131202,5844,30.0889
2018-02-20T05:00:00Z,29.7,30.095,29.7,29.97,1273869,5922,29.9344
2018-02-21T05:00:00Z,29.82,30.09,29.47,29.49,936491,5875,29.7798
2018-02-22T05:00:00Z,29.37,29.61,29.25,29.32,888484,5456,29.4577
2018-02-23T05:00:00Z,29.51,29.525,29.285,29.52,680963,4088,29.4097
2018-02-26T05:00:00Z,29.11,29.3035,28.96,29.17,1180186,5165,29.1154
2018-02-27T05:00:00Z,29.11,29.21,28.73,28.77,1330043,8352,28.906
2018-02-28T05:00:00Z,29.06,29.13,28.59,28.61,1131784,7067,28.7799
2018-03-01T05:00:00Z,28.7,29.04,28.36,28.52,1454484,9462,28.6745
2018-03-02T05:00:00Z,28.38,28.775,28.26,28.7,843793,5367,28.5387
2018-03-05T05:00:00Z,28.43,28.93,28.43,28.74,1270923,7961,28.7427
2018-03-06T05:00:00Z,28.69,28.7,28.24,28.35,761955,4247,28.3909
2018-03-07T05:00:00Z,27.76,28.05,27.76,28.02,1513938,8116,27.9338
2018-03-08T05:00:00Z,28.2,28.39,28.155,28.29,858912,4977,28.2691
2018-03-09T05:00:00Z,28.26,28.48,28.24,28.46,1472248,6158,28.3962
2018-03-12T04:00:00Z,28.58,28.69,28.49,28.57,775834,4134,28.5942
2018-03-13T04:00:00Z,28.36,28.44,27.96,28.03,870150,4727,28.1949
2018-03-14T04:00:00Z,28,28.08,27.75,27.86,761275,4612,27.8716
2018-03-15T04:00:00Z,27.62,27.67,27.295,27.45,1545149,5611,27.4427
2018-03-16T04:00:00Z,27.3,27.43,27.225,27.38,1163000,6464,27.3515
2018-03-19T04:00:00Z,27.37,27.46,27.055,27.21,1164508,6443,27.2523
2018-03-20T04:00:00Z,27.22,27.22,27.05,27.17,830804,4713,27.1519
2018-03-21T04:00:00Z,27.33,27.66,27.29,27.56,1144650,6716,27.4341
2018-03-22T04:00:00Z,26.95,27.045,26.545,26.58,1314253,7225,26.718
2018-03-23T04:00:00Z,26.91,26.96,26.27,26.33,1617626,8015,26.5385
2018-03-26T04:00:00Z,26.79,27,26.47,26.99,2002070,7406,26.7544
2018-03-27T04:00:00Z,26.88,26.93,26.43,26.5,1480565,8238,26.6834
2018-03-28T04:00:00Z,26.59,26.87,26.36,26.5,907530,5078,26.5277
2018-03-29T04:00:00Z,26.58,27.04,26.58,26.96,1736416,7532,26.7817
2018-04-02T04:00:00Z,27.01,27.24,26.625,26.91,1123944,5531,26.8249
2018-04-03T04:00:00Z,27.18,27.385,27.06,27.34,1194672,6479,27.2167
2018-04-04T04:00:00Z,26.66,27.36,26.6,27.35,970572,5472,27.0315
2018-04-05T04:00:00Z,26.93,27.125,26.88,26.94,898647,5069,27.0228
2018-04-06T04:00:00Z,26.75,27.05,26.41,26.57,982142,5780,26.7209
2018-04-09T04:00:00Z,26.99,27.24,26.83,26.94,1198363,6350,27.1067
2018-04-10T04:00:00Z,27.61,27.78,27.47,27.74,1083110,5409,27.6113
2018-04-11T04:00:00Z,27.75,27.995,27.75,27.93,1089041,4828,27.8827
2018-04-12T04:00:00Z,27.66,27.72,27.5,27.65,636486,3128,27.6302
2018-04-13T04:00:00Z,27.52,27.675,27.23,27.32,573939,3705,27.3543
2018-04-16T04:00:00Z,27.31,27.51,27.27,27.5,387817,1782,27.4235
2018-04-17T04:00:00Z,27.37,27.57,27.26,27.47,859377,4185,27.4852
2018-04-18T04:00:00Z,27.62,27.73,27.51,27.63,870800,3979,27.6103
2018-04-19T04:00:00Z,27.6,27.68,27.25,27.31,780737,4182,27.4069
2018-04-20T04:00:00Z,27.22,27.29,26.88,27.07,947280,4603,27.04
2018-04-23T04:00:00Z,26.98,27.14,26.89,26.98,859551,4931,27.0229
2018-04-24T04:00:00Z,26.86,26.915,26.455,26.55,820947,5488,26.681
2018-04-25T04:00:00Z,26.01,26.345,25.7,25.89,1259117,6265,25.8119
2018-04-26T04:00:00Z,25.4,25.655,25.175,25.57,1336517,5102,25.4493
2018-04-27T04:00:00Z,25.57,25.57,25.28,25.52,630956,2623,25.3853
2018-04-30T04:00:00Z,25.68,26,25.35,25.36,629724,3934,25.5103
2018-05-01T04:00:00Z,25.3,25.46,24.68,25.09,1310441,6024,24.9054
2018-05-02T04:00:00Z,25.5,25.58,25.23,25.29,1352669,6779,25.3249
2018-05-03T04:00:00Z,24.88,24.89,24.36,24.69,1469689,6225,24.5906
2018-05-04T04:00:00Z,24.34,24.6,24.21,24.57,1138544,5483,24.4153
2018-05-07T04:00:00Z,24.77,24.8,24.325,24.42,1092894,5582,24.4595
2018-05-08T04:00:00Z,24.1,24.15,23.77,24.1,1261723,5862,23.9765
2018-05-09T04:00:00Z,24.67,25.07,24.47,24.74,1512781,6792,24.6437
2018-05-10T04:00:00Z,25,25.67,24.99,25.47,1847201,10098,25.4089
2018-05-11T04:00:00Z,25.48,25.61,25.27,25.35,1370191,3797,25.4494
2018-05-14T04:00:00Z,25.33,25.34,25.125,25.18,671308,2929,25.2405
2018-05-15T04:00:00Z,24.37,24.37,24.045,24.21,1558528,7846,24.198
2018-05-16T04:00:00Z,24.41,24.56,24.325,24.52,968793,5438,24.4504
2018-05-17T04:00:00Z,24.26,24.45,24.19,24.39,942902,4993,24.3436
2018-05-18T04:00:00Z,23.81,23.85,23.56,23.66,1306782,5928,23.6444
2018-05-21T04:00:00Z,23.58,23.655,23.32,23.44,991560,5938,23.4045
2018-05-22T04:00:00Z,23.68,23.82,23.59,23.78,853076,3930,23.74
2018-05-23T04:00:00Z,23.87,24.17,23.78,24.15,1088159,5441,24.014
2018-05-24T04:00:00Z,24.74,24.91,24.5,24.89,1092126,6944,24.7068
2018-05-25T04:00:00Z,25.02,25.2577,25.02,25.17,1110018,4513,25.1557
2018-05-29T04:00:00Z,25.54,25.618,25.13,25.3,1244559,5386,25.3371
2018-05-30T04:00:00Z,25.28,25.905,25.28,25.84,1497581,8307,25.6236
2018-05-31T04:00:00Z,25.39,25.67,25.09,25.52,1631704,9093,25.4406
2018-06-01T04:00:00Z,25.62,25.81,25.535,25.73,1600992,9289,25.6723
2018-06-04T04:00:00Z,25.77,26.13,25.76,26.03,1666518,8541,25.9939
2018-06-05T04:00:00Z,25.98,26.09,25.78,25.78,1386693,6609,25.8974
2018-06-06T04:00:00Z,26.05,26.22,25.94,26.19,1150738,6207,26.103
2018-06-07T04:00:00Z,26.12,26.12,25.64,25.78,1305780,7006,25.833
2018-06-08T04:00:00Z,25.23,25.54,25.16,25.51,1452122,7331,25.382
2018-06-11T04:00:00Z,25.58,25.74,25.51,25.6,1787573,4522,25.6302
2018-06-12T04:00:00Z,25.52,25.58,25.39,25.46,1069403,4682,25.4363
2018-06-13T04:00:00Z,25.43,25.545,25.25,25.41,1246744,6137,25.389
2018-06-14T04:00:00Z,25.23,25.42,25.23,25.29,1192486,5592,25.367
2018-06-15T04:00:00Z,24.95,25.35,24.69,24.79,2182663,8468,24.9747
2018-06-18T04:00:00Z,24.3,24.51,23.82,24.11,1849015,9725,24.0771
2018-06-19T04:00:00Z,23.42,23.82,23.23,23.82,1824104,6979,23.6031
2018-06-20T04:00:00Z,24.07,24.13,23.91,23.96,1904853,9815,24.0376
2018-06-21T04:00:00Z,23.65,23.74,23.32,23.45,1176734,4276,23.4573
2018-06-22T04:00:00Z,23.54,23.67,23.45,23.48,869497,3726,23.5298
2018-06-25T04:00:00Z,23.5,23.605,23.28,23.56,1373431,6958,23.4479
2018-06-26T04:00:00Z,23.24,23.33,23.01,23.09,1584099,4813,23.1595
2018-06-27T04:00:00Z,23.19,23.27,22.58,22.63,1945936,8081,22.864
2018-06-28T04:00:00Z,22.25,22.39,22.05,22.32,1294094,5876,22.2025
2018-06-29T04:00:00Z,22.93,23.065,22.75,22.97,923845,4437,22.9731
2018-07-02T04:00:00Z,22.58,22.765,22.49,22.74,1161383,5737,22.6305
2018-07-03T04:00:00Z,22.2,22.26,21.9,21.96,859310,3875,22.0902
2018-07-05T04:00:00Z,22.47,22.77,22.445,22.53,802523,3835,22.5351
2018-07-06T04:00:00Z,22.46,22.965,22.42,22.91,1980832,8921,22.8139
2018-07-09T04:00:00Z,23.33,23.51,23.18,23.48,2069155,8239,23.4107
2018-07-10T04:00:00Z,23.54,23.59,23.4,23.53,1674494,7383,23.4995
2018-07-11T04:00:00Z,23.48,23.61,23.33,23.37,1147225,5789,23.4743
2018-07-12T04:00:00Z,23.59,23.61,23.48,23.57,966613,5555,23.5573
2018-07-13T04:00:00Z,23.54,23.615,23.51,23.55,843021,3078,23.5667
2018-07-16T04:00:00Z,23.31,23.39,23.025,23.1,1138111,3703,23.1087
2018-07-17T04:00:00Z,23.03,23.34,23.02,23.29,875245,3895,23.2335
2018-07-18T04:00:00Z,23.38,23.51,23.26,23.46,711220,4602,23.4141
2018-07-19T04:00:00Z,23.11,23.29,22.98,23.15,836678,4619,23.1187
2018-07-20T04:00:00Z,23.25,23.445,23.16,23.32,807943,4525,23.3564
2018-07-23T04:00:00Z,23.44,23.565,23.395,23.46,824871,3406,23.4554
2018-07-24T04:00:00Z,23.76,23.85,23.7,23.73,1353206,6396,23.7824
2018-07-25T04:00:00Z,23.95,24.025,23.735,24.02,1152985,5078,23.9151
2018-07-26T04:00:00Z,23.86,23.86,23.69,23.77,901310,3944,23.7884
2018-07-27T04:00:00Z,24.11,24.21,23.98,24.12,884906,5448,24.1226
2018-07-30T04:00:00Z,24.15,24.34,24.15,24.22,742574,4809,24.2828
2018-07-31T04:00:00Z,23.76,23.875,23.65,23.77,1984225,8077,23.7725
2018-08-01T04:00:00Z,24.07,24.31,24.05,24.22,1015172,5738,24.216
2018-08-02T04:00:00Z,23.99,24.16,23.79,24.06,1061478,5724,24.037
2018-08-03T04:00:00Z,24.09,24.23,24,24.16,905264,4672,24.1427
2018-08-06T04:00:00Z,24.47,24.6,24.425,24.54,476470,3169,24.527
2018-08-07T04:00:00Z,24.56,24.715,24.485,24.61,1317206,6726,24.6554
2018-08-08T04:00:00Z,24.47,24.525,24.335,24.46,791273,4393,24.4274
2018-08-09T04:00:00Z,24.4,24.57,24.38,24.42,533871,3080,24.476
2018-08-10T04:00:00Z,24.17,24.22,23.785,24,1504677,8486,23.9271
2018-08-13T04:00:00Z,23.01,23.115,22.695,22.78,2333193,14502,22.8899
2018-08-14T04:00:00Z,22.67,22.73,22.555,22.64,1134401,5589,22.6177
2018-08-15T04:00:00Z,22.44,22.58,22.255,22.52,1911993,11550,22.4205
2018-08-16T04:00:00Z,22.66,22.78,22.57,22.67,1067149,6420,22.6455
2018-08-17T04:00:00Z,22.47,22.885,22.445,22.86,815130,5764,22.6806
2018-08-20T04:00:00Z,23.05,23.25,23.05,23.25,690335,4330,23.1804
2018-08-21T04:00:00Z,23.41,23.64,23.41,23.59,916498,6556,23.5459
2018-08-22T04:00:00Z,23.61,23.8,23.59,23.68,732708,4689,23.6877
2018-08-23T04:00:00Z,23.71,23.72,23.425,23.45,1352167,7384,23.5398
2018-08-24T04:00:00Z,23.66,24.04,23.66,23.88,1242801,5670,23.8254
2018-08-27T04:00:00Z,23.94,24.265,23.94,24.14,945203,5008,24.1693
2018-08-28T04:00:00Z,24.13,24.14,23.88,23.99,1266388,7439,23.9813
2018-08-29T04:00:00Z,23.98,24.21,23.92,24.13,1021468,5084,24.1017
2018-08-30T04:00:00Z,23.54,23.58,23.29,23.34,1716636,7847,23.4025
2018-08-31T04:00:00Z,23.25,23.5,23.14,23.37,1195486,6104,23.3356
2018-09-04T04:00:00Z,22.59,22.59,22.295,22.36,1625977,8908,22.3838
2018-09-05T04:00:00Z,21.61,21.61,21.27,21.39,2124426,10114,21.3799
2018-09-06T04:00:00Z,21.9,21.99,21.75,21.96,1514051,8416,21.8898
2018-09-07T04:00:00Z,22.24,22.45,22.15,22.21,1526709,8274,22.2973
2018-09-10T04:00:00Z,22.43,22.43,22.07,22.11,1416735,6501,22.1714
2018-09-11T04:00:00Z,21.93,22.38,21.87,22.38,878689,4946,22.1514
2018-09-12T04:00:00Z,22.14,22.65,22.14,22.46,1886034,8782,22.4613
2018-09-13T04:00:00Z,22.81,23.01,22.72,22.79,1427155,6230,22.8696
2018-09-14T04:00:00Z,22.89,23.03,22.68,22.81,1373104,6579,22.8724
2018-09-17T04:00:00Z,22.29,22.41,22.07,22.14,1258542,5688,22.2608
2018-09-18T04:00:00Z,22.21,22.48,22.21,22.46,925658,4153,22.4124
2018-09-19T04:00:00Z,22.67,22.81,22.64,22.78,926053,4315,22.75
2018-09-20T04:00:00Z,23.16,23.3,23.1,23.3,1400369,8018,23.2017
2018-09-21T04:00:00Z,23.12,23.27,23.1,23.23,1753937,7557,23.2115
2018-09-24T04:00:00Z,22.74,22.77,22.62,22.71,696949,3689,22.6917
2018-09-25T04:00:00Z,22.7,22.76,22.62,22.71,954752,4617,22.6953
2018-09-26T04:00:00Z,22.7,22.98,22.655,22.69,1383286,7476,22.7693
2018-09-27T04:00:00Z,22.85,23.015,22.82,22.84,1135813,7797,22.9197
2018-09-28T04:00:00Z,22.96,23.15,22.91,22.97,1038425,5691,23.0118
2018-10-01T04:00:00Z,22.98,23.02,22.83,22.92,562213,3291,22.9442
2018-10-02T04:00:00Z,22.47,22.545,22.36,22.41,855987,4948,22.4563
2018-10-03T04:00:00Z,22.44,22.44,21.895,21.97,1427064,6846,22.0869
2018-10-04T04:00:00Z,21.61,21.68,21.085,21.17,2728937,11745,21.272
2018-10-05T04:00:00Z,21.29,21.325,21.02,21.29,1694408,9261,21.1891
2018-10-08T04:00:00Z,21.24,21.54,21.24,21.54,791334,4559,21.3894
2018-10-09T04:00:00Z,21.38,21.66,21.36,21.49,806637,4356,21.5062
2018-10-10T04:00:00Z,21.52,21.63,21.02,21.05,2168492,10167,21.2869
2018-10-11T04:00:00Z,21.2,21.53,20.94,21.1,2121681,12196,21.232
2018-10-12T04:00:00Z,21.55,21.57,21.22,21.46,1479816,11040,21.4385
2018-10-15T04:00:00Z,21.36,21.515,21.31,21.36,824617,5696,21.4065
2018-10-16T04:00:00Z,21.82,22.11,21.82,22.1,1065324,5402,21.9892
2018-10-17T04:00:00Z,22.05,22.09,21.875,21.94,1222487,5712,21.9794
2018-10-18T04:00:00Z,21.72,21.79,21.365,21.46,1605012,7782,21.5229
2018-10-19T04:00:00Z,21.78,21.98,21.71,21.72,873431,5039,21.829
2018-10-22T04:00:00Z,21.82,21.88,21.57,21.76,1285007,5360,21.7063
2018-10-23T04:00:00Z,21.48,21.845,21.41,21.76,1322792,8313,21.6473
2018-10-24T04:00:00Z,21.32,21.355,20.88,20.88,1107721,6085,21.1398
2018-10-25T04:00:00Z,21.42,21.74,21.32,21.59,1613484,9067,21.6005
2018-10-26T04:00:00Z,21.52,21.81,21.315,21.7,1489077,8318,21.6116
2018-10-29T04:00:00Z,21.74,21.74,21.005,21.24,954590,5732,21.3735
2018-10-30T04:00:00Z,21.56,21.97,21.56,21.96,837185,4729,21.7692
2018-10-31T04:00:00Z,22.07,22.19,21.965,22.01,1000056,5586,22.0852
2018-11-01T04:00:00Z,22.32,22.87,22.21,22.83,1652921,8318,22.6721
2018-11-02T04:00:00Z,23.06,23.17,22.75,22.87,1880680,10570,22.9655
2018-11-05T05:00:00Z,22.97,23.265,22.93,23.17,1630978,7800,23.1465
2018-11-06T05:00:00Z,23.25,23.395,23.23,23.37,995942,4721,23.3373
2018-11-07T05:00:00Z,23.86,24.1,23.84,24.05,1902562,8568,23.9475
2018-11-08T05:00:00Z,23.82,24.09,23.61,23.62,1848375,9051,23.809
2018-11-09T05:00:00Z,23.33,23.33,22.81,22.98,2009020,9035,23.0167
2018-11-12T05:00:00Z,22.62,22.68,22.265,22.38,1352469,7150,22.4547
2018-11-13T05:00:00Z,22.88,23.17,22.76,22.91,1331015,7472,22.9644
2018-11-14T05:00:00Z,23.26,23.5,23.135,23.34,1780020,9661,23.3316
2018-11-15T05:00:00Z,23.61,24.4,23.61,24.29,2516042,12648,24.1316
2018-11-16T05:00:00Z,24.25,24.81,24.2,24.62,1930302,9838,24.598
2018-11-19T05:00:00Z,24.24,24.28,23.96,24,1809430,9811,24.0909
2018-11-20T05:00:00Z,23.75,23.84,23.47,23.56,1462221,7627,23.6469
2018-11-21T05:00:00Z,23.97,24.155,23.855,24.03,1081232,6099,24.0355
2018-11-23T05:00:00Z,24.11,24.38,24.09,24.17,432057,2716,24.2784
2018-11-26T05:00:00Z,24.46,24.53,24.34,24.45,799506,4646,24.447
2018-11-27T05:00:00Z,24.34,24.58,24.25,24.53,923709,5347,24.4771
2018-11-28T05:00:00Z,24.27,24.84,24.03,24.72,2356183,10077,24.5075
2018-11-29T05:00:00Z,24.99,25.32,24.905,25.15,1397240,7018,25.1599
2018-11-30T05:00:00Z,24.91,24.9372,24.71,24.72,1709305,7992,24.8039
2018-12-03T05:00:00Z,25.29,25.36,25.095,25.26,1463515,7597,25.244
2018-12-04T05:00:00Z,25.38,25.41,24.7,24.77,2144415,10889,25.0093
2018-12-06T05:00:00Z,24.49,24.89,24.185,24.84,1993983,12313,24.569
2018-12-07T05:00:00Z,24.85,25.11,24.4,24.42,1801305,10872,24.6696
2018-12-10T05:00:00Z,24.52,24.6,23.98,24.37,2039481,10340,24.3025
2018-12-11T05:00:00Z,24.46,24.55,24.15,24.39,1388558,8034,24.4035
2018-12-12T05:00:00Z,24.59,24.915,24.59,24.77,1673231,8206,24.7905
2018-12-13T05:00:00Z,24.94,25.255,24.94,25.12,1537911,7935,25.1031
2018-12-14T05:00:00Z,24.85,25.05,24.78,24.83,1233847,5667,24.9094
2018-12-17T05:00:00Z,24.59,24.665,24.225,24.32,1582545,9415,24.4433
2018-12-18T05:00:00Z,24.46,24.92,24.46,24.74,1808948,7220,24.76
2018-12-19T05:00:00Z,25.03,25.34,24.29,24.49,4002248,20020,24.8044
2018-12-20T05:00:00Z,24.81,24.925,24.48,24.76,2304487,12905,24.742
2018-12-21T05:00:00Z,24.53,24.745,24.28,24.35,1721427,10202,24.5085
2018-12-24T05:00:00Z,24.17,24.4,23.91,23.91,835946,4393,24.1661
2018-12-26T05:00:00Z,24.31,24.71,24.15,24.69,1376319,8283,24.4688
2018-12-27T05:00:00Z,24.52,24.76,24.29,24.68,1555765,8676,24.5083
2018-12-28T05:00:00Z,24.77,25.07,24.67,24.83,1218885,7159,24.8422
2018-12-31T05:00:00Z,24.96,25.15,24.69,24.82,856062,4635,24.8739
2019-01-02T05:00:00Z,24.8,25.255,24.8,25.23,1881368,9966,25.1199
2019-01-03T05:00:00Z,25.14,25.2,24.755,24.94,1433034,6589,24.9218
2019-01-04T05:00:00Z,25.37,26.08,25.37,25.96,2208362,10870,25.8807
2019-01-07T05:00:00Z,26.02,26.19,25.91,26.1,2085254,10378,26.0706
2019-01-08T05:00:00Z,25.93,26.18,25.825,26.13,1622035,8090,25.9895
2019-01-09T05:00:00Z,26.01,26.355,26.01,26.18,2049433,10510,26.1981
2019-01-10T05:00:00Z,26.34,26.74,26.29,26.67,2152532,9637,26.5626
2019-01-11T05:00:00Z,26.42,26.56,26.32,26.47,1182062,5671,26.4489
2019-01-14T05:00:00Z,26.28,26.5117,26.17,26.32,883240,4292,26.3654
2019-01-15T05:00:00Z,26.55,26.64,26.34,26.42,1163371,5236,26.4738
2019-01-16T05:00:00Z,26.54,26.92,26.54,26.77,1149247,5198,26.7844
2019-01-17T05:00:00Z,26.64,27.04,26.58,26.97,1368122,7211,26.7927
2019-01-18T05:00:00Z,27.04,27.135,26.88,27.04,1240117,6381,27.0365
2019-01-22T05:00:00Z,26.74,26.74,26.48,26.62,1299890,7943,26.6138
2019-01-23T05:00:00Z,26.82,26.93,26.72,26.92,843067,4954,26.8461
2019-01-24T05:00:00Z,26.89,27.16,26.86,27.08,1025833,4989,27.0294
2019-01-25T05:00:00Z,27.17,27.4,27.12,27.32,953780,4521,27.3079
2019-01-28T05:00:00Z,26.91,27,26.76,26.91,2281240,4596,26.8612
2019-01-29T05:00:00Z,26.74,26.87,26.67,26.72,1233523,5181,26.7496
2019-01-30T05:00:00Z,26.78,27.27,26.52,27.23,1608142,8495,26.9007
2019-01-31T05:00:00Z,27.44,27.74,27.39,27.68,1504894,6911,27.5969
2019-02-01T05:00:00Z,27.55,27.55,27.285,27.46,2390819,9503,27.4141
2019-02-04T05:00:00Z,27.21,27.42,27.05,27.37,870126,4606,27.2918
2019-02-05T05:00:00Z,27.48,27.705,27.4,27.69,874118,4169,27.6074
2019-02-06T05:00:00Z,27.53,27.6,27.225,27.29,813659,4893,27.3943
2019-02-07T05:00:00Z,27.1,27.25,26.87,27.2,1538008,6500,27.0846
2019-02-08T05:00:00Z,26.99,27.05,26.815,26.9,974426,6694,26.9046
2019-02-11T05:00:00Z,26.82,26.84,26.66,26.79,966051,5025,26.7754
2019-02-12T05:00:00Z,26.52,26.57,26.385,26.54,1544159,7129,26.4836
2019-02-13T05:00:00Z,26.29,26.45,25.945,26.04,1034122,5821,26.1152
2019-02-14T05:00:00Z,25.88,26.085,25.725,25.99,1583655,8046,25.8986
2019-02-15T05:00:00Z,26,26.005,25.865,25.98,914992,4717,25.9452
2019-02-19T05:00:00Z,26.26,26.785,26.1,26.75,1382678,6386,26.6239
2019-02-20T05:00:00Z,26.52,26.79,26.5,26.7,1482696,6928,26.7049
2019-02-21T05:00:00Z,26.66,26.66,26.41,26.52,720052,3678,26.486
2019-02-22T05:00:00Z,26.44,26.575,26.355,26.45,988423,5463,26.4526
2019-02-25T05:00:00Z,26.73,27.02,26.73,26.83,1393920,6758,26.8947
2019-02-26T05:00:00Z,26.83,26.97,26.69,26.83,1018186,5407,26.8525
2019-02-27T05:00:00Z,26.64,26.7,26.45,26.52,1003155,5372,26.547
2019-02-28T05:00:00Z,26.1,26.1,25.72,25.73,1579814,7076,25.8455
2019-03-01T05:00:00Z,25.96,26.05,25.84,25.87,1602065,6050,25.9188
2019-03-04T05:00:00Z,26.01,26.055,25.675,25.86,1793004,8610,25.8503
2019-03-05T05:00:00Z,25.78,25.99,25.675,25.94,1117487,6200,25.8397
2019-03-06T05:00:00Z,25.9,25.96,25.78,25.83,910622,4563,25.8684
2019-03-07T05:00:00Z,25.74,25.74,25.35,25.39,1512633,8087,25.4768
2019-03-08T05:00:00Z,25,25.09,24.9,25.06,1840450,9250,24.9964
2019-03-11T04:00:00Z,25.11,25.375,25.11,25.33,1450197,5638,25.2874
2019-03-12T04:00:00Z,25.09,25.26,25.05,25.19,756787,4343,25.1736
2019-03-13T04:00:00Z,25.23,25.245,25.065,25.13,857919,4130,25.1448
2019-03-14T04:00:00Z,25.19,25.295,25.12,25.21,727424,4538,25.1897
2019-03-15T04:00:00Z,25.65,25.97,25.65,25.93,971434,5168,25.8477
2019-03-18T04:00:00Z,26.09,26.27,26.08,26.21,1268331,5300,26.1888
2019-03-19T04:00:00Z,26.2,26.25,26.045,26.16,1162172,4293,26.159
2019-03-20T04:00:00Z,26.14,26.56,25.97,26.34,2122411,9963,26.2974
2019-03-21T04:00:00Z,26.3,26.51,26.3,26.47,1228241,5913,26.4329
2019-03-22T04:00:00Z,26.19,26.22,25.675,25.69,1509385,6966,25.8799
2019-03-25T04:00:00Z,25.53,25.76,25.495,25.68,1100732,5591,25.6347
2019-03-26T04:00:00Z,26.04,26.04,25.71,25.84,686001,3712,25.8799
2019-03-27T04:00:00Z,25.6,25.66,25.32,25.4,974568,4371,25.4702
2019-03-28T04:00:00Z,25.65,25.75,25.54,25.71,1078407,5151,25.6671
2019-03-29T04:00:00Z,25.83,25.83,25.56,25.68,881242,5020,25.6722
2019-04-01T04:00:00Z,25.74,25.945,25.72,25.91,1246544,4905,25.8417
2019-04-02T04:00:00Z,25.91,26.05,25.72,25.73,1246839,5508,25.8215
2019-04-03T04:00:00Z,26.06,26.38,26.06,26.14,1660647,7334,26.2422
2019-04-04T04:00:00Z,26.13,26.48,26.13,26.34,1372904,6863,26.3801
2019-04-05T04:00:00Z,26.31,26.505,26.31,26.39,980982,4445,26.4108
2019-04-08T04:00:00Z,26.11,26.3,26.085,26.24,1200426,5834,26.2086
2019-04-09T04:00:00Z,26.37,26.46,26.335,26.37,726112,3028,26.393
2019-04-10T04:00:00Z,26.37,26.45,26.33,26.37,643653,2943,26.3876
2019-04-11T04:00:00Z,25.99,25.99,25.65,25.76,969468,5046,25.8016
2019-04-12T04:00:00Z,26,26.02,25.8,25.82,851657,4254,25.9145
2019-04-15T04:00:00Z,26.03,26.12,25.9,26.06,667583,2844,26.0193
2019-04-16T04:00:00Z,26.23,26.47,26.23,26.36,1013314,4561,26.3564
2019-04-17T04:00:00Z,26.63,27.19,26.63,26.87,1989586,8690,26.9409
2019-04-18T04:00:00Z,26.65,26.79,26.58,26.67,1068061,5709,26.6916
2019-04-22T04:00:00Z,26.47,26.47,26.05,26.22,682606,2949,26.154
2019-04-23T04:00:00Z,26.45,26.56,26.36,26.54,824513,4107,26.4761
2019-04-24T04:00:00Z,26.24,26.24,25.94,26.04,1058089,5047,26.0542
2019-04-25T04:00:00Z,25.52,25.63,25.44,25.62,1276988,4795,25.519
2019-04-26T04:00:00Z,25.92,26.09,25.87,25.99,707158,3571,25.9815
2019-04-29T04:00:00Z,26.03,26.03,25.905,26,759688,3162,25.9679
2019-04-30T04:00:00Z,26,26.12,25.86,26.12,795700,5121,26.0049
2019-05-01T04:00:00Z,26.19,26.31,25.74,25.88,1691409,7518,26.053
2019-05-02T04:00:00Z,25.58,25.61,25.31,25.5,1148519,5699,25.4589
2019-05-03T04:00:00Z,25.41,25.545,25.35,25.51,969606,3782,25.4588
2019-05-06T04:00:00Z,24.87,25.045,24.79,25,996498,5094,24.9207
2019-05-07T04:00:00Z,24.98,25.01,24.53,24.66,2037952,9104,24.6958
2019-05-08T04:00:00Z,24.72,24.72,24.49,24.56,2480408,12261,24.6048
2019-05-09T04:00:00Z,24.13,24.29,23.73,24.21,3592047,16824,23.9804
2019-05-10T04:00:00Z,24.2,24.32,23.795,24.29,3310004,14025,24.0175
2019-05-13T04:00:00Z,23.63,23.63,23.25,23.45,2595184,12597,23.408
2019-05-14T04:00:00Z,23.61,23.785,23.605,23.74,2185813,9494,23.6949
2019-05-15T04:00:00Z,23.09,23.28,23.01,23.25,1370036,7283,23.1875
2019-05-16T04:00:00Z,22.87,23.05,22.73,22.8,1676775,8409,22.8959
2019-05-17T04:00:00Z,22.34,22.51,22.16,22.36,1443053,8087,22.3767
2019-05-20T04:00:00Z,22.69,22.8,22.535,22.71,979772,6184,22.7016
2019-05-21T04:00:00Z,23.06,23.24,22.96,23.2,1674231,8112,23.1358
2019-05-22T04:00:00Z,22.98,23.05,22.82,22.96,1361359,6797,22.929
2019-05-23T04:00:00Z,23.46,23.69,23.42,23.58,2645008,9339,23.5654
2019-05-24T04:00:00Z,23.96,24.05,23.75,23.77,1333831,6069,23.8852
2019-05-28T04:00:00Z,23.93,24.18,23.891,23.91,2196576,6907,24.0666
2019-05-29T04:00:00Z,24.17,24.42,24.17,24.39,2157239,9657,24.3361
2019-05-30T04:00:00Z,24.41,24.61,24.36,24.43,1500346,5018,24.4939
2019-05-31T04:00:00Z,24.92,25.4,24.76,25.31,1599283,5854,25.1752
2019-06-03T04:00:00Z,25.31,25.54,25.29,25.38,1445812,5991,25.414
2019-06-04T04:00:00Z,25.27,25.305,25.1,25.26,1378118,7045,25.2321
2019-06-05T04:00:00Z,25.38,25.45,25.17,25.23,742794,4724,25.2739
2019-06-06T04:00:00Z,25.22,25.42,25.22,25.31,571020,2539,25.3396
2019-06-07T04:00:00Z,25.4,25.7,25.38,25.49,2032613,7048,25.5906
2019-06-10T04:00:00Z,25.64,25.79,25.57,25.65,1340376,6406,25.6927
2019-06-11T04:00:00Z,25.66,25.89,25.66,25.81,851447,4433,25.8293
2019-06-12T04:00:00Z,25.57,25.575,25.42,25.48,694261,3444,25.5138
2019-06-13T04:00:00Z,25.5,25.6,25.25,25.37,754515,3971,25.3843
2019-06-14T04:00:00Z,25.2,25.25,25.06,25.08,817065,4591,25.1623
2019-06-17T04:00:00Z,24.52,24.61,24.36,24.6,929705,3911,24.5258
2019-06-18T04:00:00Z,24.94,25.395,24.94,25.36,1221140,6026,25.271
2019-06-19T04:00:00Z,25.49,25.905,25.4741,25.68,1567753,6333,25.6791
2019-06-20T04:00:00Z,25.94,26.05,25.77,25.9,1127777,6254,25.9399
2019-06-21T04:00:00Z,25.62,25.71,25.51,25.56,782702,4353,25.6013
2019-06-24T04:00:00Z,25.52,25.65,25.52,25.59,685438,4079,25.5909
2019-06-25T04:00:00Z,25.63,25.67,25.495,25.6,897925,4715,25.6032
2019-06-26T04:00:00Z,25.65,25.77,25.565,25.61,628242,4246,25.6724
2019-06-27T04:00:00Z,25.83,25.99,25.83,25.95,626471,3143,25.9422
2019-06-28T04:00:00Z,26.03,26.055,25.96,25.99,1080217,5366,26.0051
2019-07-01T04:00:00Z,26.35,26.4,26.19,26.32,1477622,7242,26.2773
2019-07-02T04:00:00Z,26.21,26.315,26.15,26.15,734899,3638,26.2247
2019-07-03T04:00:00Z,26.03,26.15,26,26.13,598652,3102,26.0962
2019-07-05T04:00:00Z,26.05,26.05,25.79,25.9,705882,4168,25.9032
2019-07-08T04:00:00Z,25.94,26.075,25.91,26.01,717773,4397,26.0339
2019-07-09T04:00:00Z,26.21,26.31,26.16,26.18,774980,4572,26.2169
2019-07-10T04:00:00Z,26.46,26.605,26.41,26.45,1227629,5303,26.493
2019-07-11T04:00:00Z,26.46,26.51,26.26,26.31,668645,3914,26.3661
2019-07-12T04:00:00Z,26.17,26.39,26.14,26.3,673499,3729,26.2886
2019-07-15T04:00:00Z,26.64,26.68,26.51,26.54,930529,4273,26.5677
2019-07-16T04:00:00Z,26.4,26.55,26.36,26.38,745896,4257,26.4262
2019-07-17T04:00:00Z,26.27,26.375,26.21,26.3,410263,2466,26.308
2019-07-18T04:00:00Z,26.4,26.65,26.4,26.61,810447,3482,26.5144
2019-07-19T04:00:00Z,26.61,26.61,26.39,26.43,744048,4251,26.4871
2019-07-22T04:00:00Z,26.41,26.59,26.41,26.51,380780,2399,26.5165
2019-07-23T04:00:00Z,26.5,26.5,26.24,26.29,939124,3923,26.3154
2019-07-24T04:00:00Z,26.2,26.355,26.2,26.27,403957,2170,26.2744
2019-07-25T04:00:00Z,26.21,26.29,26.025,26.12,1811382,5101,26.1272
2019-07-26T04:00:00Z,26.03,26.05,25.85,25.89,523293,2731,25.9289
2019-07-29T04:00:00Z,25.76,25.93,25.76,25.93,369390,1573,25.8534
2019-07-30T04:00:00Z,26,26.03,25.88,25.97,633799,3276,25.9619
2019-07-31T04:00:00Z,26.07,26.12,25.392,25.72,1599126,7846,25.8484
2019-08-01T04:00:00Z,25.66,25.955,25.24,25.34,1897308,9372,25.6057
2019-08-02T04:00:00Z,25.51,25.51,25.22,25.32,1192608,5925,25.3186
2019-08-05T04:00:00Z,24.37,24.37,23.905,24.04,1578759,7793,24.0686
2019-08-06T04:00:00Z,24.27,24.41,24.04,24.18,870243,5735,24.171
2019-08-07T04:00:00Z,24.31,24.83,24.215,24.81,1197384,5719,24.5213
2019-08-08T04:00:00Z,25.02,25.13,24.92,25.1,1015884,6308,25.0301
2019-08-09T04:00:00Z,24.98,25.055,24.85,24.99,886627,5243,24.9619
2019-08-12T04:00:00Z,24.74,24.74,24.535,24.57,529141,3336,24.6064
2019-08-13T04:00:00Z,24.28,24.96,24.26,24.8,1209663,6314,24.7469
2019-08-14T04:00:00Z,24.63,24.665,24.35,24.35,760906,4585,24.4678
2019-08-15T04:00:00Z,24.63,24.69,24.425,24.53,842463,4438,24.5487
2019-08-16T04:00:00Z,24.63,24.9,24.63,24.81,504699,3276,24.8106
2019-08-19T04:00:00Z,24.85,25.005,24.69,24.73,631390,3110,24.7831
2019-08-20T04:00:00Z,24.64,24.77,24.56,24.63,631877,4162,24.6618
2019-08-21T04:00:00Z,24.71,24.71,24.445,24.55,489598,2679,24.5782
2019-08-22T04:00:00Z,24.52,24.57,24.34,24.55,486187,2561,24.4776
2019-08-23T04:00:00Z,24.37,24.745,24.185,24.26,872046,5128,24.3895
2019-08-26T04:00:00Z,24.55,24.55,24.305,24.4,707563,4234,24.3733
2019-08-27T04:00:00Z,24.84,25,24.682,24.69,1358380,6426,24.8316
2019-08-28T04:00:00Z,24.67,24.87,24.63,24.86,522802,3001,24.7875
2019-08-29T04:00:00Z,24.97,25.1,24.835,25.01,429892,2563,25.0073
2019-08-30T04:00:00Z,25.23,25.32,25.055,25.19,467365,3937,25.1549
2019-09-03T04:00:00Z,24.77,24.94,24.67,24.93,533866,3308,24.8111
2019-09-04T04:00:00Z,24.98,25.105,24.88,25.05,478876,2546,25.0367
2019-09-05T04:00:00Z,25.24,25.41,25.2075,25.28,770534,4404,25.2681
2019-09-06T04:00:00Z,25.38,25.48,25.34,25.43,542261,2355,25.4308
2019-09-09T04:00:00Z,25.46,25.645,25.46,25.59,801836,3027,25.5681
2019-09-10T04:00:00Z,25.65,25.7,25.58,25.67,663947,3820,25.6294
2019-09-11T04:00:00Z,25.77,25.84,25.72,25.84,791441,1931,25.7878
2019-09-12T04:00:00Z,25.77,26.02,25.66,25.89,944536,5684,25.8696
2019-09-13T04:00:00Z,25.81,25.85,25.69,25.74,897697,4713,25.7603
2019-09-16T04:00:00Z,25.27,25.4,25.08,25.12,632263,3776,25.2198
2019-09-17T04:00:00Z,25.13,25.42,25.1,25.39,604856,3129,25.3111
2019-09-18T04:00:00Z,25.51,25.51,25.135,25.36,691955,4793,25.3028
2019-09-19T04:00:00Z,25.09,25.31,25.045,25.09,543593,3957,25.1466
2019-09-20T04:00:00Z,25.09,25.25,24.755,24.9,604843,3897,24.9535
2019-09-23T04:00:00Z,24.87,25.05,24.85,25.05,542288,3348,24.9789
2019-09-24T04:00:00Z,24.55,24.55,24.31,24.47,1055397,5978,24.4587
2019-09-25T04:00:00Z,24.59,24.59,24.34,24.51,746991,4418,24.4357
2019-09-26T04:00:00Z,24.67,24.74,24.58,24.67,619723,4139,24.6561
2019-09-27T04:00:00Z,24.67,24.74,24.28,24.41,909678,6215,24.4697
2019-09-30T04:00:00Z,24.38,24.6,24.38,24.47,663355,5083,24.5303
2019-10-01T04:00:00Z,24.38,24.41,24.16,24.2,495193,3554,24.2175
2019-10-02T04:00:00Z,23.92,23.92,23.69,23.82,771438,5450,23.7963
2019-10-03T04:00:00Z,23.75,23.95,23.67,23.94,781333,5230,23.8633
2019-10-04T04:00:00Z,24.15,24.19,23.965,24.15,690006,4513,24.0692
2019-10-07T04:00:00Z,23.66,23.78,23.6,23.64,632166,3982,23.6839
2019-10-08T04:00:00Z,23.68,24.0064,23.555,23.62,1069063,5199,23.7299
2019-10-09T04:00:00Z,23.69,23.9,23.69,23.81,574548,4385,23.8058
2019-10-10T04:00:00Z,23.87,24.05,23.79,23.96,977767,6394,23.9555
2019-10-11T04:00:00Z,24.19,24.52,24.18,24.27,1024724,6723,24.3659
2019-10-14T04:00:00Z,24.36,24.44,24.3,24.3,451348,2905,24.3888
2019-10-15T04:00:00Z,24.41,24.64,24.41,24.6,700297,3578,24.5595
2019-10-16T04:00:00Z,24.52,24.73,24.52,24.68,1033314,5618,24.6689
2019-10-17T04:00:00Z,24.89,24.89,24.72,24.75,599548,3665,24.7866
2019-10-18T04:00:00Z,24.94,25,24.88,24.93,629172,2843,24.933
2019-10-21T04:00:00Z,25.11,25.21,25.11,25.15,533856,3051,25.163
2019-10-22T04:00:00Z,25.25,25.31,25.2,25.26,820365,4887,25.258
2019-10-23T04:00:00Z,25.36,25.55,25.36,25.5,737029,3663,25.4959
2019-10-24T04:00:00Z,25.88,25.89,25.71,25.72,1016464,5216,25.7669
2019-10-25T04:00:00Z,25.25,25.51,25.25,25.47,525505,2996,25.4495
2019-10-28T04:00:00Z,25.58,25.755,25.52,25.65,670660,3833,25.6712
2019-10-29T04:00:00Z,25.55,25.57,25.46,25.46,265639,1656,25.511
2019-10-30T04:00:00Z,25.47,25.7,25.38,25.66,783663,4132,25.5644
2019-10-31T04:00:00Z,25.1,25.18,24.895,24.96,529474,3315,24.9578
2019-11-01T04:00:00Z,25,25.25,24.98,25.24,759285,4452,25.1856
2019-11-04T05:00:00Z,25.14,25.27,25.05,25.06,506275,1886,25.1247
2019-11-05T05:00:00Z,25.63,25.65,25.43,25.48,423296,2561,25.5081
2019-11-06T05:00:00Z,25.36,25.41,25.16,25.3,922652,4079,25.2661
2019-11-07T05:00:00Z,25.11,25.14,24.975,25.04,801029,3461,25.0719
2019-11-08T05:00:00Z,25.12,25.16,25.013,25.14,779442,4673,25.1208
2019-11-11T05:00:00Z,24.79,25.01,24.79,24.95,509903,2789,24.9706
2019-11-12T05:00:00Z,24.96,24.97,24.81,24.82,351028,1995,24.8986
2019-11-13T05:00:00Z,24.64,24.68,24.55,24.66,889926,3434,24.628
2019-11-14T05:00:00Z,24.37,24.53,24.37,24.49,617279,3274,24.4781
2019-11-15T05:00:00Z,24.82,24.91,24.815,24.87,477354,1796,24.869
2019-11-18T05:00:00Z,24.69,24.74,24.61,24.69,724184,3162,24.6859
2019-11-19T05:00:00Z,24.94,24.94,24.71,24.71,350587,1900,24.7864
2019-11-20T05:00:00Z,24.84,24.96,24.76,24.86,621098,3210,24.8612
2019-11-21T05:00:00Z,24.75,24.81,24.69,24.71,303674,1864,24.7351
2019-11-22T05:00:00Z,24.67,24.67,24.505,24.51,508525,3376,24.5578
2019-11-25T05:00:00Z,24.47,24.57,24.44,24.5,993463,5321,24.5262
2019-11-26T05:00:00Z,24.35,24.38,24.2,24.35,682966,4733,24.3017
2019-11-27T05:00:00Z,24.14,24.28,24.115,24.24,438396,2984,24.2076
2019-11-29T05:00:00Z,24.12,24.155,24.025,24.03,328857,1924,24.084
2019-12-02T05:00:00Z,24.52,24.59,24.44,24.5,577007,3285,24.5119
2019-12-03T05:00:00Z,24.49,24.49,24.27,24.43,615583,2932,24.3488
2019-12-04T05:00:00Z,24.49,24.675,24.49,24.66,395904,2549,24.636
2019-12-05T05:00:00Z,24.92,25.015,24.8,24.93,542405,3138,24.9561
2019-12-06T05:00:00Z,25.07,25.14,24.995,25.02,465686,2978,25.0372
2019-12-09T05:00:00Z,25,25.09,24.96,24.99,422305,1501,25.0129
2019-12-10T05:00:00Z,25.01,25.15,25.01,25.07,549168,3356,25.1043
2019-12-11T05:00:00Z,25.02,25.18,24.91,25.11,511422,3556,25.034
2019-12-12T05:00:00Z,24.77,25.16,24.77,25.1,609508,4081,25.0415
2019-12-13T05:00:00Z,25.14,25.29,24.945,25.07,730751,4422,25.0885
2019-12-16T05:00:00Z,25.21,25.31,25.18,25.24,346100,2250,25.2681
2019-12-17T05:00:00Z,25.27,25.43,25.245,25.37,433826,2287,25.3581
2019-12-18T05:00:00Z,25.65,25.66,25.52,25.57,854638,2911,25.5948
2019-12-19T05:00:00Z,25.38,25.44,25.32,25.37,742401,2985,25.3893
2019-12-20T05:00:00Z,25.41,25.52,25.405,25.46,897361,4114,25.4522
2019-12-23T05:00:00Z,25.53,25.65,25.5,25.65,191816,1187,25.5939
2019-12-24T05:00:00Z,25.59,25.72,25.59,25.64,200400,1206,25.6682
2019-12-26T05:00:00Z,25.75,25.78,25.69,25.72,175535,1053,25.7161
2019-12-27T05:00:00Z,25.73,25.78,25.61,25.68,316073,2533,25.6926
2019-12-30T05:00:00Z,25.69,25.74,25.43,25.52,554932,3342,25.5326
2019-12-31T05:00:00Z,25.56,25.7,25.49,25.66,259129,2032,25.5671
2020-01-02T05:00:00Z,25.7,25.985,25.69,25.94,536072,3759,25.8835
2020-01-03T05:00:00Z,25.84,25.88,25.54,25.58,669696,4325,25.6492
2020-01-06T05:00:00Z,25.33,25.64,25.31,25.62,408320,2038,25.57
2020-01-07T05:00:00Z,25.59,25.64,25.425,25.47,407411,2428,25.4731
2020-01-08T05:00:00Z,25.53,25.805,25.46,25.67,544607,3131,25.675
2020-01-09T05:00:00Z,25.82,25.85,25.635,25.68,374088,2204,25.7052
2020-01-10T05:00:00Z,25.96,26.0899,25.93,26.07,469973,2504,26.0192
2020-01-13T05:00:00Z,26.11,26.39,26.11,26.39,468888,2975,26.2818
2020-01-14T05:00:00Z,26.35,26.4,26.25,26.37,555895,2926,26.3166
2020-01-15T05:00:00Z,26.21,26.255,26.02,26.09,764355,4140,26.0968
2020-01-16T05:00:00Z,26.32,26.455,26.32,26.39,448943,2172,26.4043
2020-01-17T05:00:00Z,26.39,26.56,26.35,26.56,533628,1942,26.492
2020-01-21T05:00:00Z,26.25,26.26,26.0239,26.06,613437,3740,26.1448
2020-01-22T05:00:00Z,26.07,26.215,26.025,26.17,1281353,4458,26.1538
2020-01-23T05:00:00Z,26.19,26.29,25.945,26.23,1080650,5402,26.0989
2020-01-24T05:00:00Z,26.31,26.32,26.01,26.09,618930,3414,26.1733
2020-01-27T05:00:00Z,25.3,25.39,25.12,25.27,1318760,8105,25.2281
2020-01-28T05:00:00Z,25.39,25.55,25.32,25.5,809687,4643,25.4691
2020-01-29T05:00:00Z,25.5,25.568,25.38,25.42,462407,2289,25.4508
2020-01-30T05:00:00Z,24.99,25.08,24.835,25.01,939897,4759,24.9705
2020-01-31T05:00:00Z,24.28,24.28,23.94,24.18,1096433,6244,24.0532
2020-02-03T05:00:00Z,24.17,24.28,24.04,24.15,764201,3880,24.1277
2020-02-04T05:00:00Z,24.51,24.62,24.45,24.48,660520,3867,24.5372
2020-02-05T05:00:00Z,25.01,25.06,24.87,24.89,959794,5568,24.9689
2020-02-06T05:00:00Z,25.05,25.07,24.88,24.88,819333,4200,24.9805
2020-02-07T05:00:00Z,24.62,24.64,24.455,24.58,837180,4361,24.5251
2020-02-10T05:00:00Z,24.48,24.62,24.47,24.54,275052,1593,24.5423
2020-02-11T05:00:00Z,24.69,24.85,24.61,24.62,656897,3638,24.7312
2020-02-12T05:00:00Z,24.57,24.59,24.5,24.57,463378,2825,24.5535
2020-02-13T05:00:00Z,24.25,24.25,24.0201,24.11,972928,4825,24.0918
2020-02-14T05:00:00Z,24.11,24.17,23.98,24.09,392553,2365,24.0609
2020-02-18T05:00:00Z,24.24,24.355,24.15,24.23,405574,3323,24.2687
2020-02-19T05:00:00Z,24.51,24.51,24.32,24.39,868197,3600,24.3831
2020-02-20T05:00:00Z,24.19,24.27,23.955,24,1134935,5137,24.0466
2020-02-21T05:00:00Z,23.89,24.14,23.89,23.95,423886,2232,24.001
2020-02-24T05:00:00Z,23.01,23.1454,22.935,23.07,1001346,5960,23.0211
2020-02-25T05:00:00Z,23.31,23.37,22.87,22.87,1680214,9522,23.0579
2020-02-26T05:00:00Z,22.87,23.09,22.8,22.83,862445,4186,22.9179
2020-02-27T05:00:00Z,22,22,21.555,21.58,2300072,13063,21.705
2020-02-28T05:00:00Z,21.01,21.66,20.58,21.62,3533939,16347,21.1447
2020-03-02T05:00:00Z,21.07,21.76,20.85,21.75,1922965,10986,21.3822
2020-03-03T05:00:00Z,21.91,22.8,21.91,22.19,2290022,13379,22.3656
2020-03-04T05:00:00Z,22.79,22.89,22.575,22.66,854232,5852,22.6871
2020-03-05T05:00:00Z,22.35,22.41,21.775,21.85,1475801,8871,22.0889
2020-03-06T05:00:00Z,21.25,21.32,21,21.29,1652281,8252,21.12
2020-03-09T04:00:00Z,19.33,19.84,19.05,19.4,1192067,6115,19.2612
2020-03-10T04:00:00Z,20.18,20.65,20.06,20.65,936607,4529,20.3263
2020-03-11T04:00:00Z,19.73,19.89,19.33,19.35,1893131,9073,19.5963
2020-03-12T04:00:00Z,17.78,17.98,16.62,16.82,1588231,7644,16.9168
2020-03-13T04:00:00Z,18.79,19.17,17.17,18.06,1714744,6803,17.8789
2020-03-16T04:00:00Z,15.94,16.57,15.4,15.5,1295748,6775,16.1025
2020-03-17T04:00:00Z,15.59,16.1,15.24,16.1,1310336,8201,15.6893
2020-03-18T04:00:00Z,14.58,15.15,14.02,14.42,807315,4390,14.4739
2020-03-19T04:00:00Z,13.17,13.5,13.0009,13.3,1197845,7542,13.2613
2020-03-20T04:00:00Z,13.29,13.455,12.76,12.9,3183100,11763,13.1238
2020-03-23T04:00:00Z,12.44,12.44,11.91,11.93,1191721,6457,12.0869
2020-03-24T04:00:00Z,12.28,12.69,12.25,12.69,1437965,7748,12.5308
2020-03-25T04:00:00Z,12.85,13.36,12.79,13.22,2250913,8583,13.1632
2020-03-26T04:00:00Z,14.4,15.16,14.4,15.14,1468585,10877,14.8671
2020-03-27T04:00:00Z,14.63,14.78,14.3,14.34,1809320,11127,14.4972
2020-03-30T04:00:00Z,14.49,14.52,14.09,14.38,1185488,5634,14.2521
2020-03-31T04:00:00Z,14.7,14.93,14.56,14.73,953120,5686,14.7265
2020-04-01T04:00:00Z,13.98,13.98,13.61,13.63,1229537,7728,13.785
2020-04-02T04:00:00Z,14.08,14.39,14.02,14.38,1385526,8291,14.1923
2020-04-03T04:00:00Z,14.64,14.75,13.87,13.97,2114315,11539,14.0913
2020-04-06T04:00:00Z,15.33,15.72,15.33,15.57,1652247,8342,15.5761
2020-04-07T04:00:00Z,16.07,16.155,15.45,15.48,1491152,8641,15.692
2020-04-08T04:00:00Z,15.21,15.39,15.01,15.32,698935,4363,15.2214
2020-04-09T04:00:00Z,15.51,15.795,15.34,15.38,826776,5262,15.592
2020-04-13T04:00:00Z,15.53,15.53,15.25,15.35,1192091,4515,15.3112
2020-04-14T04:00:00Z,15.89,16.1,15.76,15.87,508160,3682,15.9104
2020-04-15T04:00:00Z,15.4,15.4,15.23,15.28,490955,2931,15.295
2020-04-16T04:00:00Z,15.06,15.07,14.63,14.7,769475,4021,14.7243
2020-04-17T04:00:00Z,15.63,15.835,15.475,15.67,444132,2526,15.6122
2020-04-20T04:00:00Z,15.38,15.5,15.18,15.21,537459,3481,15.3147
2020-04-21T04:00:00Z,14.86,14.89,14.6801,14.72,782676,4714,14.767
2020-04-22T04:00:00Z,15.4,15.4,15.17,15.19,459637,2620,15.2494
2020-04-23T04:00:00Z,15.37,15.74,15.37,15.39,795121,4423,15.5323
2020-04-24T04:00:00Z,15.13,15.13,14.98,15.12,551913,3259,15.0639
2020-04-27T04:00:00Z,15.19,15.51,15.19,15.44,584775,3804,15.4139
2020-04-28T04:00:00Z,15.68,15.69,15.335,15.44,691551,4040,15.5044
2020-04-29T04:00:00Z,15.73,16.18,15.73,16.16,733479,4820,16.0474
2020-04-30T04:00:00Z,16.52,16.745,16.16,16.29,688038,3996,16.4587
2020-05-01T04:00:00Z,15.87,15.93,15.495,15.55,406556,2285,15.6176
2020-05-04T04:00:00Z,15.88,16.04,15.84,16.01,442987,2307,15.9092
2020-05-05T04:00:00Z,16.21,16.32,15.985,15.99,872100,4764,16.1163
2020-05-06T04:00:00Z,16.08,16.119,15.835,15.88,369568,2449,15.9422
2020-05-07T04:00:00Z,16.09,16.22,16.01,16.17,1254086,4311,16.1443
2020-05-08T04:00:00Z,16.32,16.55,16.22,16.4,538135,3309,16.4165
2020-05-11T04:00:00Z,16.41,16.565,16.35,16.47,382239,2553,16.4727
2020-05-12T04:00:00Z,16.4,16.45,16.11,16.11,563320,3290,16.3211
2020-05-13T04:00:00Z,16.22,16.22,15.87,16.03,575769,4329,16.0078
2020-05-14T04:00:00Z,15.6,16,15.45,15.96,1053106,6495,15.7641
2020-05-15T04:00:00Z,15.61,15.64,15.48,15.63,781712,4844,15.5668
2020-05-18T04:00:00Z,15.97,16.295,15.97,16.22,918387,7442,16.1854
2020-05-19T04:00:00Z,16.14,16.25,16.04,16.04,305273,2279,16.1583
2020-05-20T04:00:00Z,16.27,16.325,16.195,16.26,368106,2482,16.2527
2020-05-21T04:00:00Z,16.22,16.265,16.03,16.1,1035198,5999,16.0995
2020-05-22T04:00:00Z,15.96,15.96,15.695,15.74,667563,4737,15.7481
2020-05-26T04:00:00Z,16.62,16.72,16.45,16.49,767775,5851,16.6287
2020-05-27T04:00:00Z,16.57,16.57,16.305,16.52,515473,3520,16.4499
2020-05-28T04:00:00Z,16.94,17.115,16.87,16.9,1109962,5156,16.9901
2020-05-29T04:00:00Z,17.34,17.41,17.04,17.31,1024216,6191,17.2639
2020-06-01T04:00:00Z,17.63,17.8999,17.55,17.88,688168,3576,17.7218
2020-06-02T04:00:00Z,18.41,18.825,18.3591,18.8,2127847,11601,18.6808
2020-06-03T04:00:00Z,19.28,19.77,19.275,19.68,1817455,12780,19.6244
2020-06-04T04:00:00Z,19.23,19.23,18.89,19.02,1038259,6251,19.0314
2020-06-05T04:00:00Z,19.59,19.69,19.37,19.51,1513040,7917,19.5139
2020-06-08T04:00:00Z,20.06,20.35,19.965,20.35,851208,6077,20.1415
2020-06-09T04:00:00Z,19.55,19.72,19.425,19.65,792883,5698,19.5945
2020-06-10T04:00:00Z,18.94,19.205,18.8,19.15,836645,6182,19.0001
2020-06-11T04:00:00Z,18.36,18.435,17.85,17.85,859384,5940,18.1258
2020-06-12T04:00:00Z,18.71,18.765,18.21,18.48,1180849,7290,18.4141
2020-06-15T04:00:00Z,17.96,18.415,17.88,18.29,674809,4002,18.1423
2020-06-16T04:00:00Z,19.2,19.29,18.675,18.89,708092,5186,18.9258
2020-06-17T04:00:00Z,18.89,19,18.74,18.75,390568,2698,18.8428
2020-06-18T04:00:00Z,18.59,18.71,18.53,18.62,644571,3720,18.6274
2020-06-19T04:00:00Z,18.92,18.92,18.455,18.54,764018,5522,18.6015
2020-06-22T04:00:00Z,18.5,18.66,18.42,18.59,581449,2934,18.5186
2020-06-23T04:00:00Z,18.64,18.695,18.52,18.55,611136,3882,18.6077
2020-06-24T04:00:00Z,18.7,18.79,18.54,18.59,892146,5240,18.6426
2020-06-25T04:00:00Z,18.53,18.64,18.455,18.61,1018577,6364,18.5472
2020-06-26T04:00:00Z,18.37,18.4,18.07,18.16,837981,5063,18.2146
2020-06-29T04:00:00Z,18.17,18.35,18.105,18.33,799634,4286,18.2413
2020-06-30T04:00:00Z,18.12,18.14,17.9,18,1284459,7813,18.0178
2020-07-01T04:00:00Z,18.14,18.37,18.14,18.24,1074924,10721,18.2456
2020-07-02T04:00:00Z,18.51,18.705,18.43,18.5,694555,4371,18.6012
2020-07-06T04:00:00Z,18.8,18.95,18.76,18.86,484957,3512,18.8646
2020-07-07T04:00:00Z,18.79,19.03,18.75,18.92,815809,4612,18.9295
2020-07-08T04:00:00Z,19.11,19.39,19.095,19.36,886569,6008,19.2268
2020-07-09T04:00:00Z,19.17,19.22,18.825,19.07,1128264,6256,19.0283
2020-07-10T04:00:00Z,19,19.05,18.905,19.01,620808,4346,18.9934
2020-07-13T04:00:00Z,19.1,19.285,18.96,19.02,643382,4213,19.1579
2020-07-14T04:00:00Z,18.93,19.3299,18.87,19.29,847750,5191,19.1476
2020-07-15T04:00:00Z,19.19,19.25,19.1,19.12,626635,3315,19.1673
2020-07-16T04:00:00Z,19.03,19.125,19.015,19.03,523819,3516,19.0684
2020-07-17T04:00:00Z,19,19,18.72,18.84,402416,2272,18.7945
2020-07-20T04:00:00Z,18.57,18.64,18.505,18.6,454322,2910,18.576
2020-07-21T04:00:00Z,18.91,19.085,18.91,19.01,541105,3047,19.0154
2020-07-22T04:00:00Z,19.14,19.185,18.97,19.11,670241,3797,19.0606
2020-07-23T04:00:00Z,19.09,19.1409,18.85,18.95,469466,3195,18.988
2020-07-24T04:00:00Z,18.83,19.11,18.83,19.06,631569,3721,19.0085
2020-07-27T04:00:00Z,19.16,19.34,19.14,19.28,417320,4199,19.2902
2020-07-28T04:00:00Z,19.09,19.13,18.98,18.98,579164,3532,19.0523
2020-07-29T04:00:00Z,18.99,19.045,18.885,18.95,824470,5403,18.9517
2020-07-30T04:00:00Z,18.95,18.98,18.7,18.82,676449,4329,18.7999
2020-07-31T04:00:00Z,18.77,18.815,18.5209,18.74,938615,7175,18.6492
2020-08-03T04:00:00Z,18.39,18.39,18.16,18.22,1239275,6675,18.2261
2020-08-04T04:00:00Z,18.43,18.68,18.43,18.68,793256,4896,18.5657
2020-08-05T04:00:00Z,18.98,19.2,18.94,19.1,1014919,5443,19.1145
2020-08-06T04:00:00Z,19.1,19.26,19.04,19.22,934863,5989,19.1344
2020-08-07T04:00:00Z,18.91,18.935,18.735,18.81,614645,4318,18.8304
2020-08-10T04:00:00Z,18.99,19.085,18.845,19.07,536819,3801,18.9766
2020-08-11T04:00:00Z,19.23,19.3,18.95,18.96,653933,4051,19.2
2020-08-12T04:00:00Z,19.27,19.505,19.27,19.38,869789,4707,19.3992
2020-08-13T04:00:00Z,19.38,19.44,19.2942,19.34,551132,3425,19.3815
2020-08-14T04:00:00Z,19.33,19.5,19.29,19.43,500277,3508,19.4101
2020-08-17T04:00:00Z,19.51,19.695,19.445,19.62,554160,3482,19.6156
2020-08-18T04:00:00Z,19.705,19.78,19.555,19.74,641897,4146,19.6921
2020-08-19T04:00:00Z,19.81,19.81,19.53,19.57,685808,3859,19.6598
2020-08-20T04:00:00Z,19.35,19.57,19.245,19.57,926134,4956,19.3605
2020-08-21T04:00:00Z,19.53,19.56,19.41,19.49,551883,4378,19.4835
2020-08-24T04:00:00Z,19.89,19.89,19.73,19.75,693273,3567,19.7812
2020-08-25T04:00:00Z,20.14,20.27,20.12,20.24,660137,3929,20.2213
2020-08-26T04:00:00Z,20.13,20.28,20.07,20.24,1047477,5338,20.195
2020-08-27T04:00:00Z,20.14,20.19,19.815,19.9,648982,4288,19.9579
2020-08-28T04:00:00Z,20.19,20.26,20.13,20.24,605575,4191,20.1976
2020-08-31T04:00:00Z,19.64,19.66,19.39,19.61,934429,6879,19.5271
2020-09-01T04:00:00Z,19.66,19.73,19.52,19.58,1003461,5645,19.6332
2020-09-02T04:00:00Z,19.67,19.67,19.37,19.61,969100,6001,19.4813
2020-09-03T04:00:00Z,19.48,19.52,19.075,19.31,1065202,8155,19.2811
2020-09-04T04:00:00Z,19.32,19.525,19.11,19.38,925423,6680,19.3408
2020-09-08T04:00:00Z,19.11,19.37,19.01,19.17,811116,6219,19.2468
2020-09-09T04:00:00Z,19.01,19.04,18.91,18.97,1175912,7019,18.9796
2020-09-10T04:00:00Z,17.68,17.89,17.36,17.38,2690145,12509,17.593
2020-09-11T04:00:00Z,18,18,17.745,17.81,910029,5366,17.8665
2020-09-14T04:00:00Z,18.59,18.655,18.5,18.51,954186,5370,18.5539
2020-09-15T04:00:00Z,18.65,18.68,18.39,18.45,787516,4903,18.469
2020-09-16T04:00:00Z,18.31,18.33,18.12,18.16,1032083,6143,18.2061
2020-09-17T04:00:00Z,18,18.155,17.96,18.15,554779,3359,18.0821
2020-09-18T04:00:00Z,18.19,18.19,18.01,18.06,1319998,5585,18.0969
2020-09-21T04:00:00Z,17.67,17.71,17.41,17.71,642100,3658,17.5836
2020-09-22T04:00:00Z,17.73,17.73,17.29,17.48,617448,3327,17.4473
2020-09-23T04:00:00Z,17.3,17.31,17.03,17.07,1397178,8427,17.131
2020-09-24T04:00:00Z,16.86,17.015,16.77,16.97,650395,4504,16.8722
2020-09-25T04:00:00Z,17.26,17.42,17.19,17.42,792080,5001,17.3189
2020-09-28T04:00:00Z,17.48,17.48,17.29,17.37,308639,2131,17.3649
2020-09-29T04:00:00Z,17.23,17.33,17.17,17.28,531116,3665,17.2481
2020-09-30T04:00:00Z,17.22,17.415,17.22,17.27,502628,3307,17.3354
2020-10-01T04:00:00Z,17.57,17.74,17.515,17.7,571658,3002,17.6406
2020-10-02T04:00:00Z,17.35,17.54,17.19,17.41,436902,3185,17.4633
2020-10-05T04:00:00Z,17.72,17.97,17.72,17.89,697721,3484,17.8903
2020-10-06T04:00:00Z,17.91,18.17,17.91,17.99,700936,5090,18.0712
2020-10-07T04:00:00Z,18.05,18.11,18,18.06,334237,2530,18.0534
2020-10-08T04:00:00Z,18.13,18.255,18.13,18.21,509588,3174,18.1826
2020-10-09T04:00:00Z,18.27,18.395,18.18,18.36,314501,2125,18.3196
2020-10-12T04:00:00Z,18.38,18.47,18.315,18.37,320764,1937,18.3964
2020-10-13T04:00:00Z,18.46,18.46,18.26,18.35,366180,2592,18.3262
2020-10-14T04:00:00Z,18.7567,18.7567,18.54,18.57,323500,2266,18.6459
2020-10-15T04:00:00Z,18.31,18.405,18.25,18.34,477982,3204,18.3022
2020-10-16T04:00:00Z,18.4,18.47,18.35,18.36,306442,2142,18.3955
2020-10-19T04:00:00Z,18.54,18.66,18.4,18.42,450948,2441,18.5626
2020-10-20T04:00:00Z,18.49,18.565,18.38,18.45,502362,2898,18.4636
2020-10-21T04:00:00Z,18.53,18.88,18.53,18.85,536979,3778,18.797
2020-10-22T04:00:00Z,18.75,18.755,18.61,18.7,243267,1455,18.6803
2020-10-23T04:00:00Z,18.67,18.9,18.67,18.9,327801,2385,18.8047
2020-10-26T04:00:00Z,18.8,18.905,18.7,18.84,383989,2657,18.8083
2020-10-27T04:00:00Z,18.9,18.9,18.69,18.79,266459,1915,18.7759
2020-10-28T04:00:00Z,18.46,18.47,18.21,18.27,521836,3821,18.3415
2020-10-29T04:00:00Z,18.24,18.35,18.1439,18.28,409697,2896,18.2156
2020-10-30T04:00:00Z,18.21,18.28,18.11,18.28,285922,1989,18.2084
2020-11-02T05:00:00Z,18.66,18.72,18.52,18.7,422637,2813,18.6434
2020-11-03T05:00:00Z,18.98,19.18,18.97,19.07,713587,3965,19.1075
2020-11-04T05:00:00Z,19.05,19.47,19.01,19.39,623312,3787,19.301
2020-11-05T05:00:00Z,20.01,20.39,19.93,20.32,1365224,9795,20.1904
2020-11-06T05:00:00Z,20.44,20.52,20.27,20.44,661040,3878,20.4211
2020-11-09T05:00:00Z,21.35,21.56,21.12,21.19,1881364,12353,21.3418
2020-11-10T05:00:00Z,21.37,21.81,21.37,21.74,959169,6051,21.6242
2020-11-11T05:00:00Z,21.63,21.67,21.47,21.62,827680,5411,21.5835
2020-11-12T05:00:00Z,21.36,21.485,21.03,21.1,1611217,7537,21.2595
2020-11-13T05:00:00Z,21.22,21.385,21.2,21.36,582616,3972,21.2925
2020-11-16T05:00:00Z,21.7,21.88,21.52,21.59,3073781,6430,21.6108
2020-11-17T05:00:00Z,21.72,21.98,21.67,21.82,3032335,8673,21.7928
2020-11-18T05:00:00Z,21.85,21.9,21.645,21.67,2078625,5316,21.7481
2020-11-19T05:00:00Z,21.66,21.755,21.62,21.72,599290,4100,21.6979
2020-11-20T05:00:00Z,21.72,21.75,21.58,21.58,656066,4466,21.6618
2020-11-23T05:00:00Z,22.1,22.17,21.89,21.96,1236740,7757,21.9817
2020-11-24T05:00:00Z,22.27,22.49,22.11,22.46,1331502,7013,22.2914
2020-11-25T05:00:00Z,22.27,22.345,22.09,22.31,856003,5742,22.2493
2020-11-27T05:00:00Z,22.62,22.86,22.62,22.69,830147,4327,22.7465
2020-11-30T05:00:00Z,21.93,21.97,21.74,21.76,1938919,12146,21.8374
2020-12-01T05:00:00Z,22.3,22.58,22.25,22.5,1443383,8748,22.4236
2020-12-02T05:00:00Z,22.57,22.83,22.57,22.75,826715,4788,22.7585
2020-12-03T05:00:00Z,22.74,22.98,22.71,22.72,1148281,4065,22.8164
2020-12-04T05:00:00Z,22.53,22.76,22.53,22.74,1396866,10701,22.6678
2020-12-07T05:00:00Z,23.05,23.245,22.975,23.13,838336,5308,23.1121
2020-12-08T05:00:00Z,23.12,23.12,22.97,23.04,511050,4039,23.0596
2020-12-09T05:00:00Z,23.27,23.27,22.895,23.06,605307,3862,23.0729
2020-12-10T05:00:00Z,23.08,23.43,23.05,23.4,678624,5705,23.3061
2020-12-11T05:00:00Z,23.13,23.205,23.06,23.14,680110,5159,23.1486
2020-12-14T05:00:00Z,23.34,23.385,23.1,23.1,594218,4421,23.2272
2020-12-15T05:00:00Z,23.34,23.6,23.26,23.58,747213,4520,23.4479
2020-12-16T05:00:00Z,23.96,24.115,23.94,24.04,912289,7088,24.0375
2020-12-17T05:00:00Z,24.04,24.11,24.025,24.09,352411,3290,24.0703
2020-12-18T05:00:00Z,24.04,24.06,23.86,23.96,531477,4631,23.9481
2020-12-21T05:00:00Z,23.8,23.91,23.695,23.87,821965,5589,23.8051
2020-12-22T05:00:00Z,23.12,23.12,22.72,22.8,1428792,6089,22.8241
2020-12-23T05:00:00Z,22.84,23.02,22.8,22.98,817228,4050,22.9475
2020-12-24T05:00:00Z,23.09,23.21,22.99,23.2,274146,1912,23.1101
2020-12-28T05:00:00Z,23.58,23.755,23.5,23.72,421513,3208,23.6695
2020-12-29T05:00:00Z,23.39,23.605,23.33,23.57,913820,5401,23.5213
2020-12-30T05:00:00Z,23.23,23.445,23.2,23.31,542885,3400,23.3453
2020-12-31T05:00:00Z,23.57,23.57,23.14,23.42,629044,4734,23.3085
2021-01-04T05:00:00Z,24.13,24.24,23.68,23.83,1229406,7357,23.9219
2021-01-05T05:00:00Z,24.03,24.375,24.02,24.31,800657,5952,24.2623
2021-01-06T05:00:00Z,23.64,24.17,23.62,24,993126,6699,23.9794
2021-01-07T05:00:00Z,23.88,23.965,23.78,23.81,926335,7035,23.8652
2021-01-08T05:00:00Z,24.32,24.555,24.27,24.52,700379,4685,24.4238
2021-01-11T05:00:00Z,24.35,24.475,24.315,24.38,570849,4199,24.4074
2021-01-12T05:00:00Z,24.5,24.7697,24.5,24.62,611661,4171,24.6591
2021-01-13T05:00:00Z,24.73,24.78,24.56,24.66,874279,6756,24.6782
2021-01-14T05:00:00Z,24.96,25.09,24.87,24.91,694613,4569,24.9725
2021-01-15T05:00:00Z,24.57,24.62,24.42,24.49,774637,5056,24.5214
2021-01-19T05:00:00Z,24.52,24.6,24.04,24.15,921424,6676,24.2024
2021-01-20T05:00:00Z,24.91,25.125,24.84,25.04,882877,5327,24.99
2021-01-21T05:00:00Z,25.13,25.21,24.8701,24.93,891215,6933,24.9806
2021-01-22T05:00:00Z,24.38,24.488,24.22,24.41,824919,4833,24.3838
2021-01-25T05:00:00Z,24.22,24.22,23.78,24.02,650146,4440,23.9316
2021-01-26T05:00:00Z,23.67,23.71,23.455,23.69,647403,4343,23.6194
2021-01-27T05:00:00Z,23.36,23.405,22.96,23.05,2169208,8482,23.1509
2021-01-28T05:00:00Z,23,23.355,22.95,23.25,582371,4099,23.1928
2021-01-29T05:00:00Z,22.76,22.76,22.42,22.45,1059461,6360,22.5629
2021-02-01T05:00:00Z,23.29,23.64,23.28,23.57,1482007,6953,23.446
2021-02-02T05:00:00Z,23.54,23.555,23.37,23.49,662233,4953,23.4944
2021-02-03T05:00:00Z,23.57,23.65,23.41,23.61,1168684,6566,23.546
2021-02-04T05:00:00Z,23.57,23.67,23.37,23.6,509183,3750,23.5341
2021-02-05T05:00:00Z,23.81,23.975,23.74,23.86,614784,4326,23.8645
2021-02-08T05:00:00Z,23.86,24.08,23.81,24.08,614925,5228,23.9775
2021-02-09T05:00:00Z,23.84,23.9,23.745,23.81,422843,3779,23.8211
2021-02-10T05:00:00Z,23.86,24,23.725,23.87,514314,3476,23.8579
2021-02-11T05:00:00Z,23.9,24.03,23.84,23.88,490376,3867,23.9372
2021-02-12T05:00:00Z,23.84,23.95,23.835,23.91,130508,1007,23.8934
2021-02-16T05:00:00Z,24.02,24.065,23.78,23.83,705137,4418,23.8711
2021-02-17T05:00:00Z,23.38,23.65,23.32,23.6,545751,4607,23.5006
2021-02-18T05:00:00Z,23.3,23.49,23.115,23.47,285880,2159,23.3031
2021-02-19T05:00:00Z,23.62,23.745,23.58,23.61,389260,2639,23.6717
2021-02-22T05:00:00Z,23.42,23.665,23.3,23.38,379969,3965,23.5348
2021-02-23T05:00:00Z,23.64,23.955,23.45,23.81,605483,4723,23.7132
2021-02-24T05:00:00Z,23.56,23.87,23.43,23.85,447601,4259,23.6736
2021-02-25T05:00:00Z,23.39,23.55,22.82,22.82,760762,6779,23.1695
2021-02-26T05:00:00Z,23.08,23.12,22.645,22.85,988414,7458,22.8216
2021-03-01T05:00:00Z,23.48,23.885,23.4,23.77,945444,5490,23.6405
2021-03-02T05:00:00Z,23.66,23.69,23.39,23.5,657034,3649,23.494
2021-03-03T05:00:00Z,23.51,23.55,23.332,23.39,403707,2999,23.4368
2021-03-04T05:00:00Z,23.18,23.37,22.73,22.79,661088,4912,23.0406
2021-03-05T05:00:00Z,22.92,22.95,22.59,22.91,436833,4491,22.7636
2021-03-08T05:00:00Z,22.73,22.82,22.475,22.59,616009,5038,22.628
2021-03-09T05:00:00Z,22.64,22.9,22.545,22.75,418994,3073,22.7289
2021-03-10T05:00:00Z,22.83,22.92,22.625,22.89,433598,3292,22.781
2021-03-11T05:00:00Z,23.19,23.3,23.025,23.2,262031,2138,23.1747
2021-03-12T05:00:00Z,23,23.07,22.88,23.04,398752,3134,22.998
2021-03-15T04:00:00Z,22.93,22.98,22.79,22.98,257971,2785,22.8993
2021-03-16T04:00:00Z,22.87,22.95,22.83,22.93,213382,2059,22.8919
2021-03-17T04:00:00Z,22.64,23.19,22.64,23.11,501888,3807,23.0073
2021-03-18T04:00:00Z,22.99,23.09,22.81,22.84,198243,2356,22.953
2021-03-19T04:00:00Z,23.02,23.355,22.995,23.35,585865,3862,23.2121
2021-03-22T04:00:00Z,23.01,23.13,22.88,23.08,505644,3979,23.0479
2021-03-23T04:00:00Z,22.81,22.81,22.49,22.52,253811,2303,22.6274
2021-03-24T04:00:00Z,22.45,22.465,22.22,22.26,637812,5016,22.3408
2021-03-25T04:00:00Z,22.24,22.4,22.21,22.35,464736,3567,22.314
2021-03-26T04:00:00Z,22.52,23.04,22.52,23.03,334078,2761,22.7346
2021-03-29T04:00:00Z,22.72,22.77,22.585,22.65,509766,4395,22.6823
2021-03-30T04:00:00Z,22.05,22.05,21.87,22.01,403612,3288,21.9535
2021-03-31T04:00:00Z,21.66,21.89,21.57,21.85,858052,5905,21.7642
2021-04-01T04:00:00Z,21.88,22.17,21.87,21.93,1193091,7818,21.9989
2021-04-05T04:00:00Z,21.82,21.82,21.56,21.75,406925,3582,21.6958
2021-04-06T04:00:00Z,21.78,21.94,21.78,21.91,300388,2516,21.894
2021-04-07T04:00:00Z,21.66,21.75,21.565,21.66,344289,2414,21.6289
2021-04-08T04:00:00Z,21.79,21.85,21.68,21.69,439006,3261,21.7741
2021-04-09T04:00:00Z,21.71,21.71,21.61,21.67,388688,3131,21.6576
2021-04-12T04:00:00Z,21.13,21.19,21.02,21.11,420115,3056,21.1099
2021-04-13T04:00:00Z,21.06,21.255,21.03,21.17,420250,3770,21.1749
2021-04-14T04:00:00Z,21.65,21.77,21.595,21.63,457900,3352,21.6753
2021-04-15T04:00:00Z,21.73,21.89,21.7,21.85,439534,3218,21.7937
2021-04-16T04:00:00Z,21.85,22.02,21.77,21.95,487588,3719,21.9124
2021-04-19T04:00:00Z,21.81,21.86,21.71,21.76,381151,3469,21.7936
2021-04-20T04:00:00Z,21.74,21.8,21.54,21.56,846245,6572,21.65
2021-04-21T04:00:00Z,21.53,21.73,21.42,21.72,313569,2407,21.6063
2021-04-22T04:00:00Z,21.62,21.62,21.34,21.38,402409,3709,21.4534
2021-04-23T04:00:00Z,21.74,21.96,21.705,21.94,593945,3487,21.8497
2021-04-26T04:00:00Z,21.69,21.69,21.585,21.63,275370,2188,21.6339
2021-04-27T04:00:00Z,21.62,21.62,21.48,21.53,493825,2845,21.5279
2021-04-28T04:00:00Z,21.59,21.79,21.46,21.74,474597,3449,21.6651
2021-04-29T04:00:00Z,21.83,21.92,21.68,21.87,322130,2290,21.7647
2021-04-30T04:00:00Z,21.81,21.87,21.54,21.64,850674,4769,21.644
2021-05-03T04:00:00Z,21.49,21.655,21.445,21.53,823731,4227,21.5394
2021-05-04T04:00:00Z,21.53,21.57,21.3,21.42,451469,3516,21.4087
2021-05-05T04:00:00Z,21.64,21.81,21.605,21.76,354100,2618,21.7395
2021-05-06T04:00:00Z,21.81,22.03,21.76,22,423856,3075,21.907
2021-05-07T04:00:00Z,21.91,22.28,21.91,22.15,517731,4362,22.1292
2021-05-10T04:00:00Z,22.14,22.2,21.82,21.82,542364,4943,21.9545
2021-05-11T04:00:00Z,21.71,21.88,21.62,21.84,382199,2744,21.7998
2021-05-12T04:00:00Z,21.57,21.63,21.2,21.26,474006,4097,21.351
2021-05-13T04:00:00Z,21.24,21.5,21.215,21.46,634227,4384,21.3858
2021-05-14T04:00:00Z,21.59,21.855,21.57,21.78,282221,1918,21.7248
2021-05-17T04:00:00Z,21.39,21.42,21.3,21.33,911009,5841,21.3676
2021-05-18T04:00:00Z,21.33,21.48,21.32,21.4,299665,2546,21.4143
2021-05-19T04:00:00Z,20.94,21.12,20.86,20.99,616439,4398,20.9813
2021-05-20T04:00:00Z,21.23,21.36,21.17,21.27,1054312,5655,21.2917
2021-05-21T04:00:00Z,21.17,21.17,20.915,21,465924,3142,21.0138
2021-05-24T04:00:00Z,21.04,21.14,20.98,21.1,309812,2201,21.0834
2021-05-25T04:00:00Z,21.19,21.315,21.16,21.25,451769,3085,21.2388
2021-05-26T04:00:00Z,21.36,21.43,21.27,21.36,585760,4137,21.3635
2021-05-27T04:00:00Z,21.4,21.4,21.19,21.26,1517554,7159,21.2824
2021-05-28T04:00:00Z,21.22,21.415,21.16,21.36,846879,4554,21.2858
2021-06-01T04:00:00Z,21.95,22.1,21.89,22.03,779737,5444,22.0139
2021-06-02T04:00:00Z,22.19,22.35,22.145,22.32,617115,4423,22.31
2021-06-03T04:00:00Z,22.48,22.61,22.45,22.56,702669,4055,22.5401
2021-06-04T04:00:00Z,22.58,22.58,22.47,22.51,545522,2838,22.5323
2021-06-07T04:00:00Z,22.37,22.39,22.27,22.36,929952,5468,22.3416
2021-06-08T04:00:00Z,22.1,22.1,21.96,21.98,315290,2155,21.9946
2021-06-09T04:00:00Z,22.23,22.26,22.135,22.16,353832,2334,22.1764
2021-06-10T04:00:00Z,22.24,22.41,22.24,22.39,698921,4802,22.3439
2021-06-11T04:00:00Z,22.3,22.3,22.135,22.25,338017,2541,22.2145
2021-06-14T04:00:00Z,22.01,22.05,21.905,21.95,321079,2678,21.9689
2021-06-15T04:00:00Z,21.93,21.93,21.71,21.78,455235,2952,21.7687
2021-06-16T04:00:00Z,21.65,21.755,21.245,21.33,648363,3938,21.5086
2021-06-17T04:00:00Z,21.21,21.295,21.12,21.21,789038,3805,21.1947
2021-06-18T04:00:00Z,20.77,20.805,20.64,20.69,710294,4694,20.7012
2021-06-21T04:00:00Z,20.74,20.84,20.6,20.82,611550,3404,20.7131
2021-06-22T04:00:00Z,21.03,21.09,20.915,20.95,397213,2824,20.9765
2021-06-23T04:00:00Z,20.8,20.92,20.7012,20.76,618808,2323,20.7493
2021-06-24T04:00:00Z,20.66,20.67,20.575,20.66,208422,2219,20.6162
2021-06-25T04:00:00Z,20.68,20.68,20.58,20.63,448505,2855,20.6127
2021-06-28T04:00:00Z,20.15,20.22,20.08,20.18,571359,2961,20.1638
2021-06-29T04:00:00Z,20.12,20.22,19.99,20.22,701353,4440,20.0982
2021-06-30T04:00:00Z,20.22,20.32,20.17,20.28,1407756,7034,20.244
2021-07-01T04:00:00Z,20.35,20.375,20.165,20.3,599734,3704,20.2576
2021-07-02T04:00:00Z,20.49,20.75,20.49,20.74,1122751,5104,20.642
2021-07-06T04:00:00Z,20.52,20.52,20.25,20.33,482849,3533,20.3721
2021-07-07T04:00:00Z,20.32,20.37,20.195,20.3,716806,4115,20.2795
2021-07-08T04:00:00Z,20.1,20.12,19.99,20.02,537837,3659,20.0468
2021-07-09T04:00:00Z,20.26,20.36,20.22,20.33,598538,3537,20.3058
2021-07-12T04:00:00Z,20.39,20.4,20.29,20.4,229323,1561,20.3411
2021-07-13T04:00:00Z,20.16,20.18,19.97,20,424739,2699,20.0353
2021-07-14T04:00:00Z,20,20,19.84,19.97,281248,1990,19.9228
2021-07-15T04:00:00Z,20.1,20.18,20.07,20.12,319370,2573,20.1224
2021-07-16T04:00:00Z,20.31,20.34,20.17,20.24,284785,1407,20.2389
2021-07-19T04:00:00Z,19.98,20.01,19.82,19.89,372825,2758,19.9001
2021-07-20T04:00:00Z,19.85,20.04,19.83,19.96,352433,2557,19.9707
2021-07-21T04:00:00Z,20.05,20.3,20.05,20.29,328417,2233,20.2001
2021-07-22T04:00:00Z,20.46,20.58,20.46,20.56,586667,3830,20.5461
2021-07-23T04:00:00Z,20.32,20.32,20.05,20.21,618752,3826,20.1427
2021-07-26T04:00:00Z,20.12,20.32,20.115,20.31,591428,3899,20.2364
2021-07-27T04:00:00Z,20.11,20.17,20.01,20.1,410042,3341,20.0773
2021-07-28T04:00:00Z,20.01,20.115,19.895,20.07,609292,3796,19.9857
2021-07-29T04:00:00Z,20.12,20.27,20.07,20.19,624816,3297,20.1747
2021-07-30T04:00:00Z,19.98,20.14,19.94,20.09,300132,2120,20.0738
2021-08-02T04:00:00Z,20.18,20.28,20.155,20.2,331129,2291,20.2289
2021-08-03T04:00:00Z,20.49,20.68,20.415,20.67,224272,1830,20.579
2021-08-04T04:00:00Z,20.61,20.76,20.45,20.45,465288,3001,20.5416
2021-08-05T04:00:00Z,20.8,20.9,20.78,20.87,427901,3586,20.8506
2021-08-06T04:00:00Z,20.68,20.68,20.415,20.44,250060,2615,20.5022
2021-08-09T04:00:00Z,20.21,20.26,20.07,20.1,825528,5654,20.1507
2021-08-10T04:00:00Z,20.26,20.26,20.135,20.24,382640,2451,20.1967
2021-08-11T04:00:00Z,20.38,20.38,20.245,20.38,201357,2285,20.3225
2021-08-12T04:00:00Z,20.5,20.6,20.46,20.6,189923,1663,20.5301
2021-08-13T04:00:00Z,20.75,20.81,20.63,20.76,524522,4135,20.7516
2021-08-16T04:00:00Z,20.72,20.87,20.65,20.87,486481,3096,20.79
2021-08-17T04:00:00Z,20.75,20.77,20.62,20.71,217678,1717,20.7005
2021-08-18T04:00:00Z,20.95,21.2,20.9,20.9,485940,3926,21.0661
2021-08-19T04:00:00Z,20.58,20.655,20.49,20.56,495410,3743,20.5753
2021-08-20T04:00:00Z,20.68,20.92,20.68,20.89,553540,4193,20.818
2021-08-23T04:00:00Z,21.06,21.2,20.97,21.2,472386,3730,21.1195
2021-08-24T04:00:00Z,20.92,21.06,20.9,20.97,1033703,3687,21.0057
2021-08-25T04:00:00Z,20.97,21.02,20.875,20.9,454678,3295,20.9198
2021-08-26T04:00:00Z,20.78,20.78,20.49,20.54,551271,4211,20.5519
2021-08-27T04:00:00Z,20.65,20.91,20.54,20.89,527708,3638,20.7809
2021-08-30T04:00:00Z,21.08,21.2,21.08,21.15,465933,3534,21.1644
2021-08-31T04:00:00Z,21.37,21.37,21.22,21.26,1308356,5310,21.2714
2021-09-01T04:00:00Z,21.26,21.36,21.18,21.33,457431,2988,21.2911
2021-09-02T04:00:00Z,21.26,21.26,21.17,21.22,479264,2662,21.1996
2021-09-03T04:00:00Z,21.48,21.6,21.45,21.56,410700,2555,21.5377
2021-09-07T04:00:00Z,21.55,21.65,21.55,21.58,451921,3347,21.5864
2021-09-08T04:00:00Z,21.22,21.27,21.105,21.19,413693,2555,21.1797
2021-09-09T04:00:00Z,21.51,21.56,21.34,21.37,410188,2323,21.4108
2021-09-10T04:00:00Z,21.54,21.54,21.37,21.37,253972,1925,21.4327
2021-09-13T04:00:00Z,21.41,21.49,21.39,21.47,203304,1690,21.4405
2021-09-14T04:00:00Z,21.67,21.685,21.58,21.62,345441,2454,21.6376
2021-09-15T04:00:00Z,21.58,21.65,21.45,21.62,360557,2620,21.547
2021-09-16T04:00:00Z,21.39,21.46,21.31,21.46,387903,2714,21.3749
2021-09-17T04:00:00Z,21.4,21.445,21.26,21.26,439865,3961,21.3118
2021-09-20T04:00:00Z,21.07,21.12,20.885,21.01,543353,3799,21.0211
2021-09-21T04:00:00Z,21.09,21.09,20.96,20.96,280231,2575,21.0148
2021-09-22T04:00:00Z,21.29,21.5,21.29,21.37,474064,4107,21.3885
2021-09-23T04:00:00Z,21.39,21.47,21.32,21.33,568714,3988,21.3551
2021-09-24T04:00:00Z,21.27,21.33,21.21,21.28,312580,3144,21.2801
2021-09-27T04:00:00Z,21.17,21.25,21.08,21.16,629941,4036,21.163
2021-09-28T04:00:00Z,21.08,21.08,20.915,20.97,544324,5716,20.9728
2021-09-29T04:00:00Z,21.26,21.3,21.1,21.17,514575,3736,21.1695
2021-09-30T04:00:00Z,21.83,21.955,21.68,21.69,1013919,5769,21.7517
2021-10-01T04:00:00Z,21.83,21.94,21.715,21.87,553744,4722,21.8589
2021-10-04T04:00:00Z,22.35,22.41,22.2,22.35,627055,5178,22.3291
2021-10-05T04:00:00Z,22.34,22.69,22.34,22.56,995315,7586,22.5942
2021-10-06T04:00:00Z,22.91,23.08,22.88,23.01,658083,4581,22.9998
2021-10-07T04:00:00Z,23,23.21,22.94,23.19,990088,5008,23.1136
2021-10-08T04:00:00Z,23.45,23.49,23.34,23.37,1015196,7579,23.4181
2021-10-11T04:00:00Z,23.49,23.66,23.39,23.52,2551606,8042,23.6119
2021-10-12T04:00:00Z,23.69,23.8,23.64,23.68,727864,5179,23.7069
2021-10-13T04:00:00Z,24,24.23,24,24.16,756838,4375,24.1257
2021-10-14T04:00:00Z,24.59,24.64,24.535,24.59,598110,4001,24.5832
2021-10-15T04:00:00Z,24.6,24.795,24.6,24.69,528589,3385,24.731
2021-10-18T04:00:00Z,24.65,24.68,24.58,24.6,833208,3576,24.6371
2021-10-19T04:00:00Z,24.55,24.755,24.5,24.72,2544078,8621,24.6684
2021-10-20T04:00:00Z,24.67,24.74,24.61,24.69,549552,4411,24.6789
2021-10-21T04:00:00Z,24.37,24.51,24.3407,24.44,605158,3895,24.413
2021-10-22T04:00:00Z,24.4,24.53,24.335,24.38,622323,5579,24.4317
2021-10-25T04:00:00Z,24.23,24.31,24.19,24.24,1843904,4550,24.2417
2021-10-26T04:00:00Z,24.35,24.435,24.3,24.31,604844,3637,24.367
2021-10-27T04:00:00Z,24.04,24.05,23.86,23.92,1265775,5618,23.9481
2021-10-28T04:00:00Z,23.68,23.9,23.63,23.87,769653,3907,23.7867
2021-10-29T04:00:00Z,23.91,23.97,23.79,23.93,582701,3418,23.8855
2021-11-01T04:00:00Z,23.6,23.69,23.58,23.63,835373,4421,23.63
2021-11-02T04:00:00Z,23.37,23.38,23.25,23.31,1457587,8772,23.2966
2021-11-03T04:00:00Z,23.48,23.718,23.27,23.47,566678,3584,23.3996
2021-11-04T04:00:00Z,23.45,23.52,23.29,23.35,1028108,4322,23.3533
2021-11-05T04:00:00Z,23.5,23.6,23.5,23.55,696480,3780,23.55
2021-11-08T05:00:00Z,23.79,23.83,23.73,23.77,423312,2801,23.7743
2021-11-09T05:00:00Z,23.87,23.89,23.75,23.83,747187,4471,23.8071
2021-11-10T05:00:00Z,23.97,24.06,23.75,23.78,844767,5224,23.9268
2021-11-11T05:00:00Z,24,24.09,23.96,24.01,560672,3644,24.0382
2021-11-12T05:00:00Z,24,24.02,23.88,23.94,400838,2406,23.9521
2021-11-15T05:00:00Z,23.81,23.81,23.555,23.63,558006,4767,23.6372
2021-11-16T05:00:00Z,23.65,23.67,23.54,23.58,1476571,4146,23.5763
2021-11-17T05:00:00Z,23.69,23.7,23.55,23.66,715702,3020,23.6271
2021-11-18T05:00:00Z,23.5,23.52,23.34,23.52,547990,2811,23.4245
2021-11-19T05:00:00Z,23.83,23.848,23.67,23.69,557830,3252,23.771
2021-11-22T05:00:00Z,23.86,23.89,23.75,23.76,399657,2713,23.8211
2021-11-23T05:00:00Z,23.7,23.78,23.67,23.74,544393,3424,23.7354
2021-11-24T05:00:00Z,23.7,23.73,23.59,23.67,501449,3406,23.6485
2021-11-26T05:00:00Z,23.15,23.15,22.79,22.96,875533,4886,22.9332
2021-11-29T05:00:00Z,23.42,23.44,23.235,23.32,1080855,5020,23.2921
2021-11-30T05:00:00Z,23.19,23.355,23.035,23.32,1483482,7854,23.2424
2021-12-01T05:00:00Z,23.11,23.325,23.04,23.04,1037159,5255,23.1734
2021-12-02T05:00:00Z,23.31,23.569,23.31,23.37,905066,5676,23.4779
2021-12-03T05:00:00Z,23.28,23.28,22.95,23.08,884842,6331,23.04
2021-12-06T05:00:00Z,23.13,23.35,23.12,23.34,575565,3487,23.2706
2021-12-07T05:00:00Z,23.58,23.805,23.58,23.76,432911,3083,23.7357
2021-12-08T05:00:00Z,23.61,23.69,23.57,23.64,565388,3653,23.6335
2021-12-09T05:00:00Z,23.58,23.58,23.47,23.54,320130,2552,23.533
2021-12-10T05:00:00Z,23.52,23.58,23.48,23.49,422845,2465,23.5201
2021-12-13T05:00:00Z,23.27,23.27,23.06,23.09,594039,2778,23.1244
2021-12-14T05:00:00Z,23.03,23.13,22.92,23.01,628577,3746,22.9896
2021-12-15T05:00:00Z,23.02,23.13,22.915,23.1,540334,3577,23.029
2021-12-16T05:00:00Z,22.99,23.02,22.86,22.97,656106,3479,22.9454
2021-12-17T05:00:00Z,22.93,23.05,22.79,22.79,719604,3569,22.9261
2021-12-20T05:00:00Z,22.75,22.79,22.655,22.71,566903,4615,22.7085
2021-12-21T05:00:00Z,23,23.11,22.97,23.09,681200,3261,23.0535
2021-12-22T05:00:00Z,22.98,23.07,22.9,23.05,792917,4317,22.9852
2021-12-23T05:00:00Z,23.11,23.11,22.94,22.97,555630,3348,22.9922
2021-12-27T05:00:00Z,23.1,23.2061,23.0432,23.2,483014,2544,23.1632
2021-12-28T05:00:00Z,23.23,23.25,23.19,23.22,406245,2996,23.2248
2021-12-29T05:00:00Z,23.14,23.175,23.075,23.15,312132,2370,23.1353
2021-12-30T05:00:00Z,23.17,23.17,23.01,23.01,339683,2040,23.0501
2021-12-31T05:00:00Z,23.05,23.175,22.97,22.97,188941,1201,23.0693
2022-01-03T05:00:00Z,23.21,23.27,23.1,23.2,516607,3279,23.1757
2022-01-04T05:00:00Z,23.26,23.33,23.2,23.24,495685,3553,23.2573
2022-01-05T05:00:00Z,23.07,23.105,22.84,22.87,794274,4500,22.9635
2022-01-06T05:00:00Z,22.98,23.125,22.94,23.05,370934,2341,23.0504
2022-01-07T05:00:00Z,23.34,23.385,23.225,23.35,411979,3328,23.3246
2022-01-10T05:00:00Z,23.29,23.32,23.21,23.29,476444,2954,23.2723
2022-01-11T05:00:00Z,23.25,23.48,23.22,23.45,567056,3330,23.3536
2022-01-12T05:00:00Z,23.43,23.545,23.4,23.52,385764,2638,23.4796
2022-01-13T05:00:00Z,23.59,23.64,23.45,23.45,452375,3301,23.5619
2022-01-14T05:00:00Z,23.61,23.695,23.52,23.66,546308,4257,23.6362
2022-01-18T05:00:00Z,23.22,23.27,23.03,23.03,593618,3997,23.1365
2022-01-19T05:00:00Z,23.07,23.19,23.06,23.08,370177,2352,23.1083
2022-01-20T05:00:00Z,23.32,23.44,23.2038,23.24,460787,3007,23.3025
2022-01-21T05:00:00Z,23.58,23.665,23.48,23.48,843052,3786,23.5754
2022-01-24T05:00:00Z,23.24,23.24,22.8501,23.23,637121,4071,23.0731
2022-01-25T05:00:00Z,23.1,23.175,22.87,23.14,676075,3819,23.0315
2022-01-26T05:00:00Z,23.26,23.4399,22.85,22.87,942953,3565,23.0383
2022-01-27T05:00:00Z,23.18,23.295,23.08,23.08,584381,3513,23.1909
2022-01-28T05:00:00Z,23.21,23.21,22.99,23.2,429066,2785,23.083
2022-01-31T05:00:00Z,23,23.21,22.97,23.18,456635,2252,23.0909
2022-02-01T05:00:00Z,23.28,23.28,23.085,23.19,435490,2566,23.1612
2022-02-02T05:00:00Z,23.23,23.23,23.105,23.15,571346,3858,23.1504
2022-02-03T05:00:00Z,23.05,23.175,22.985,23.15,425328,2759,23.0962
2022-02-04T05:00:00Z,23.09,23.24,23.035,23.17,618610,2856,23.1442
2022-02-07T05:00:00Z,23.48,23.715,23.47,23.67,963785,4606,23.6287
2022-02-08T05:00:00Z,23.6,23.79,23.54,23.73,947246,4261,23.7154
2022-02-09T05:00:00Z,23.92,23.93,23.85,23.93,604366,3425,23.8862
2022-02-10T05:00:00Z,23.72,23.97,23.6701,23.83,916374,4446,23.8746
2022-02-11T05:00:00Z,23.9,23.99,23.71,23.76,557819,3217,23.8817
2022-02-14T05:00:00Z,23.66,23.8,23.575,23.75,1127095,6973,23.6985
2022-02-15T05:00:00Z,24.07,24.32,24.07,24.29,1350286,6361,24.2411
2022-02-16T05:00:00Z,24.22,24.355,24.09,24.29,775028,5521,24.2615
2022-02-17T05:00:00Z,24.01,24.048,23.835,23.87,624570,3861,23.9235
2022-02-18T05:00:00Z,23.98,24.145,23.955,24,305128,2205,24.0543
2022-02-22T05:00:00Z,23.94,24.055,23.9,23.98,1323621,7969,23.9897
2022-02-23T05:00:00Z,24.22,24.25,24.08,24.11,701288,3777,24.1381
2022-02-24T05:00:00Z,23.46,24,23.36,24,1312386,7541,23.6984
2022-02-25T05:00:00Z,24.19,24.57,24.19,24.54,1354752,10332,24.3908
2022-02-28T05:00:00Z,24.18,24.405,24.091,24.33,991831,5581,24.2685
2022-03-01T05:00:00Z,24.13,24.42,24.13,24.38,3122356,9315,24.3274
2022-03-02T05:00:00Z,24.25,24.25,23.92,24.06,1004428,5220,24.055
2022-03-03T05:00:00Z,23.99,24.05,23.87,23.94,1079983,4636,23.9508
2022-03-04T05:00:00Z,24.03,24.19,23.985,24.07,1087981,12513,24.0943
2022-03-07T05:00:00Z,24,24.09,23.7299,23.77,945562,4452,23.909
2022-03-08T05:00:00Z,23.97,24.115,23.875,23.95,1190244,6353,23.984
2022-03-09T05:00:00Z,24.5,24.775,24.43,24.72,922329,5817,24.6504
2022-03-10T05:00:00Z,24.45,24.475,24.35,24.44,874280,5788,24.4163
2022-03-11T05:00:00Z,24.55,24.67,24.345,24.36,701251,3486,24.4624
2022-03-14T04:00:00Z,24.62,24.835,24.59,24.66,1215798,10461,24.6934
2022-03-15T04:00:00Z,24.64,24.72,24.53,24.7,1160526,6418,24.6367
2022-03-16T04:00:00Z,24.89,25.31,24.865,25.28,1340817,6768,25.0653
2022-03-17T04:00:00Z,24.58,24.64,24.365,24.58,984306,5639,24.508
2022-03-18T04:00:00Z,24.35,24.49,24.235,24.44,959535,5416,24.387
2022-03-21T04:00:00Z,24.51,24.53,24.38,24.45,738477,4828,24.4519
2022-03-22T04:00:00Z,24.55,24.655,24.55,24.56,1028176,5098,24.6042
2022-03-23T04:00:00Z,24.52,24.52,24.375,24.48,1175531,6133,24.4692
2022-03-24T04:00:00Z,24.83,24.945,24.78,24.92,968393,4734,24.8841
2022-03-25T04:00:00Z,24.73,24.79,24.6526,24.79,429501,2125,24.7269
2022-03-28T04:00:00Z,24.94,24.97,24.83,24.92,589172,2806,24.8963
2022-03-29T04:00:00Z,24.93,24.93,24.78,24.87,667740,3312,24.8396
2022-03-30T04:00:00Z,24.8,24.92,24.79,24.81,635403,3309,24.8579
2022-03-31T04:00:00Z,24.75,24.865,24.715,24.75,1457117,4843,24.7912
2022-04-01T04:00:00Z,24.92,24.92,24.71,24.8,661889,2949,24.7805
2022-04-04T04:00:00Z,24.97,25.04,24.92,25.04,550110,2844,25.0027
2022-04-05T04:00:00Z,25.01,25.01,24.78,24.84,867887,5045,24.8651
2022-04-06T04:00:00Z,24.66,24.73,24.4,24.46,884364,5032,24.4891
2022-04-07T04:00:00Z,24.6,24.675,24.53,24.6,651580,3922,24.5923
2022-04-08T04:00:00Z,24.83,24.855,24.765,24.79,1145399,4081,24.8253
2022-04-11T04:00:00Z,24.59,24.59,24.44,24.44,989313,3851,24.4734
2022-04-12T04:00:00Z,24.57,24.72,24.51,24.55,735162,3578,24.6095
2022-04-13T04:00:00Z,24.79,24.92,24.76,24.88,870416,3170,24.8595
2022-04-14T04:00:00Z,24.58,24.58,24.37,24.4,904354,5546,24.4172
2022-04-18T04:00:00Z,24.64,24.78,24.64,24.74,956372,4086,24.7127
2022-04-19T04:00:00Z,24.6,24.6,24.415,24.5,1030111,4594,24.4666
2022-04-20T04:00:00Z,24.94,24.95,24.83,24.88,957338,5311,24.8747
2022-04-21T04:00:00Z,25.22,25.22,24.972,25.03,1176402,4973,25.0512
2022-04-22T04:00:00Z,24.9,24.99,24.62,24.64,868459,4145,24.7189
2022-04-25T04:00:00Z,24.99,25.1,24.94,25.07,1121565,5748,25.0064
2022-04-26T04:00:00Z,25.27,25.325,25.1,25.11,933636,5009,25.1766
2022-04-27T04:00:00Z,25.13,25.28,25.085,25.23,1337393,5644,25.1909
2022-04-28T04:00:00Z,25.34,25.38,25.12,25.28,768606,4515,25.2365
2022-04-29T04:00:00Z,25.22,25.405,25.1848,25.22,1039384,4736,25.2739
2022-05-02T04:00:00Z,25.23,25.34,24.9931,25.14,996807,4815,25.1002
2022-05-03T04:00:00Z,25.28,25.34,25.15,25.26,862890,7341,25.2406
2022-05-04T04:00:00Z,25.37,25.62,25.115,25.57,994100,4566,25.3373
2022-05-05T04:00:00Z,25.46,25.52,25.025,25.2,699148,3465,25.2104
2022-05-06T04:00:00Z,25.08,25.2,24.96,25.04,983049,4843,25.0833
2022-05-09T04:00:00Z,23.95,23.97,23.66,23.71,1217556,7356,23.8365
2022-05-10T04:00:00Z,23.9,24,23.615,23.76,1332763,5905,23.7677
2022-05-11T04:00:00Z,23.99,24.13,23.73,23.76,2281038,8294,23.8779
2022-05-12T04:00:00Z,23.22,23.31,22.8,22.95,2624657,10785,22.9556
2022-05-13T04:00:00Z,23.12,23.31,23.12,23.28,1284780,8751,23.2282
2022-05-16T04:00:00Z,23.24,23.285,23.11,23.26,735472,3340,23.2183
2022-05-17T04:00:00Z,23.54,23.5999,23.45,23.58,763451,3632,23.5143
2022-05-18T04:00:00Z,23.63,23.63,23.21,23.26,1089864,5077,23.381
2022-05-19T04:00:00Z,23.48,23.75,23.48,23.66,621585,4430,23.64
2022-05-20T04:00:00Z,23.69,23.7,23.33,23.54,1099479,5614,23.4759
2022-05-23T04:00:00Z,23.39,23.58,23.355,23.51,633383,3654,23.4801
2022-05-24T04:00:00Z,23.76,23.925,23.67,23.91,464477,2190,23.7886
2022-05-25T04:00:00Z,23.55,23.73,23.55,23.68,982823,3071,23.6396
2022-05-26T04:00:00Z,23.72,24.01,23.69,23.95,399176,4695,23.9051
2022-05-27T04:00:00Z,24.36,24.58,24.35,24.57,605346,3719,24.4994
2022-05-31T04:00:00Z,24.79,25.06,24.79,24.98,1963547,11924,24.9791
2022-06-01T04:00:00Z,25.04,25.09,24.82,24.86,1837750,9252,24.9245
2022-06-02T04:00:00Z,24.68,24.88,24.62,24.88,2017034,6107,24.7847
2022-06-03T04:00:00Z,24.75,24.855,24.73,24.76,796591,4528,24.772
2022-06-06T04:00:00Z,24.75,24.78,24.49,24.51,2167963,5172,24.6174
2022-06-07T04:00:00Z,24.47,24.6,24.46,24.57,753603,4325,24.5505
2022-06-08T04:00:00Z,24.58,24.645,24.54,24.57,405582,2434,24.5891
2022-06-09T04:00:00Z,23.95,23.985,23.78,23.78,920655,5225,23.8881
2022-06-10T04:00:00Z,23.44,23.45,23.225,23.26,476115,2014,23.3132
2022-06-13T04:00:00Z,22.87,22.96,22.59,22.66,1349016,5013,22.7132
2022-06-14T04:00:00Z,23,23.04,22.725,22.85,2712422,5324,22.8548
2022-06-15T04:00:00Z,22.75,22.99,22.615,22.92,772807,4072,22.7911
2022-06-16T04:00:00Z,22.91,22.95,22.72,22.9,899902,4817,22.8564
2022-06-17T04:00:00Z,22.71,22.78,22.57,22.62,845352,5078,22.6501
2022-06-21T04:00:00Z,23.07,23.12,23.055,23.07,559447,3390,23.0897
2022-06-22T04:00:00Z,22.93,22.985,22.79,22.9,637698,3006,22.903
2022-06-23T04:00:00Z,23.03,23.12,22.9,23.07,433629,2912,23.0175
2022-06-24T04:00:00Z,23.07,23.26,23.07,23.25,382799,1774,23.2039
2022-06-27T04:00:00Z,22.95,22.99,22.82,22.89,1051672,4274,22.8967
2022-06-28T04:00:00Z,22.88,22.925,22.7,22.72,388472,2381,22.8114
2022-06-29T04:00:00Z,22.57,22.59,22.39,22.41,950275,3489,22.4594
2022-06-30T04:00:00Z,22.19,22.385,22.1,22.38,687520,2882,22.2841
2022-07-01T04:00:00Z,22.29,22.295,21.92,22.09,855149,3501,22.0235
2022-07-05T04:00:00Z,21.73,21.73,21.49,21.64,1824951,5058,21.5844
2022-07-06T04:00:00Z,21.65,21.65,21.5,21.6,719957,3712,21.5628
2022-07-07T04:00:00Z,21.59,21.79,21.58,21.7,651245,3099,21.7119
2022-07-08T04:00:00Z,21.88,21.895,21.75,21.82,437809,2195,21.8168
2022-07-11T04:00:00Z,21.69,21.73,21.57,21.67,500653,2622,21.6434
2022-07-12T04:00:00Z,21.8,21.86,21.72,21.75,786561,3906,21.787
2022-07-13T04:00:00Z,21.49,21.5,21.27,21.46,467153,2470,21.4258
2022-07-14T04:00:00Z,21.35,21.51,21.22,21.48,443935,2536,21.342
2022-07-15T04:00:00Z,21.63,21.66,21.49,21.62,415241,2708,21.6112
2022-07-18T04:00:00Z,21.84,21.845,21.605,21.64,361922,2189,21.7291
2022-07-19T04:00:00Z,22.06,22.145,22.06,22.12,521742,2060,22.121
2022-07-20T04:00:00Z,22.5,22.545,22.415,22.46,546155,2427,22.4667
2022-07-21T04:00:00Z,22.44,22.52,22.225,22.48,447425,2002,22.3593
2022-07-22T04:00:00Z,22.48,22.52,22.4,22.5,344989,2126,22.4796
2022-07-25T04:00:00Z,22.67,22.67,22.49,22.6,443080,2619,22.5506
2022-07-26T04:00:00Z,22.57,22.57,22.47,22.49,191446,1606,22.5137
2022-07-27T04:00:00Z,22.67,22.86,22.59,22.82,392434,1822,22.727
2022-07-28T04:00:00Z,22.96,23.11,22.87,23.11,410375,2430,23.0011
2022-07-29T04:00:00Z,23,23.11,22.89,23.11,415433,2733,22.9943
2022-08-01T04:00:00Z,23.1,23.27,23.04,23.23,295231,2018,23.1823
2022-08-02T04:00:00Z,23.17,23.335,23.115,23.14,565637,2667,23.238
2022-08-03T04:00:00Z,23.4,23.41,23.27,23.38,268170,1523,23.3669
2022-08-04T04:00:00Z,23.38,23.51,23.38,23.47,292964,1436,23.4469
2022-08-05T04:00:00Z,23.38,23.5,23.27,23.46,384138,1377,23.4466
2022-08-08T04:00:00Z,23.69,23.83,23.69,23.71,548634,1726,23.7785
2022-08-09T04:00:00Z,23.81,23.82,23.763,23.8,495483,3233,23.7975
2022-08-10T04:00:00Z,23.91,24.035,23.875,24,318064,1606,23.9662
2022-08-11T04:00:00Z,24.23,24.36,24.08,24.1,407728,3309,24.2495
2022-08-12T04:00:00Z,24.11,24.27,24.09,24.24,255728,1932,24.2112
2022-08-15T04:00:00Z,23.9,23.985,23.89,23.93,283621,1847,23.9443
2022-08-16T04:00:00Z,23.85,24,23.85,23.98,375926,1670,23.9169
2022-08-17T04:00:00Z,23.83,23.91,23.77,23.84,252663,1915,23.85
2022-08-18T04:00:00Z,23.89,23.9,23.805,23.86,257329,1884,23.8587
2022-08-19T04:00:00Z,23.72,23.75,23.58,23.61,377633,2483,23.6358
2022-08-22T04:00:00Z,23.53,23.53,23.29,23.35,857851,5017,23.3433
2022-08-23T04:00:00Z,23.62,23.88,23.62,23.76,399465,1995,23.7764
2022-08-24T04:00:00Z,23.8,23.97,23.8,23.92,214851,1394,23.9213
2022-08-25T04:00:00Z,23.83,23.96,23.775,23.93,223513,1624,23.9006
2022-08-26T04:00:00Z,23.89,23.9,23.535,23.56,511349,2575,23.6471
2022-08-29T04:00:00Z,23.61,23.68,23.54,23.61,374249,2272,23.614
2022-08-30T04:00:00Z,23.77,23.8,23.59,23.72,675920,2591,23.6889
2022-08-31T04:00:00Z,23.88,23.898,23.75,23.76,362317,2080,23.815
2022-09-01T04:00:00Z,23.83,23.975,23.79,23.97,486464,2900,23.8885
2022-09-02T04:00:00Z,24.11,24.21,24,24.04,605165,4453,24.1107
2022-09-06T04:00:00Z,24.23,24.32,24.11,24.13,326347,2099,24.1714
2022-09-07T04:00:00Z,24,24.09,23.96,24.05,680387,3108,24.0503
2022-09-08T04:00:00Z,24.24,24.255,24.1,24.22,235039,1589,24.1853
2022-09-09T04:00:00Z,24.39,24.45,24.33,24.37,478983,2669,24.3995
2022-09-12T04:00:00Z,24.46,24.605,24.42,24.59,618686,2917,24.5657
2022-09-13T04:00:00Z,24.4,24.55,24.31,24.33,431959,2990,24.4374
2022-09-14T04:00:00Z,24.6,24.67,24.55,24.67,809835,5366,24.6252
2022-09-15T04:00:00Z,24.8,24.878,24.725,24.75,1064007,2927,24.7956
2022-09-16T04:00:00Z,24.3,24.37,24.22,24.27,1122503,4354,24.2854
2022-09-19T04:00:00Z,24.47,24.61,24.47,24.61,351944,2434,24.5272
2022-09-20T04:00:00Z,24.3,24.335,24.225,24.29,498519,2483,24.2988
2022-09-21T04:00:00Z,24.32,24.46,24.06,24.22,705838,3492,24.2412
2022-09-22T04:00:00Z,24.42,24.49,24.27,24.34,306349,2100,24.3697
2022-09-23T04:00:00Z,24.1,24.12,23.85,23.94,541935,2270,24.0307
2022-09-26T04:00:00Z,23.9,23.96,23.68,23.77,583465,2896,23.8019
2022-09-27T04:00:00Z,23.81,23.92,23.53,23.59,360668,2228,23.6899
2022-09-28T04:00:00Z,23.57,23.915,23.55,23.87,523621,3010,23.7754
2022-09-29T04:00:00Z,23.56,23.605,23.35,23.45,1032211,2930,23.4338
2022-09-30T04:00:00Z,23.45,23.52,23.29,23.32,759867,3613,23.3856
2022-10-03T04:00:00Z,23.44,23.605,23.34,23.56,757253,3656,23.5331
2022-10-04T04:00:00Z,23.77,24.095,23.72,24.05,584451,2385,23.9516
2022-10-05T04:00:00Z,23.62,23.74,23.51,23.67,383714,4522,23.6433
2022-10-06T04:00:00Z,23.61,23.67,23.54,23.57,322739,2338,23.6089
2022-10-07T04:00:00Z,23.35,23.35,23.125,23.14,176139,1197,23.2123
2022-10-10T04:00:00Z,23.24,23.28,23.15,23.16,434507,3250,23.2076
2022-10-11T04:00:00Z,23.1,23.18,22.95,23.01,590719,3323,23.0416
2022-10-12T04:00:00Z,22.98,23.2,22.92,23.16,1432452,3674,23.1302
2022-10-13T04:00:00Z,22.76,23.13,22.69,23.08,494166,3492,22.9274
2022-10-14T04:00:00Z,22.98,22.98,22.545,22.56,453523,3011,22.6244
2022-10-17T04:00:00Z,22.78,22.91,22.76,22.83,360732,3032,22.833
2022-10-18T04:00:00Z,22.78,22.8,22.56,22.64,511577,2725,22.685
2022-10-19T04:00:00Z,22.73,22.78,22.63,22.7,505414,2885,22.7047
2022-10-20T04:00:00Z,23.26,23.55,23.245,23.26,357886,2476,23.3541
2022-10-21T04:00:00Z,23.39,23.65,23.28,23.64,447473,2730,23.4793
2022-10-24T04:00:00Z,23.62,23.7,23.45,23.7,698012,2562,23.6165
2022-10-25T04:00:00Z,23.52,23.71,23.5,23.69,502024,2388,23.6203
2022-10-26T04:00:00Z,23.5,23.79,23.48,23.65,601915,3622,23.6421
2022-10-27T04:00:00Z,23.7,23.79,23.61,23.61,291849,1694,23.6951
2022-10-28T04:00:00Z,23.67,23.82,23.66,23.74,417450,2371,23.751
2022-10-31T04:00:00Z,23.68,23.82,23.63,23.75,404710,2933,23.7565
2022-11-01T04:00:00Z,23.65,23.67,23.53,23.61,863197,3717,23.5951
2022-11-02T04:00:00Z,23.36,23.6,23.16,23.16,614833,3135,23.3331
2022-11-03T04:00:00Z,23.12,23.215,23.03,23.15,729921,3374,23.144
2022-11-04T04:00:00Z,23.54,23.74,23.38,23.7,1734825,7804,23.6017
2022-11-07T05:00:00Z,23.67,23.79,23.655,23.72,519242,2940,23.7262
2022-11-08T05:00:00Z,23.45,23.63,23.395,23.56,599527,3389,23.5368
2022-11-09T05:00:00Z,23.3,23.49,23.28,23.31,461508,2511,23.3503
2022-11-10T05:00:00Z,23.59,23.8,23.49,23.77,904655,4845,23.7143
2022-11-11T05:00:00Z,23.8,23.83,23.66,23.75,1024799,7589,23.7266
2022-11-14T05:00:00Z,23.39,23.46,23.29,23.37,710045,3305,23.3853
2022-11-15T05:00:00Z,23.52,23.6,23.27,23.36,714443,5259,23.416
2022-11-16T05:00:00Z,22.97,23.13,22.74,22.76,1831989,5089,22.8233
2022-11-17T05:00:00Z,22.76,22.92,22.7,22.92,1260858,7999,22.8534
2022-11-18T05:00:00Z,23.16,23.19,23.09,23.19,351452,2543,23.1413
2022-11-21T05:00:00Z,23.04,23.04,22.89,22.95,385183,2731,22.9519
2022-11-22T05:00:00Z,23.07,23.28,23.07,23.22,607352,3374,23.2145
2022-11-23T05:00:00Z,23.18,23.285,23.09,23.24,307360,2421,23.1933
2022-11-25T05:00:00Z,23.2,23.2,23.09,23.13,335597,2325,23.1252
2022-11-28T05:00:00Z,23.23,23.37,23.2,23.28,465403,2643,23.3036
2022-11-29T05:00:00Z,23.3,23.33,23.248,23.31,434300,2224,23.2883
2022-11-30T05:00:00Z,23.73,23.79,23.565,23.77,1508196,4996,23.6964
2022-12-01T05:00:00Z,24,24.11,23.9,23.98,619519,4270,24.0024
2022-12-02T05:00:00Z,23.76,24.05,23.76,23.98,706901,5544,23.893
2022-12-05T05:00:00Z,23.66,23.68,23.4,23.45,1020488,6461,23.5085
2022-12-06T05:00:00Z,23.28,23.28,22.8105,22.87,422420,3357,22.8981
2022-12-07T05:00:00Z,22.72,22.758,22.64,22.67,476300,3646,22.7018
2022-12-08T05:00:00Z,22.79,22.895,22.74,22.85,299586,2372,22.8518
2022-12-09T05:00:00Z,22.59,22.62,22.48,22.48,690406,4300,22.566
2022-12-12T05:00:00Z,22.69,22.78,22.65,22.76,624183,3502,22.7157
2022-12-13T05:00:00Z,22.95,23.17,22.85,22.96,872590,3253,22.98
2022-12-14T05:00:00Z,22.87,22.91,22.67,22.82,419142,3465,22.8301
2022-12-15T05:00:00Z,22.62,22.898,22.38,22.41,913299,3220,22.4767
2022-12-16T05:00:00Z,22.72,22.875,22.68,22.77,442066,2806,22.8032
2022-12-19T05:00:00Z,22.84,22.87,22.75,22.75,341502,2606,22.8212
2022-12-20T05:00:00Z,22.59,22.715,22.58,22.6,249904,1880,22.6427
2022-12-21T05:00:00Z,22.6,22.72,22.58,22.72,247935,1880,22.685
2022-12-22T05:00:00Z,22.56,22.58,22.36,22.45,312526,2001,22.4554
2022-12-23T05:00:00Z,22.4,22.445,22.355,22.42,160265,1127,22.4091
2022-12-27T05:00:00Z,22.44,22.61,22.43,22.54,301611,1970,22.5251
2022-12-28T05:00:00Z,22.21,22.31,22.02,22.02,327284,1679,22.0973
2022-12-29T05:00:00Z,22.39,22.52,22.37,22.42,411137,2202,22.4669
2022-12-30T05:00:00Z,22.53,22.65,22.36,22.39,299963,1671,22.4487
2023-01-03T05:00:00Z,22.475,22.6,22.39,22.42,502491,1820,22.4237
2023-01-04T05:00:00Z,22.31,22.42,22.22,22.33,659505,4377,22.3424
2023-01-05T05:00:00Z,21.68,21.68,21.53,21.6,309465,2874,21.6013
2023-01-06T05:00:00Z,21.76,21.98,21.71,21.98,432595,2992,21.9101
2023-01-09T05:00:00Z,22.02,22.05,21.88,21.9,568799,4342,21.9732
2023-01-10T05:00:00Z,21.71,21.78,21.61,21.72,420953,2663,21.6947
2023-01-11T05:00:00Z,21.67,21.74,21.65,21.72,720711,2331,21.6808
2023-01-12T05:00:00Z,22.24,22.33,22.1435,22.3,565414,3123,22.2469
2023-01-13T05:00:00Z,22.26,22.32,22.15,22.32,558552,3590,22.2352
2023-01-17T05:00:00Z,22.66,22.67,22.57,22.64,1345719,5751,22.6113
2023-01-18T05:00:00Z,22.93,22.95,22.625,22.63,964318,5554,22.7294
2023-01-19T05:00:00Z,22.83,22.84,22.71,22.8,581839,2871,22.7766
2023-01-20T05:00:00Z,22.99,23.16,22.93,23.13,325232,2410,23.0807
2023-01-23T05:00:00Z,23.16,23.29,23.16,23.26,260424,1994,23.2465
2023-01-24T05:00:00Z,23.01,23.175,23,23.1,1030461,6935,23.1163
2023-01-25T05:00:00Z,22.99,23.05,22.89,23.05,718176,4059,22.983
2023-01-26T05:00:00Z,23.28,23.37,23.21,23.34,1697680,7587,23.2577
2023-01-27T05:00:00Z,23.42,23.59,23.42,23.55,1006695,4203,23.5463
2023-01-30T05:00:00Z,23.36,23.42,23.29,23.31,455923,3020,23.3467
2023-01-31T05:00:00Z,23.16,23.25,23.1,23.23,363148,3358,23.1841
2023-02-01T05:00:00Z,23.35,23.63,23.31,23.6,498060,3708,23.4574
2023-02-02T05:00:00Z,23.67,23.67,23.47,23.54,682066,5842,23.5672
2023-02-03T05:00:00Z,23.56,23.58,23.42,23.43,930099,4284,23.4735
2023-02-06T05:00:00Z,23.12,23.18,23.035,23.16,554000,3254,23.1184
2023-02-07T05:00:00Z,23.42,23.49,23.26,23.48,768659,4529,23.3767
2023-02-08T05:00:00Z,23.49,23.515,23.39,23.5,724357,3341,23.463
2023-02-09T05:00:00Z,23.54,23.54,23.395,23.44,525423,3943,23.4656
2023-02-10T05:00:00Z,23.42,23.45,23.34,23.4,361419,2754,23.3991
2023-02-13T05:00:00Z,23.35,23.4475,23.31,23.39,571955,3721,23.3791
2023-02-14T05:00:00Z,23.46,23.665,23.46,23.51,661262,3088,23.5268
2023-02-15T05:00:00Z,23.3,23.415,23.28,23.4,445272,2970,23.3454
2023-02-16T05:00:00Z,23.22,23.32,23.1925,23.29,457930,3141,23.265
2023-02-17T05:00:00Z,23.23,23.235,23.11,23.18,350528,2353,23.1752
2023-02-21T05:00:00Z,23.16,23.19,23.04,23.07,641993,3869,23.0826
2023-02-22T05:00:00Z,23,23.01,22.87,22.9,336518,2904,22.9273
2023-02-23T05:00:00Z,23.01,23.07,22.885,23,499729,4117,22.9641
2023-02-24T05:00:00Z,22.92,22.92,22.81,22.88,691982,4497,22.8444
2023-02-27T05:00:00Z,22.97,23.07,22.92,23.05,531741,2848,23.025
2023-02-28T05:00:00Z,22.97,22.97,22.87,22.91,277764,1979,22.9405
2023-03-01T05:00:00Z,22.83,22.91,22.76,22.8,407132,3158,22.8005
2023-03-02T05:00:00Z,22.68,22.83,22.68,22.82,329828,2838,22.7818
2023-03-03T05:00:00Z,22.6,22.65,22.51,22.61,841317,9093,22.5803
2023-03-06T05:00:00Z,22.51,22.62,22.4,22.42,1349070,8677,22.4716
2023-03-07T05:00:00Z,22.33,22.33,22.08,22.11,751769,4533,22.1467
2023-03-08T05:00:00Z,22.29,22.31,22.23,22.23,240184,1598,22.2685
2023-03-09T05:00:00Z,22.29,22.38,22.16,22.2,278025,1966,22.2593
2023-03-10T05:00:00Z,22.16,22.25,22.1,22.11,633302,4081,22.1737
2023-03-13T04:00:00Z,22.15,22.24,22.085,22.14,562418,3709,22.149
2023-03-14T04:00:00Z,22.05,22.05,21.91,21.96,519597,3232,21.9508
2023-03-15T04:00:00Z,21.5,21.605,21.42,21.6,638028,4295,21.5072
2023-03-16T04:00:00Z,21.51,21.79,21.405,21.76,1435765,8337,21.6689
2023-03-17T04:00:00Z,21.98,22.1228,21.965,22,2206663,7655,22.0579
2023-03-20T04:00:00Z,22.02,22.13,22.01,22.05,454028,3652,22.0694
2023-03-21T04:00:00Z,22.33,22.43,22.28,22.37,213405,1384,22.3513
2023-03-22T04:00:00Z,22.42,22.67,22.39,22.45,402304,2259,22.4923
2023-03-23T04:00:00Z,22.69,22.835,22.58,22.58,305230,2373,22.6986
2023-03-24T04:00:00Z,22.73,22.89,22.73,22.89,522237,3122,22.8405
2023-03-27T04:00:00Z,22.82,22.99,22.82,22.96,545651,2524,22.9405
2023-03-28T04:00:00Z,23.11,23.24,23.11,23.2,536276,3233,23.1971
2023-03-29T04:00:00Z,23.5,23.655,23.46,23.63,1070977,4591,23.5798
2023-03-30T04:00:00Z,23.53,23.53,23.44,23.51,478148,4039,23.4857
2023-03-31T04:00:00Z,23.5,23.59,23.48,23.53,186398,1612,23.5414
2023-04-03T04:00:00Z,23.63,23.75,23.55,23.75,313490,2533,23.6251
2023-04-04T04:00:00Z,23.62,23.71,23.59,23.62,279810,2410,23.6241
2023-04-05T04:00:00Z,23.54,23.54,23.4,23.44,289537,2252,23.471
2023-04-06T04:00:00Z,23.44,23.64,23.44,23.62,338491,2499,23.5882
2023-04-10T04:00:00Z,23.41,23.49,23.37,23.49,369738,2725,23.4253
2023-04-11T04:00:00Z,23.63,23.74,23.63,23.7,350481,2941,23.7011
2023-04-12T04:00:00Z,23.92,23.97,23.785,23.8,373739,2683,23.8727
2023-04-13T04:00:00Z,24.06,24.2699,24.06,24.24,504299,3379,24.2182
2023-04-14T04:00:00Z,24.21,24.31,24.08,24.19,204251,1937,24.1765
2023-04-17T04:00:00Z,24.06,24.06,23.74,23.86,429753,3698,23.8094
2023-04-18T04:00:00Z,24,24.005,23.88,23.98,591620,2664,23.9488
2023-04-19T04:00:00Z,23.77,23.83,23.72,23.76,461328,1913,23.7551
2023-04-20T04:00:00Z,23.76,23.91,23.71,23.88,658925,4553,23.8783
2023-04-21T04:00:00Z,23.83,23.85,23.72,23.8,244083,1960,23.7809
2023-04-24T04:00:00Z,23.73,23.83,23.72,23.81,145520,1520,23.7818
2023-04-25T04:00:00Z,23.78,23.78,23.6701,23.72,683756,3575,23.7083
2023-04-26T04:00:00Z,24.35,24.39,24.07,24.26,1998678,5521,24.2643
2023-04-27T04:00:00Z,24.58,24.74,24.515,24.71,457025,2946,24.6196
2023-04-28T04:00:00Z,24.68,24.78,24.66,24.75,434715,3236,24.7404
2023-05-01T04:00:00Z,24.7,24.77,24.675,24.68,314376,2251,24.7216
2023-05-02T04:00:00Z,24.31,24.3936,24.205,24.25,564895,3682,24.2511
2023-05-03T04:00:00Z,24.26,24.28,24.1,24.14,356168,2545,24.2045
2023-05-04T04:00:00Z,24.33,24.33,24.13,24.16,248441,2442,24.1743
2023-05-05T04:00:00Z,24.17,24.29,24.07,24.29,293372,2135,24.1965
2023-05-08T04:00:00Z,24.16,24.16,24.01,24.02,322661,2161,24.0562
2023-05-09T04:00:00Z,24.03,24.105,24.02,24.05,297986,2981,24.0605
2023-05-10T04:00:00Z,24.29,24.31,24.2,24.23,269283,1962,24.2502
2023-05-11T04:00:00Z,23.93,23.93,23.76,23.8,361277,2734,23.8097
2023-05-12T04:00:00Z,23.69,23.69,23.47,23.56,339256,3378,23.5748
2023-05-15T04:00:00Z,23.72,23.79,23.56,23.78,451530,2797,23.7073
2023-05-16T04:00:00Z,23.53,23.57,23.45,23.51,183816,1836,23.5275
2023-05-17T04:00:00Z,23.53,23.54,23.39,23.52,601730,3207,23.4589
2023-05-18T04:00:00Z,23.4,23.47,23.34,23.45,184788,1421,23.3971
2023-05-19T04:00:00Z,23.53,23.6,23.51,23.59,383594,2384,23.5494
2023-05-22T04:00:00Z,23.83,23.96,23.83,23.86,460728,3158,23.8965
2023-05-23T04:00:00Z,23.87,23.93,23.76,23.79,345721,2816,23.8759
2023-05-24T04:00:00Z,23.82,23.83,23.67,23.7,434649,4003,23.7165
2023-05-25T04:00:00Z,23.69,23.79,23.5815,23.66,571859,2873,23.6565
2023-05-26T04:00:00Z,23.73,23.85,23.72,23.79,492060,2769,23.7997
2023-05-30T04:00:00Z,23.75,23.79,23.705,23.77,817339,5446,23.7505
2023-05-31T04:00:00Z,23.56,23.56,23.34,23.38,1681182,8067,23.4113
2023-06-01T04:00:00Z,23.33,23.49,23.295,23.49,390463,2781,23.4042
2023-06-02T04:00:00Z,23.64,23.825,23.63,23.78,501726,3006,23.7562
2023-06-05T04:00:00Z,23.63,23.83,23.63,23.75,464453,3164,23.763
2023-06-06T04:00:00Z,23.76,23.82,23.665,23.78,378812,2304,23.7461
2023-06-07T04:00:00Z,23.25,23.36,23.19,23.22,388591,2002,23.2795
2023-06-08T04:00:00Z,23.31,23.46,23.31,23.45,328172,2303,23.3961
2023-06-09T04:00:00Z,23.43,23.53,23.43,23.46,285982,2273,23.4764
2023-06-12T04:00:00Z,23.5,23.51,23.44,23.51,430709,2102,23.4758
2023-06-13T04:00:00Z,23.55,23.55,23.45,23.48,390126,1964,23.4973
2023-06-14T04:00:00Z,23.34,23.55,23.33,23.46,606151,3827,23.4784
2023-06-15T04:00:00Z,23.44,23.52,23.39,23.45,539969,3012,23.452
2023-06-16T04:00:00Z,23.34,23.34,23.2,23.21,419365,2481,23.2491
2023-06-20T04:00:00Z,23.06,23.07,22.96,22.97,479491,3493,23.0086
2023-06-21T04:00:00Z,23.2,23.27,23.13,23.18,337900,2504,23.1846
2023-06-22T04:00:00Z,23.17,23.17,23.04,23.09,231320,1441,23.1086
2023-06-23T04:00:00Z,22.88,22.94,22.81,22.92,253327,1875,22.9168
2023-06-26T04:00:00Z,23.05,23.13,22.98,23.09,482653,2303,23.0913
2023-06-27T04:00:00Z,23.21,23.21,23.09,23.09,154343,1298,23.1382
2023-06-28T04:00:00Z,23.06,23.13,22.98,23.02,255064,1832,23.0278
2023-06-29T04:00:00Z,22.92,23.01,22.905,22.94,190367,1526,22.9343
2023-06-30T04:00:00Z,23.14,23.14,22.98,23.05,418054,2698,23.0482
2023-07-03T04:00:00Z,23.12,23.14,23.05,23.12,288410,2134,23.11
2023-07-05T04:00:00Z,23.14,23.15,23.05,23.09,374785,2428,23.0798
2023-07-06T04:00:00Z,23.11,23.11,22.785,22.82,340856,3625,22.8974
2023-07-07T04:00:00Z,22.92,22.955,22.86,22.92,314052,2237,22.9224
2023-07-10T04:00:00Z,22.94,22.94,22.82,22.89,206370,1417,22.8729
2023-07-11T04:00:00Z,23,23.115,23,23.04,572348,2377,23.0367
2023-07-12T04:00:00Z,23.45,23.67,23.4,23.67,599504,2597,23.5979
2023-07-13T04:00:00Z,23.51,23.66,23.46,23.64,488369,1739,23.614
2023-07-14T04:00:00Z,23.7,23.7,23.595,23.61,403926,2284,23.6252
2023-07-17T04:00:00Z,23.64,23.69,23.57,23.68,565673,2000,23.6457
2023-07-18T04:00:00Z,23.42,23.51,23.385,23.51,530773,2481,23.4682
2023-07-19T04:00:00Z,23.52,23.56,23.435,23.53,353919,2076,23.4989
2023-07-20T04:00:00Z,23.55,23.56,23.42,23.47,375029,2588,23.4751
2023-07-21T04:00:00Z,23.57,23.57,23.475,23.53,269048,1805,23.5138
2023-07-24T04:00:00Z,23.62,23.7,23.56,23.65,390670,2562,23.6512
2023-07-25T04:00:00Z,23.59,23.665,23.53,23.63,354458,2118,23.6258
2023-07-26T04:00:00Z,23.61,23.85,23.61,23.82,373740,2572,23.7476
2023-07-27T04:00:00Z,23.56,23.56,23.31,23.33,777212,4493,23.4069
2023-07-28T04:00:00Z,23.41,23.47,23.3,23.37,439342,3223,23.3957
2023-07-31T04:00:00Z,23.38,23.505,23.38,23.46,368216,2082,23.464
2023-08-01T04:00:00Z,23.35,23.35,23.195,23.23,245051,1735,23.233
2023-08-02T04:00:00Z,23.09,23.1,22.94,22.97,387305,2652,22.9921
2023-08-03T04:00:00Z,23.27,23.335,23.21,23.21,353890,2282,23.2711
2023-08-04T04:00:00Z,23.14,23.17,23.025,23.07,408036,2470,23.0938
2023-08-07T04:00:00Z,23.27,23.27,23.095,23.1,850889,2253,23.1417
2023-08-08T04:00:00Z,23,23.01,22.86,22.99,486905,2927,22.9216
2023-08-09T04:00:00Z,23.04,23.14,23.02,23.07,308191,1908,23.069
2023-08-10T04:00:00Z,23.2,23.275,23.065,23.1,379555,3595,23.1691
2023-08-11T04:00:00Z,23.02,23.02,22.89,22.92,481859,2909,22.939
2023-08-14T04:00:00Z,22.92,23.045,22.92,23.02,259596,2038,23.0061
2023-08-15T04:00:00Z,23.02,23.02,22.94,22.98,412256,1675,22.9571
2023-08-16T04:00:00Z,22.9,22.92,22.75,22.76,370799,2548,22.8526
2023-08-17T04:00:00Z,22.86,22.94,22.73,22.74,389669,3477,22.8031
2023-08-18T04:00:00Z,22.8,22.87,22.725,22.8,404142,2283,22.8028
2023-08-21T04:00:00Z,22.72,22.72,22.62,22.71,353999,2685,22.6742
2023-08-22T04:00:00Z,22.84,22.93,22.84,22.89,919797,3327,22.8984
2023-08-23T04:00:00Z,23.01,23.165,22.95,23.1,479705,2783,23.0951
2023-08-24T04:00:00Z,22.95,22.95,22.81,22.82,455507,2617,22.8584
2023-08-25T04:00:00Z,22.94,22.99,22.86,22.95,447830,3007,22.9273
2023-08-28T04:00:00Z,23.01,23.135,23.01,23.09,284896,1761,23.0831
2023-08-29T04:00:00Z,23.23,23.46,23.16,23.43,295664,2074,23.344
2023-08-30T04:00:00Z,23.38,23.39,23.27,23.3,250163,1689,23.3091
2023-08-31T04:00:00Z,23.12,23.12,23.01,23.02,578607,2920,23.0611
2023-09-01T04:00:00Z,23.17,23.29,23.14,23.22,206746,1683,23.2214
2023-09-05T04:00:00Z,23.24,23.3,23.13,23.15,244973,3200,23.1915
2023-09-06T04:00:00Z,23.11,23.2,23.065,23.09,754587,2719,23.1257
2023-09-07T04:00:00Z,22.83,22.905,22.8,22.85,321805,2200,22.8614
2023-09-08T04:00:00Z,22.74,22.77,22.69,22.72,1628781,2561,22.7331
2023-09-11T04:00:00Z,22.89,22.97,22.885,22.95,328417,2022,22.9259
2023-09-12T04:00:00Z,22.83,22.9,22.77,22.81,909641,4228,22.8301
2023-09-13T04:00:00Z,22.79,22.81,22.74,22.75,715837,4381,22.7764
2023-09-14T04:00:00Z,22.8,22.85,22.705,22.74,330482,2448,22.7517
2023-09-15T04:00:00Z,22.81,22.81,22.7,22.77,1191966,3238,22.7461
2023-09-18T04:00:00Z,22.7,22.72,22.62,22.7,388243,2208,22.6683
2023-09-19T04:00:00Z,22.82,22.865,22.8,22.85,221251,1431,22.8372
2023-09-20T04:00:00Z,23.08,23.165,22.93,22.94,399224,2849,23.0849
2023-09-21T04:00:00Z,22.79,22.84,22.76,22.76,331832,2251,22.7925
2023-09-22T04:00:00Z,22.94,23,22.9,22.93,270812,1831,22.9441
2023-09-25T04:00:00Z,22.79,22.83,22.75,22.81,203850,1471,22.7962
2023-09-26T04:00:00Z,22.42,22.64,22.26,22.29,947930,3574,22.3234
2023-09-27T04:00:00Z,22.27,22.32,22.18,22.26,390297,2706,22.261
2023-09-28T04:00:00Z,22.24,22.34,22.19,22.34,467127,2657,22.2938
2023-09-29T04:00:00Z,22.41,22.41,22.22,22.27,362629,2036,22.3058
2023-10-02T04:00:00Z,22.34,22.34,22.2,22.26,259058,1976,22.2555
2023-10-03T04:00:00Z,22.26,22.28,22.145,22.16,384689,2268,22.206
2023-10-04T04:00:00Z,22.06,22.09,21.94,22,307506,2081,21.9979
2023-10-05T04:00:00Z,21.94,21.965,21.86,21.91,684083,4154,21.8881
2023-10-06T04:00:00Z,21.86,22.02,21.775,21.99,319600,2162,21.9067
2023-10-09T04:00:00Z,21.83,21.84,21.735,21.84,434719,2024,21.7893
2023-10-10T04:00:00Z,21.85,21.94,21.83,21.9,366875,2287,21.9035
2023-10-11T04:00:00Z,21.98,22.01,21.87,21.91,755138,2851,21.9431
2023-10-12T04:00:00Z,21.9,21.9,21.675,21.72,267861,1923,21.7519
2023-10-13T04:00:00Z,21.8,21.8,21.67,21.73,243971,1824,21.7242
2023-10-16T04:00:00Z,21.75,21.78,21.69,21.77,356333,2444,21.7362
2023-10-17T04:00:00Z,21.56,21.66,21.54,21.61,349523,2251,21.593
2023-10-18T04:00:00Z,21.44,21.44,21.3,21.32,483167,2937,21.3565
2023-10-19T04:00:00Z,21.02,21.0899,20.82,20.84,1181287,4477,20.9071
2023-10-20T04:00:00Z,20.95,20.98,20.88,20.92,663842,3437,20.9243
2023-10-23T04:00:00Z,20.7673,20.7673,20.545,20.65,544023,2898,20.6224
2023-10-24T04:00:00Z,20.94,21.03,20.92,20.96,559971,2833,20.9761
2023-10-25T04:00:00Z,20.99,21.08,20.9,20.9,381438,2334,20.9543
2023-10-26T04:00:00Z,20.47,20.47,20.34,20.37,284625,2218,20.399
2023-10-27T04:00:00Z,20.54,20.54,20.32,20.36,459528,2700,20.4249
2023-10-30T04:00:00Z,20.48,20.49,20.345,20.43,481658,2947,20.4136
2023-10-31T04:00:00Z,20.46,20.46,20.25,20.34,650874,3332,20.3102
2023-11-01T04:00:00Z,20.18,20.18,19.945,20.12,470555,3222,20.0313
2023-11-02T04:00:00Z,20.64,20.72,20.59,20.7,336877,2412,20.6833
2023-11-03T04:00:00Z,21.13,21.37,21.11,21.33,563996,3589,21.2941
2023-11-06T05:00:00Z,21.52,21.68,21.51,21.52,398165,2504,21.5985
2023-11-07T05:00:00Z,21.27,21.35,21.205,21.34,490019,3024,21.3059
2023-11-08T05:00:00Z,21.16,21.16,21.09,21.14,235972,1739,21.1307
2023-11-09T05:00:00Z,21.25,21.25,21.02,21.04,235047,1683,21.1371
2023-11-10T05:00:00Z,20.95,20.97,20.875,20.97,410349,2928,20.9286
2023-11-13T05:00:00Z,20.9,20.995,20.9,20.96,208260,1306,20.9558
2023-11-14T05:00:00Z,21.36,21.6,21.3,21.57,629230,4011,21.4925
2023-11-15T05:00:00Z,21.64,21.705,21.585,21.62,344776,2392,21.6473
2023-11-16T05:00:00Z,21.53,21.605,21.47,21.6,434757,2282,21.5666
2023-11-17T05:00:00Z,21.66,21.66,21.59,21.63,268148,2483,21.6259
2023-11-20T05:00:00Z,21.64,21.74,21.57,21.73,271770,2672,21.6479
2023-11-21T05:00:00Z,21.46,21.48,21.39,21.42,598828,2405,21.4452
2023-11-22T05:00:00Z,21.33,21.33,21.225,21.27,348509,2245,21.2549
2023-11-24T05:00:00Z,21.55,21.63,21.37,21.6,131507,1056,21.5829
2023-11-27T05:00:00Z,21.65,21.71,21.62,21.7,380896,1958,21.6872
2023-11-28T05:00:00Z,21.76,21.915,21.71,21.85,1003554,3313,21.8211
2023-11-29T05:00:00Z,21.77,21.795,21.68,21.68,333713,2345,21.7416
2023-11-30T05:00:00Z,21.7,21.76,21.58,21.75,660416,3573,21.6962
2023-12-01T05:00:00Z,21.75,22,21.72,21.99,280629,1568,21.9068
2023-12-04T05:00:00Z,21.88,21.93,21.82,21.86,267008,3037,21.8703
2023-12-05T05:00:00Z,21.8,21.88,21.8,21.86,359148,2218,21.8309
2023-12-06T05:00:00Z,21.8,21.8,21.67,21.68,278248,2064,21.705
2023-12-07T05:00:00Z,21.74,21.79,21.71,21.78,131384,1110,21.7567
2023-12-08T05:00:00Z,21.75,21.75,21.62,21.7,281078,1881,21.6809
2023-12-11T05:00:00Z,21.31,21.36,21.23,21.34,615425,2420,21.3165
2023-12-12T05:00:00Z,21.48,21.48,21.36,21.42,518643,3863,21.3992
2023-12-13T05:00:00Z,21.22,21.55,21.13,21.54,809806,4156,21.3285
2023-12-14T05:00:00Z,21.75,22.155,21.75,22.06,491260,2962,22.0633
2023-12-15T05:00:00Z,21.93,22.04,21.88,21.9,413030,2194,21.9584
2023-12-18T05:00:00Z,21.84,21.85,21.74,21.84,426365,3189,21.8183
2023-12-19T05:00:00Z,21.99,22.11,21.95,22.11,695334,3775,22.0637
2023-12-20T05:00:00Z,21.89,21.94,21.735,21.74,302661,2236,21.8748
2023-12-21T05:00:00Z,21.9,22.035,21.9,21.99,455150,2527,21.9828
2023-12-22T05:00:00Z,22.04,22.09,22,22.04,202120,1575,22.0516
2023-12-26T05:00:00Z,22.13,22.31,22.12,22.17,231466,1761,22.1668
2023-12-27T05:00:00Z,22.18,22.305,22.15,22.28,261019,2154,22.2485
2023-12-28T05:00:00Z,22.32,22.37,22.22,22.23,330731,2252,22.2861
2023-12-29T05:00:00Z,22.27,22.32,22.235,22.32,170203,1270,22.2839
2024-01-02T05:00:00Z,22.17,22.28,22.17,22.21,345153,2488,22.2241
2024-01-03T05:00:00Z,22.04,22.085,21.96,22.05,266805,3288,22.0302
2024-01-04T05:00:00Z,22.33,22.44,22.33,22.39,304794,2258,22.4102
2024-01-05T05:00:00Z,22.49,22.715,22.47,22.59,584373,2745,22.6018
2024-01-08T05:00:00Z,22.39,22.53,22.32,22.52,312442,1939,22.4455
2024-01-09T05:00:00Z,22.28,22.34,22.19,22.28,167544,1358,22.2948
2024-01-10T05:00:00Z,22.3,22.32,22.265,22.32,360117,1976,22.2944
2024-01-11T05:00:00Z,22.35,22.41,22.28,22.39,509002,2249,22.3503
2024-01-12T05:00:00Z,22.65,22.78,22.59,22.64,374272,2454,22.6728
2024-01-16T05:00:00Z,22.55,22.55,22.37,22.43,243311,1993,22.4411
2024-01-17T05:00:00Z,22.16,22.21,22.04,22.13,1205921,3549,22.1161
2024-01-18T05:00:00Z,22.19,22.23,22.13,22.19,292810,2053,22.1803
2024-01-19T05:00:00Z,22.1,22.24,22.1,22.21,408579,2340,22.1741
2024-01-22T05:00:00Z,22.04,22.095,22.02,22.08,564726,2233,22.065
2024-01-23T05:00:00Z,21.94,21.94,21.8,21.87,367913,2066,21.8693
2024-01-24T05:00:00Z,21.81,21.8901,21.72,21.84,2259255,4194,21.8609
2024-01-25T05:00:00Z,21.52,21.57,21.455,21.57,662465,4175,21.5078
2024-01-26T05:00:00Z,21.36,21.43,21.33,21.35,473666,1932,21.3971
2024-01-29T05:00:00Z,21.48,21.59,21.43,21.57,510566,2929,21.4975
2024-01-30T05:00:00Z,21.8,21.84,21.7,21.75,460418,2295,21.7675
2024-01-31T05:00:00Z,21.92,22.025,21.835,21.86,679174,3513,21.937
2024-02-01T05:00:00Z,21.95,22.05,21.942,22.03,278379,2085,22.0066
2024-02-02T05:00:00Z,22.02,22.08,21.99,22.06,312139,2110,22.0345
2024-02-05T05:00:00Z,21.89,21.935,21.82,21.89,192156,1508,21.8862
2024-02-06T05:00:00Z,22.04,22.15,22.01,22.13,272564,1811,22.0794
2024-02-07T05:00:00Z,22.22,22.31,22.2,22.24,352172,1604,22.2487
2024-02-08T05:00:00Z,22.18,22.31,22.15,22.26,1856405,4741,22.2478
2024-02-09T05:00:00Z,22.35,22.44,22.34,22.41,202069,1593,22.3793
2024-02-12T05:00:00Z,22.63,22.72,22.57,22.65,758281,1995,22.6639
2024-02-13T05:00:00Z,22.34,22.34,22.085,22.16,506124,2991,22.1948
2024-02-14T05:00:00Z,22.4,22.755,22.4,22.7,1117766,6104,22.6749
2024-02-15T05:00:00Z,22.78,22.89,22.755,22.86,341242,2894,22.844
2024-02-16T05:00:00Z,22.69,22.8,22.675,22.74,344054,2120,22.747
2024-02-20T05:00:00Z,22.85,22.898,22.75,22.79,498769,3023,22.7959
2024-02-21T05:00:00Z,22.73,22.795,22.665,22.7,216988,1368,22.7267
2024-02-22T05:00:00Z,22.74,22.83,22.71,22.83,217324,1328,22.7887
2024-02-23T05:00:00Z,22.56,22.66,22.56,22.64,328198,1787,22.6212
2024-02-26T05:00:00Z,22.51,22.58,22.5,22.54,326140,1700,22.5434
2024-02-27T05:00:00Z,22.58,22.58,22.49,22.52,310791,2032,22.5233
2024-02-28T05:00:00Z,22.49,22.58,22.47,22.54,441903,2756,22.5107
2024-02-29T05:00:00Z,22.43,22.43,22.335,22.37,585501,3418,22.3753
2024-03-01T05:00:00Z,22.37,22.52,22.37,22.48,471403,2461,22.4475
2024-03-04T05:00:00Z,22.2,22.27,22.15,22.18,269979,1691,22.199
2024-03-05T05:00:00Z,22.17,22.25,22.14,22.15,325198,2113,22.1698
2024-03-06T05:00:00Z,22.51,22.62,22.51,22.53,348863,2064,22.5782
2024-03-07T05:00:00Z,22.71,22.8,22.685,22.79,322082,2023,22.7558
2024-03-08T05:00:00Z,22.96,23.01,22.835,22.89,522554,2310,22.9201
2024-03-11T04:00:00Z,22.94,22.97,22.865,22.92,277904,2303,22.918
2024-03-12T04:00:00Z,22.95,22.965,22.86,22.91,345282,2366,22.9139
2024-03-13T04:00:00Z,22.9,22.905,22.74,22.78,1065960,3345,22.7792
2024-03-14T04:00:00Z,22.97,23.05,22.91,22.95,441514,2904,22.9739
2024-03-15T04:00:00Z,22.74,22.805,22.71,22.71,688412,4588,22.7455
2024-03-18T04:00:00Z,22.71,22.73,22.655,22.69,239920,1257,22.7059
2024-03-19T04:00:00Z,22.7,22.77,22.68,22.75,185073,1538,22.7206
2024-03-20T04:00:00Z,22.75,22.92,22.705,22.9,282899,2123,22.802
2024-03-21T04:00:00Z,22.91,22.91,22.831,22.87,167441,1297,22.8753
2024-03-22T04:00:00Z,22.65,22.68,22.58,22.63,671258,2300,22.6143
2024-03-25T04:00:00Z,22.9,22.955,22.88,22.9,427768,2655,22.9194
2024-03-26T04:00:00Z,22.91,22.91,22.75,22.78,125423,1322,22.8108
2024-03-27T04:00:00Z,22.65,22.67,22.54,22.67,547709,2647,22.5938
2024-03-28T04:00:00Z,22.5,22.59,22.49,22.53,293667,2133,22.5405
2024-04-01T04:00:00Z,22.22,22.23,21.915,21.97,540026,3203,22.0224
2024-04-02T04:00:00Z,22.07,22.09,21.98,22.02,394639,3182,22.0193
2024-04-03T04:00:00Z,21.78,21.925,21.76,21.9,1013228,5585,21.8639
2024-04-04T04:00:00Z,22.2,22.26,22.05,22.06,635428,4102,22.165
2024-04-05T04:00:00Z,22.13,22.13,21.93,22.01,1444818,5938,21.9942
2024-04-08T04:00:00Z,22.03,22.1,22.03,22.03,246427,1949,22.0617
2024-04-09T04:00:00Z,22.16,22.22,22.105,22.19,885224,4401,22.1816
2024-04-10T04:00:00Z,21.83,21.9,21.635,21.74,452394,3068,21.7018
2024-04-11T04:00:00Z,21.81,21.81,21.64,21.77,428401,2297,21.7167
2024-04-12T04:00:00Z,21.57,21.57,21.405,21.46,298283,2114,21.4663
2024-04-15T04:00:00Z,21.58,21.6,21.4101,21.48,334158,2419,21.5069
2024-04-16T04:00:00Z,20.96,20.96,20.805,20.85,2296370,4786,20.8517
2024-04-17T04:00:00Z,20.85,20.89,20.73,20.8,716367,3669,20.8097
2024-04-18T04:00:00Z,20.94,21.015,20.87,20.89,570574,2878,20.9512
2024-04-19T04:00:00Z,20.77,20.855,20.715,20.78,1158317,6469,20.7927
2024-04-22T04:00:00Z,20.68,20.74,20.59,20.71,351086,2484,20.6623
2024-04-23T04:00:00Z,20.9,21.13,20.85,21.11,796991,4641,20.9784
2024-04-24T04:00:00Z,21.05,21.07,20.99,21.02,438710,2357,21.0239
2024-04-25T04:00:00Z,20.81,20.88,20.71,20.86,401780,2123,20.8158
2024-04-26T04:00:00Z,20.4,20.4,20.25,20.31,541755,3300,20.2884
2024-04-29T04:00:00Z,20.61,20.74,20.61,20.69,893013,3981,20.7014
2024-04-30T04:00:00Z,20.87,20.8986,20.755,20.77,392456,2449,20.8195
2024-05-01T04:00:00Z,20.8,20.995,20.76,20.83,378838,2522,20.8623
2024-05-02T04:00:00Z,20.45,20.58,20.33,20.54,836110,3896,20.4727
2024-05-03T04:00:00Z,20.93,21.02,20.89,20.94,768602,3246,20.926
2024-05-06T04:00:00Z,20.92,20.99,20.92,20.99,408531,2321,20.9639
2024-05-07T04:00:00Z,20.73,20.735,20.65,20.71,334059,3358,20.697
2024-05-08T04:00:00Z,20.5,20.5,20.42,20.45,562934,3663,20.4558
2024-05-09T04:00:00Z,20.5,20.6,20.45,20.6,339052,1097,20.5485
2024-05-10T04:00:00Z,20.6,20.6,20.4013,20.48,792291,3563,20.4713
2024-05-13T04:00:00Z,20.52,20.5224,20.37,20.4,1512903,2802,20.3938
2024-05-14T04:00:00Z,20.46,20.49,20.42,20.48,578789,3086,20.45
2024-05-15T04:00:00Z,20.8,20.9,20.72,20.87,1038963,4497,20.8202
2024-05-16T04:00:00Z,21.03,21.11,21.01,21.02,439624,2609,21.0658
2024-05-17T04:00:00Z,21.24,21.31,21.17,21.3,620198,3868,21.2509
2024-05-20T04:00:00Z,20.91,20.98,20.875,20.9,669135,3483,20.9183
2024-05-21T04:00:00Z,20.6,20.61,20.5425,20.58,421570,2259,20.5711
2024-05-22T04:00:00Z,20.63,20.67,20.52,20.54,576485,3521,20.599
2024-05-23T04:00:00Z,20.6,20.63,20.4,20.4,406746,2536,20.4634
2024-05-24T04:00:00Z,20.5,20.54,20.45,20.5,360563,1476,20.5025
2024-05-28T04:00:00Z,20.49,20.51,20.385,20.43,570007,3018,20.4501
2024-05-29T04:00:00Z,20.03,20.04,19.93,19.96,818446,5475,19.9579
2024-05-30T04:00:00Z,19.88,19.88,19.825,19.86,865611,3581,19.8465
2024-05-31T04:00:00Z,19.77,19.7981,19.62,19.76,1859019,4570,19.6965
2024-06-03T04:00:00Z,20.08,20.11,19.98,20.05,403828,2317,20.0539
2024-06-04T04:00:00Z,20.14,20.155,20.01,20.12,675845,4061,20.0943
2024-06-05T04:00:00Z,19.85,19.93,19.81,19.91,574110,4087,19.8685
2024-06-06T04:00:00Z,20.11,20.12,20.045,20.11,1274272,3939,20.0877
2024-06-07T04:00:00Z,19.83,19.87,19.735,19.77,783138,4301,19.7896
2024-06-10T04:00:00Z,19.85,19.94,19.85,19.88,714791,4473,19.9174
2024-06-11T04:00:00Z,18.91,18.91,18.8212,18.9,500961,3103,18.8672
2024-06-12T04:00:00Z,18.97,19.04,18.91,18.91,390765,2553,18.9698
2024-06-13T04:00:00Z,18.8,18.8,18.64,18.71,554689,2553,18.6769
2024-06-14T04:00:00Z,18.17,18.25,18.09,18.25,457859,2494,18.1656
2024-06-17T04:00:00Z,18.26,18.34,18.23,18.27,496460,2066,18.2692
2024-06-18T04:00:00Z,18.31,18.395,18.31,18.38,475072,3511,18.3692
2024-06-20T04:00:00Z,18.42,18.435,18.275,18.32,418778,3234,18.3542
2024-06-21T04:00:00Z,18.78,18.95,18.77,18.79,1589212,6765,18.8621
2024-06-24T04:00:00Z,18.87,18.97,18.87,18.87,443491,3147,18.9093
2024-06-25T04:00:00Z,18.79,18.79,18.65,18.72,437530,2789,18.7198
2024-06-26T04:00:00Z,18.66,18.69,18.625,18.66,391218,2515,18.6517
2024-06-27T04:00:00Z,19,19.07,19,19,663353,3113,19.0245
2024-06-28T04:00:00Z,19.36,19.375,19.26,19.27,648096,3744,19.3157
2024-07-01T04:00:00Z,19.49,19.53,19.44,19.44,313484,2365,19.4704
2024-07-02T04:00:00Z,19.44,19.46,19.41,19.44,184853,1293,19.436
2024-07-03T04:00:00Z,19.57,19.735,19.57,19.64,415629,2288,19.6663
2024-07-05T04:00:00Z,19.85,19.86,19.53,19.85,1280170,4134,19.6996
2024-07-08T04:00:00Z,19.93,19.97,19.84,19.87,317011,2214,19.9208
2024-07-09T04:00:00Z,20,20.075,19.95,20,456678,2350,20.0123
2024-07-10T04:00:00Z,20.13,20.18,20.08,20.18,301192,2345,20.134
2024-07-11T04:00:00Z,20.37,20.435,20.26,20.29,422434,2559,20.3226
2024-07-12T04:00:00Z,20.43,20.55,20.41,20.51,383994,2520,20.5083
2024-07-15T04:00:00Z,20.18,20.23,20.11,20.16,405101,2530,20.1677
2024-07-16T04:00:00Z,20.05,20.1,20.01,20.08,345465,2848,20.062
2024-07-17T04:00:00Z,20.12,20.25,20.08,20.13,804604,4708,20.1716
2024-07-18T04:00:00Z,20.39,20.43,20.255,20.27,296342,2366,20.345
2024-07-19T04:00:00Z,20.26,20.31,20.19,20.19,364697,2477,20.231
2024-07-22T04:00:00Z,20.33,20.38,20.295,20.34,372720,1983,20.3441
2024-07-23T04:00:00Z,20.29,20.34,20.2,20.24,478990,3418,20.2296
2024-07-24T04:00:00Z,20.18,20.18,20.005,20.02,245734,1800,20.0555
2024-07-25T04:00:00Z,19.99,20.025,19.88,19.94,367818,3090,19.9472
2024-07-26T04:00:00Z,20.14,20.185,20.09,20.11,314125,2157,20.1327
2024-07-29T04:00:00Z,20.06,20.16,20.04,20.06,366144,2324,20.1078
2024-07-30T04:00:00Z,19.91,19.945,19.845,19.89,159691,1413,19.8884
2024-07-31T04:00:00Z,20.05,20.185,20.05,20.14,486476,2641,20.1319
2024-08-01T04:00:00Z,20.35,20.36,20.15,20.19,566208,3057,20.2326
2024-08-02T04:00:00Z,20.24,20.35,20.18,20.3,421712,2577,20.2461
2024-08-05T04:00:00Z,19.33,19.65,19.302,19.56,733344,6130,19.5447
2024-08-06T04:00:00Z,19.82,20.01,19.78,19.87,413304,3103,19.9109
2024-08-07T04:00:00Z,20.2,20.275,20.03,20.04,525575,3502,20.1192
2024-08-08T04:00:00Z,20.37,20.52,20.365,20.5,594211,2986,20.454
2024-08-09T04:00:00Z,20.41,20.515,20.41,20.48,689411,4299,20.4701
2024-08-12T04:00:00Z,20.51,20.58,20.48,20.56,240662,1920,20.5484
2024-08-13T04:00:00Z,20.82,21.03,20.805,21,591347,3859,20.8744
2024-08-14T04:00:00Z,21.25,21.38,21.25,21.3,281947,2331,21.3204
2024-08-15T04:00:00Z,21.14,21.22,21.125,21.16,387482,2563,21.1836
2024-08-16T04:00:00Z,21.23,21.33,21.21,21.31,206255,1580,21.2921
2024-08-19T04:00:00Z,21.41,21.525,21.41,21.51,299297,2218,21.4917
2024-08-20T04:00:00Z,21.87,21.95,21.87,21.89,280937,1838,21.8927
2024-08-21T04:00:00Z,21.88,21.99,21.87,21.96,252470,2518,21.9162
2024-08-22T04:00:00Z,21.48,21.5667,21.29,21.29,434930,2691,21.3942
2024-08-23T04:00:00Z,21.73,22.03,21.665,22.02,433570,2831,21.8885
2024-08-26T04:00:00Z,22.08,22.15,21.98,21.99,530546,2882,22.069
2024-08-27T04:00:00Z,21.78,21.93,21.74,21.89,437386,4315,21.8381
2024-08-28T04:00:00Z,22.06,22.14,22.044,22.06,382579,2774,22.1002
2024-08-29T04:00:00Z,21.97,21.985,21.84,21.85,949375,5329,21.8929
2024-08-30T04:00:00Z,21.8,21.87,21.71,21.77,604605,3837,21.7935
2024-09-03T04:00:00Z,21.75,21.76,21.51,21.59,725448,4861,21.6202
2024-09-04T04:00:00Z,21.77,21.93,21.75,21.85,445252,3314,21.8093
2024-09-05T04:00:00Z,21.97,22.075,21.97,22.02,899407,6869,22.035
2024-09-06T04:00:00Z,22.16,22.19,21.925,21.95,204325,1956,22.0293
2024-09-09T04:00:00Z,21.89,21.98,21.89,21.94,131691,2035,21.9351
2024-09-10T04:00:00Z,22.1,22.11,22.015,22.04,337129,2462,22.0687
2024-09-11T04:00:00Z,22.11,22.15,21.97,22.14,188300,2018,22.0757
2024-09-12T04:00:00Z,22.18,22.35,22.14,22.3,481031,3167,22.2114
2024-09-13T04:00:00Z,22.29,22.385,22.29,22.33,259907,2332,22.351
2024-09-16T04:00:00Z,22.39,22.43,22.375,22.42,213979,1468,22.4021
2024-09-17T04:00:00Z,22.62,22.67,22.585,22.65,1123366,6837,22.6335
2024-09-18T04:00:00Z,22.79,23.05,22.75,22.76,507843,3842,22.8399
2024-09-19T04:00:00Z,23.2,23.335,23.17,23.32,389750,2704,23.2813
2024-09-20T04:00:00Z,23.16,23.21,23.02,23.19,807164,5158,23.1422
2024-09-23T04:00:00Z,23.35,23.5099,23.35,23.41,675656,4239,23.4477
2024-09-24T04:00:00Z,23.45,23.615,23.45,23.57,994443,5662,23.5506
2024-09-25T04:00:00Z,23.35,23.38,23.14,23.19,771812,5709,23.2455
2024-09-26T04:00:00Z,23.23,23.24,23.135,23.2,747242,4798,23.177
2024-09-27T04:00:00Z,23.1,23.14,22.98,23.01,1540737,4553,23.0095
2024-09-30T04:00:00Z,22.52,22.56,22.465,22.5,901144,4040,22.5149
2024-10-01T04:00:00Z,22.72,22.765,22.56,22.66,533632,4336,22.6437
2024-10-02T04:00:00Z,22.4,22.45,22.29,22.31,449486,6880,22.3386
2024-10-03T04:00:00Z,22.03,22.07,21.915,22.06,307730,2459,22.0166
2024-10-04T04:00:00Z,21.62,21.645,21.5012,21.58,346701,3098,21.5784
2024-10-07T04:00:00Z,21.51,21.52,21.385,21.41,863649,4340,21.4684
2024-10-08T04:00:00Z,21.88,21.91,21.8,21.83,626401,3110,21.8668
2024-10-09T04:00:00Z,21.6,21.785,21.6,21.76,346060,2497,21.7431
2024-10-10T04:00:00Z,21.61,21.67,21.545,21.65,260332,2349,21.6071
2024-10-11T04:00:00Z,21.88,21.9,21.79,21.9,337631,2477,21.8504
2024-10-14T04:00:00Z,21.93,21.99,21.9101,21.96,1306931,2346,21.9432
2024-10-15T04:00:00Z,22.18,22.26,22.095,22.11,279994,2310,22.1626
2024-10-16T04:00:00Z,22.23,22.23,22.14,22.2,412248,2960,22.1713
2024-10-17T04:00:00Z,22.45,22.5,22.45,22.48,169139,1897,22.4768
2024-10-18T04:00:00Z,22.55,22.585,22.545,22.56,158460,1469,22.5684
2024-10-21T04:00:00Z,22.53,22.59,22.425,22.47,211165,1804,22.481
2024-10-22T04:00:00Z,22.5,22.5,22.31,22.38,173223,1531,22.343
2024-10-23T04:00:00Z,22.3,22.3,22.15,22.24,257735,1525,22.2347
2024-10-24T04:00:00Z,22.22,22.22,22.085,22.15,186835,1553,22.1286
2024-10-25T04:00:00Z,22.13,22.13,21.82,21.9,386594,2706,21.9547
2024-10-28T04:00:00Z,21.74,21.74,21.59,21.73,305725,2814,21.6768
2024-10-29T04:00:00Z,21.57,21.6,21.48,21.54,481537,2534,21.5511
2024-10-30T04:00:00Z,21.5,21.615,21.44,21.55,388895,2917,21.5428
2024-10-31T04:00:00Z,21.48,21.5099,21.34,21.46,220833,2208,21.4105
2024-11-01T04:00:00Z,21.26,21.26,21.06,21.1,264970,2608,21.1504
2024-11-04T05:00:00Z,21.21,21.235,21.155,21.16,242659,2365,21.2006
2024-11-05T05:00:00Z,21.32,21.43,21.32,21.4,273481,2094,21.3826
2024-11-06T05:00:00Z,20.8,20.87,20.73,20.82,636604,4650,20.7934
2024-11-07T05:00:00Z,20.82,20.85,20.705,20.85,587832,4572,20.7631
2024-11-08T05:00:00Z,20.81,20.81,20.55,20.64,479790,2862,20.6222
2024-11-11T05:00:00Z,20.5,20.5,20.37,20.37,224380,1861,20.4195
2024-11-12T05:00:00Z,20.54,20.57,20.43,20.43,1088978,2939,20.4734
2024-11-13T05:00:00Z,20.52,20.58,20.41,20.43,807680,4660,20.479
2024-11-14T05:00:00Z,20.09,20.105,20,20,461319,3198,20.0651
2024-11-15T05:00:00Z,20,20,19.94,19.97,218736,1768,19.969
2024-11-18T05:00:00Z,19.98,20.045,19.98,20,355007,2538,20.0159
2024-11-19T05:00:00Z,20,20.14,20,20.11,134100,1031,20.0921
2024-11-20T05:00:00Z,20,20.045,19.88,19.95,306574,1526,19.9164
2024-11-21T05:00:00Z,19.9,19.9,19.8,19.86,350530,2049,19.8425
2024-11-22T05:00:00Z,19.86,19.99,19.86,19.98,573541,1064,19.9828
2024-11-25T05:00:00Z,20.45,20.49,20.315,20.34,978049,4722,20.3796
2024-11-26T05:00:00Z,20.18,20.18,20.005,20.09,494318,2843,20.0527
2024-11-27T05:00:00Z,20.16,20.2,20.1,20.15,321491,1395,20.1379
2024-11-29T05:00:00Z,19.74,19.91,19.7,19.89,417392,2252,19.8312
2024-12-02T05:00:00Z,19.6,19.68,19.525,19.62,1034839,2798,19.6456
2024-12-03T05:00:00Z,20.01,20.02,19.935,20,419671,3315,19.9821
2024-12-04T05:00:00Z,20.35,20.38,20.315,20.35,301111,1724,20.3483
2024-12-05T05:00:00Z,20.43,20.43,20.37,20.39,396938,2186,20.3988
2024-12-06T05:00:00Z,20.47,20.47,20.36,20.4,144178,1075,20.4205
2024-12-09T05:00:00Z,20.61,20.78,20.61,20.68,510460,2924,20.723
2024-12-10T05:00:00Z,20.82,20.84,20.685,20.7,277006,1671,20.7304
2024-12-11T05:00:00Z,20.64,20.645,20.54,20.55,252772,1445,20.589
2024-12-12T05:00:00Z,20.25,20.25,20.15,20.18,174855,1514,20.2152
2024-12-13T05:00:00Z,19.92,19.93,19.85,19.86,404955,1979,19.883
2024-12-16T05:00:00Z,19.75,19.8,19.73,19.77,477825,3064,19.7699
2024-12-17T05:00:00Z,19.08,19.16,19.01,19.12,273202,2316,19.0755
2024-12-18T05:00:00Z,18.86,18.89,18.48,18.48,1209461,4401,18.7642
2024-12-19T05:00:00Z,18.25,18.295,18.14,18.16,709568,3844,18.1923
2024-12-20T05:00:00Z,18.38,18.535,18.3378,18.44,391241,2612,18.4553
2024-12-23T05:00:00Z,18.675,18.72,18.615,18.65,295692,3052,18.655
2024-12-24T05:00:00Z,18.59,18.61,18.55,18.61,125040,1039,18.5791
2024-12-26T05:00:00Z,18.68,18.68,18.63,18.66,104222,810,18.6535
2024-12-27T05:00:00Z,18.65,18.66,18.56,18.6,349188,2132,18.6077
2024-12-30T05:00:00Z,18.55,18.55,18.445,18.53,230753,1950,18.5011
2024-12-31T05:00:00Z,18.46,18.56,18.4399,18.48,114374,870,18.501
2025-01-02T05:00:00Z,18.88,18.88,18.695,18.77,359394,2608,18.7628
2025-01-03T05:00:00Z,18.84,18.99,18.84,18.99,437876,2137,18.8999
2025-01-06T05:00:00Z,18.73,18.73,18.63,18.66,245973,1791,18.6703
2025-01-07T05:00:00Z,18.54,18.58,18.38,18.38,287858,2563,18.4793
2025-01-08T05:00:00Z,18.44,18.44,18.35,18.36,990931,4280,18.3742
2025-01-10T05:00:00Z,18.28,18.372,18.25,18.25,356724,2640,18.2975
2025-01-13T05:00:00Z,18.19,18.22,18.12,18.22,403628,2703,18.154
2025-01-14T05:00:00Z,18.06,18.06,17.96,18,276128,2475,18.0068
2025-01-15T05:00:00Z,18.52,18.5455,18.445,18.5,601582,2291,18.5072
2025-01-16T05:00:00Z,18.46,18.46,18.35,18.36,362337,2568,18.3834
2025-01-17T05:00:00Z,18.53,18.58,18.46,18.5,287294,1554,18.5025
2025-01-21T05:00:00Z,18.66,18.69,18.595,18.69,514813,3027,18.645
2025-01-22T05:00:00Z,18.83,18.9,18.81,18.81,403219,2229,18.8512
2025-01-23T05:00:00Z,18.89,18.9,18.79,18.85,501901,2623,18.8538
2025-01-24T05:00:00Z,18.73,18.76,18.665,18.69,213302,1509,18.7336
2025-01-27T05:00:00Z,18.53,18.61,18.502,18.59,177294,1766,18.5823
2025-01-28T05:00:00Z,18.5,18.54,18.455,18.5,118593,1157,18.4903
2025-01-29T05:00:00Z,18.49,18.53,18.4,18.49,962876,5028,18.4691
2025-01-30T05:00:00Z,18.3,18.34,18.26,18.31,390365,2130,18.2852
2025-01-31T05:00:00Z,18.44,18.5,18.26,18.3,342097,2091,18.4138
2025-02-03T05:00:00Z,18.12,18.215,18.06,18.19,333361,2971,18.1513
2025-02-04T05:00:00Z,18.25,18.365,18.25,18.3,358611,1799,18.3046
2025-02-05T05:00:00Z,18.06,18.16,18.06,18.16,344554,2137,18.1233
2025-02-06T05:00:00Z,17.55,17.59,17.5,17.58,732544,3034,17.5624
2025-02-07T05:00:00Z,17.64,17.7,17.57,17.61,460606,3064,17.6271
2025-02-10T05:00:00Z,17.5,17.51,17.45,17.5,282281,2486,17.4897
2025-02-11T05:00:00Z,17.23,17.35,17.1814,17.3,1493328,4727,17.3195
2025-02-12T05:00:00Z,17.43,17.51,17.32,17.47,323842,2479,17.4492
2025-02-13T05:00:00Z,17.41,17.6,17.405,17.6,379728,2678,17.5116
2025-02-14T05:00:00Z,17.67,17.6831,17.62,17.67,406056,2002,17.6725
2025-02-18T05:00:00Z,18.195,18.205,18.035,18.15,1415137,7923,18.1144
2025-02-19T05:00:00Z,17.73,17.8,17.71,17.79,1417970,6606,17.7563
2025-02-20T05:00:00Z,17.8,17.88,17.78,17.84,606524,3041,17.8539
2025-02-21T05:00:00Z,17.72,17.74,17.6,17.6,674079,2819,17.6488
2025-02-24T05:00:00Z,17.6,17.605,17.54,17.57,571773,3018,17.5845
2025-02-25T05:00:00Z,17.19,17.2,17.1,17.15,1242697,10052,17.138
2025-02-26T05:00:00Z,17,17.05,16.942,16.98,451315,3441,17.0015
2025-02-27T05:00:00Z,16.6,16.6,16.38,16.41,727597,3741,16.4893
2025-02-28T05:00:00Z,15.88,15.97,15.81,15.96,2775256,9637,15.9044
2025-03-03T05:00:00Z,16.68,16.81,16.61,16.66,1172671,6331,16.7247
2025-03-04T05:00:00Z,16.46,16.54,16.355,16.46,503448,3365,16.4325
2025-03-05T05:00:00Z,16.96,17.0792,16.94,17.05,1080266,3632,16.9773
2025-03-06T05:00:00Z,17.1,17.2,17.07,17.12,734480,4053,17.1415
2025-03-07T05:00:00Z,17.13,17.18,17.07,17.1,623692,3351,17.1279
2025-03-10T04:00:00Z,16.825,16.86,16.68,16.69,2425356,6303,16.7664
2025-03-11T04:00:00Z,16.51,16.6,16.45,16.46,885204,5164,16.512
2025-03-12T04:00:00Z,16.83,16.886,16.8,16.87,869560,5048,16.8277
2025-03-13T04:00:00Z,16.68,16.739,16.65,16.73,257094,1582,16.6993
2025-03-14T04:00:00Z,16.52,16.59,16.495,16.57,534603,3244,16.5503
2025-03-17T04:00:00Z,16.45,16.6266,16.45,16.62,765021,3616,16.5545
2025-03-18T04:00:00Z,15.82,15.83,15.6438,15.74,1591220,7111,15.7246
2025-03-19T04:00:00Z,15.93,15.98,15.87,15.95,982883,3866,15.9214
2025-03-20T04:00:00Z,15.89,15.92,15.805,15.91,424481,2601,15.8673
2025-03-21T04:00:00Z,15.55,15.67,15.55,15.62,1316307,5439,15.6176
2025-03-24T04:00:00Z,15.36,15.42,15.31,15.34,1482660,6348,15.3648
2025-03-25T04:00:00Z,15.705,15.74,15.65,15.72,846665,4617,15.71
2025-03-26T04:00:00Z,16.38,16.4,16.29,16.31,1132798,5212,16.3351
2025-03-27T04:00:00Z,16.42,16.48,16.4,16.42,1433303,3186,16.4478
2025-03-28T04:00:00Z,16.42,16.42,16.3301,16.37,1569340,4685,16.3723
2025-03-31T04:00:00Z,16.27,16.34,16.1623,16.3,316965,1651,16.2196
2025-04-01T04:00:00Z,16.29,16.325,16.16,16.25,1126616,2929,16.1902
2025-04-02T04:00:00Z,16.25,16.355,16.23,16.33,321967,1807,16.2962
2025-04-03T04:00:00Z,15.92,16.03,15.88,15.88,1213530,6431,15.9471
2025-04-04T04:00:00Z,15.46,15.54,14.84,15.09,1494467,8049,15.1549
2025-04-07T04:00:00Z,14.69,15.215,14.5072,15.15,1604256,6657,15.0002
2025-04-08T04:00:00Z,14.95,15.025,14.205,14.36,1387182,8089,14.7379
2025-04-09T04:00:00Z,14.61,15.67,14.565,15.56,1235474,7349,14.8931
2025-04-10T04:00:00Z,15.64,15.65,15.19,15.45,546849,3396,15.4423
2025-04-11T04:00:00Z,15.84,15.925,15.7,15.87,595555,2546,15.8249
2025-04-14T04:00:00Z,16.1,16.17,16.02,16.09,538594,4226,16.0917
2025-04-15T04:00:00Z,16.21,16.215,16.11,16.14,318531,2398,16.1716
2025-04-16T04:00:00Z,16.05,16.0965,15.91,15.93,259887,1962,16.0223
2025-04-17T04:00:00Z,16.09,16.21,16.04,16.13,1062270,6936,16.167
2025-04-21T04:00:00Z,16.08,16.11,15.9807,16.03,257276,2147,16.0238
2025-04-22T04:00:00Z,16.21,16.42,16.21,16.36,400950,3499,16.3512
2025-04-23T04:00:00Z,16.59,16.91,16.59,16.61,1340756,6905,16.7265
2025-04-24T04:00:00Z,16.62,16.76,16.56,16.76,392076,2440,16.6787
2025-04-25T04:00:00Z,16.76,16.81,16.71,16.77,341743,2561,16.7707
2025-04-28T04:00:00Z,16.9,16.965,16.885,16.93,775808,5000,16.9255
2025-04-29T04:00:00Z,17.02,17.115,17,17.1,300483,2020,17.063
2025-04-30T04:00:00Z,17.08,17.32,17.08,17.31,853423,3456,17.1577
2025-05-01T04:00:00Z,17.35,17.4,17.27,17.3,309194,1967,17.3281
2025-05-02T04:00:00Z,17.62,17.725,17.6,17.63,389438,2627,17.6389
2025-05-05T04:00:00Z,17.66,17.73,17.64,17.65,379915,2796,17.6836
2025-05-06T04:00:00Z,17.73,17.8388,17.73,17.74,932001,2192,17.7553
2025-05-07T04:00:00Z,17.74,17.75,17.66,17.71,399607,3060,17.6967
2025-05-08T04:00:00Z,17.55,17.58,17.42,17.45,754774,4853,17.4859
2025-05-09T04:00:00Z,17.47,17.525,17.41,17.41,339123,2513,17.4583
2025-05-12T04:00:00Z,17.51,17.54,17.36,17.4,533026,3531,17.4144
2025-05-13T04:00:00Z,17.39,17.565,17.39,17.54,318080,2099,17.5286
2025-05-14T04:00:00Z,17.94,18,17.89,17.97,547843,3453,17.9415
2025-05-15T04:00:00Z,18.14,18.3051,18.14,18.27,472859,2887,18.2324
2025-05-16T04:00:00Z,18.38,18.53,18.375,18.39,667641,3624,18.4438
2025-05-19T04:00:00Z,18.55,18.74,18.55,18.74,582250,3426,18.7046
2025-05-20T04:00:00Z,18.64,18.64,18.43,18.53,860281,2681,18.5203
2025-05-21T04:00:00Z,18.77,18.92,18.77,18.79,547899,3839,18.8564
2025-05-22T04:00:00Z,18.9,18.975,18.9,18.91,494906,2526,18.9475
2025-05-23T04:00:00Z,18.96,19.18,18.96,19.16,568521,2939,19.1364
2025-05-27T04:00:00Z,19,19.052,18.9908,19.04,299913,1828,19.0149
2025-05-28T04:00:00Z,18.95,18.95,18.86,18.91,931814,2517,18.8997
2025-05-29T04:00:00Z,19.07,19.07,18.905,18.95,236091,1465,18.9594
2025-05-30T04:00:00Z,18.89,18.9,18.765,18.88,437280,2323,18.8378
2025-06-02T04:00:00Z,18.66,18.66,18.475,18.56,792868,3568,18.5377
2025-06-03T04:00:00Z,18.49,18.505,18.42,18.42,624104,3343,18.4482
2025-06-04T04:00:00Z,18.52,18.525,18.45,18.45,260890,1706,18.4914
2025-06-05T04:00:00Z,18.66,18.66,18.53,18.56,372073,1894,18.5994
2025-06-06T04:00:00Z,18.48,18.558,18.47,18.51,885340,3198,18.4991
2025-06-09T04:00:00Z,18.52,18.645,18.52,18.59,591465,2873,18.6014
2025-06-10T04:00:00Z,18.81,18.86,18.775,18.84,1020735,5128,18.8244
2025-06-11T04:00:00Z,18.9,18.9156,18.85,18.91,295366,1822,18.8777
2025-06-12T04:00:00Z,18.98,18.98,18.85,18.9,498785,2561,18.8916
2025-06-13T04:00:00Z,18.6,18.7,18.555,18.62,560543,4142,18.6054
2025-06-16T04:00:00Z,18.05,18.12,17.96,18.01,1454991,5967,18.0116
2025-06-17T04:00:00Z,18.1,18.12,17.985,18.02,644566,3121,18.0452
2025-06-18T04:00:00Z,17.89,17.925,17.765,17.87,240151,1598,17.8574
2025-06-20T04:00:00Z,17.39,17.39,17.02,17.18,1990196,6466,17.141
2025-06-23T04:00:00Z,16.82,16.91,16.79,16.89,887670,5213,16.8576
2025-06-24T04:00:00Z,17.27,17.39,17.24,17.38,1167308,4616,17.3384
2025-06-25T04:00:00Z,17.13,17.18,17.0625,17.18,881973,3577,17.1158
2025-06-26T04:00:00Z,17.42,17.515,17.41,17.51,815786,4018,17.4697
2025-06-27T04:00:00Z,17.56,17.56,17.435,17.49,165977,1330,17.4861
2025-06-30T04:00:00Z,17.59,17.66,17.53,17.63,287766,1513,17.6002
2025-07-01T04:00:00Z,17.53,17.53,17.4438,17.49,372917,1908,17.4832
2025-07-02T04:00:00Z,17.42,17.51,17.39,17.48,237341,1688,17.4412
2025-07-03T04:00:00Z,17.45,17.49,17.38,17.47,179868,1269,17.4405
2025-07-07T04:00:00Z,17.44,17.4583,17.34,17.34,613471,2683,17.3832
2025-07-08T04:00:00Z,17.33,17.335,17.29,17.31,225477,1773,17.3146
2025-07-09T04:00:00Z,17.38,17.52,17.38,17.47,307807,1420,17.4668
2025-07-10T04:00:00Z,17.65,17.775,17.635,17.76,661277,2407,17.7167
2025-07-11T04:00:00Z,17.89,17.89,17.8244,17.87,298025,2259,17.863
2025-07-14T04:00:00Z,17.67,17.67,17.56,17.63,887586,4879,17.5918
2025-07-15T04:00:00Z,17.7,17.78,17.6,17.72,2140562,6808,17.691
2025-07-16T04:00:00Z,17.85,17.85,17.53,17.7,1130711,4131,17.6171
2025-07-17T04:00:00Z,17.77,17.77,17.685,17.76,716644,4192,17.7248
2025-07-18T04:00:00Z,17.77,17.77,17.645,17.69,500525,2090,17.6854
2025-07-21T04:00:00Z,17.83,17.83,17.69,17.73,1364724,4134,17.7149
2025-07-22T04:00:00Z,17.6,17.63,17.5,17.56,894186,3820,17.533
2025-07-23T04:00:00Z,17.73,17.81,17.67,17.81,741379,3118,17.7147
2025-07-24T04:00:00Z,17.85,17.88,17.8,17.81,395476,2257,17.8338
2025-07-25T04:00:00Z,17.7,17.7,17.59,17.6,438249,2382,17.6202
2025-07-28T04:00:00Z,17.86,17.86,17.71,17.75,461876,2617,17.7434
2025-07-29T04:00:00Z,17.79,17.8,17.72,17.8,518304,2007,17.7482
2025-07-30T04:00:00Z,17.6,17.68,17.58,17.58,593478,1921,17.6301
2025-07-31T04:00:00Z,17.43,17.43,17.235,17.27,540705,2940,17.2983
2025-08-01T04:00:00Z,17.69,17.69,17.545,17.61,493559,2463,17.5956
2025-08-04T04:00:00Z,17.63,17.66,17.55,17.59,509991,2072,17.6036
2025-08-05T04:00:00Z,17.69,17.74,17.62,17.62,789045,3377,17.658
2025-08-06T04:00:00Z,17.65,17.67,17.6,17.66,1045428,4833,17.6181
2025-08-07T04:00:00Z,17.75,17.75,17.695,17.72,1088857,5661,17.7215
2025-08-08T04:00:00Z,17.77,17.85,17.765,17.83,419013,1772,17.8206
2025-08-11T04:00:00Z,17.92,18.01,17.9,17.98,583374,3070,17.9727
2025-08-12T04:00:00Z,18.45,18.69,18.45,18.61,1145370,6523,18.6265
2025-08-13T04:00:00Z,18.77,18.89,18.77,18.83,389521,2425,18.8607
2025-08-14T04:00:00Z,18.73,18.73,18.59,18.63,341097,2453,18.6265
2025-08-15T04:00:00Z,18.55,18.55,18.46,18.5,742256,1413,18.4908
2025-08-18T04:00:00Z,18.49,18.5,18.43,18.43,280437,2330,18.4575
2025-08-19T04:00:00Z,18.36,18.4,18.27,18.31,726323,1911,18.3143
2025-08-20T04:00:00Z,18.6,18.65,18.4726,18.6,736601,1845,18.563
2025-08-21T04:00:00Z,18.55,18.55,18.38,18.44,1259475,3031,18.4328
2025-08-22T04:00:00Z,18.39,18.72,18.335,18.65,1725829,3182,18.6049
2025-08-25T04:00:00Z,18.65,18.65,18.59,18.61,1189054,1186,18.6243
2025-08-26T04:00:00Z,18.34,18.4,18.31,18.38,2112177,6761,18.3503
2025-08-27T04:00:00Z,18.12,18.17,18.04,18.16,689893,3271,18.1126
2025-08-28T04:00:00Z,18.19,18.22,18.16,18.19,288093,1328,18.1821
2025-08-29T04:00:00Z,17.77,17.77,17.66,17.67,649699,2954,17.6939
2025-09-02T04:00:00Z,17.63,17.81,17.605,17.74,1882999,5380,17.7089
2025-09-03T04:00:00Z,17.85,17.85,17.76,17.81,541417,6533,17.7866
2025-09-04T04:00:00Z,17.82,17.82,17.75,17.77,397219,2341,17.7694
2025-09-05T04:00:00Z,17.9,18.07,17.835,17.93,2375139,5670,17.9162
2025-09-08T04:00:00Z,17.46,17.54,17.38,17.5,1201050,4902,17.4269
2025-09-09T04:00:00Z,17.2,17.21,17.055,17.06,1305095,5030,17.1167
2025-09-10T04:00:00Z,17.38,17.38,17.29,17.33,1891567,5927,17.3113
2025-09-11T04:00:00Z,17.59,17.64,17.54,17.64,813780,5273,17.582
2025-09-12T04:00:00Z,17.79,17.84,17.78,17.83,938915,4840,17.8119
2025-09-15T04:00:00Z,17.93,18.005,17.91,17.96,831979,4605,17.9385
2025-09-16T04:00:00Z,17.89,17.92,17.84,17.85,662121,2775,17.8757
2025-09-17T04:00:00Z,18.02,18.13,17.97,17.98,967475,4937,18.035
2025-09-18T04:00:00Z,17.75,17.755,17.61,17.72,1004519,5292,17.6933
2025-09-19T04:00:00Z,17.8,17.84,17.78,17.79,267619,1698,17.8111
2025-09-22T04:00:00Z,17.73,17.79,17.715,17.73,464038,2395,17.752
2025-09-23T04:00:00Z,17.78,17.83,17.75,17.76,330160,2088,17.7924
2025-09-24T04:00:00Z,17.71,17.72,17.66,17.68,517546,2473,17.6804
2025-09-25T04:00:00Z,17.4,17.41,17.295,17.41,416485,2772,17.3418
2025-09-26T04:00:00Z,17.59,17.645,17.54,17.6,356273,1758,17.6093
2025-09-29T04:00:00Z,17.65,17.72,17.65,17.69,306510,1496,17.6975
2025-09-30T04:00:00Z,17.46,17.565,17.43,17.55,369152,2503,17.5265
2025-10-01T04:00:00Z,17.43,17.51,17.43,17.46,269050,1429,17.4867
2025-10-02T04:00:00Z,17.49,17.49,17.375,17.44,307911,6310,17.4203
2025-10-03T04:00:00Z,17.55,17.56,17.42,17.43,1205961,5810,17.4589
2025-10-06T04:00:00Z,17.48,17.48,17.4,17.42,509705,1512,17.4174
2025-10-07T04:00:00Z,17.55,17.55,17.415,17.43,176637,1113,17.4368
2025-10-08T04:00:00Z,17.4,17.45,17.39,17.45,126305,1305,17.416
2025-10-09T04:00:00Z,17.67,17.73,17.635,17.65,556851,3570,17.6759
2025-10-10T04:00:00Z,17.64,17.64,17.275,17.31,528141,3334,17.4175
2025-10-13T04:00:00Z,17.6,17.655,17.57,17.57,317545,2256,17.6031
2025-10-14T04:00:00Z,17.24,17.26,17.155,17.22,574478,3838,17.1982
2025-10-15T04:00:00Z,17.22,17.23,17.13,17.21,364956,1742,17.1939
2025-10-16T04:00:00Z,17.36,17.475,17.36,17.36,306324,1874,17.4058
2025-10-17T04:00:00Z,17.26,17.35,17.23,17.3,622771,9947,17.3008
2025-10-20T04:00:00Z,17.69,17.845,17.69,17.82,439114,2280,17.8106
2025-10-21T04:00:00Z,18.08,18.2,18.08,18.17,631098,3102,18.1634
2025-10-22T04:00:00Z,17.9,17.9,17.76,17.89,493874,2384,17.8408
2025-10-23T04:00:00Z,18.2,18.31,18.19,18.3,630292,4054,18.2837
2025-10-24T04:00:00Z,18.29,18.3,18.262,18.3,338211,1992,18.2865
2025-10-27T04:00:00Z,18.05,18.1,18.01,18.09,328666,1810,18.0442
2025-10-28T04:00:00Z,18.07,18.08,18.01,18.05,180484,1269,18.048
2025-10-29T04:00:00Z,18.42,18.44,18.28,18.32,286445,1604,18.3585
2025-10-30T04:00:00Z,18.29,18.29,18.2,18.27,147959,1054,18.259
2025-10-31T04:00:00Z,18.26,18.28,18.185,18.28,121406,904,18.2199
2025-11-03T05:00:00Z,18.47,18.505,18.4,18.45,287153,1777,18.4526
2025-11-04T05:00:00Z,18.34,18.375,18.22,18.36,974308,2836,18.3256
2025-11-05T05:00:00Z,18.46,18.68,18.46,18.54,406053,1783,18.6189
2025-11-06T05:00:00Z,18.47,18.52,18.385,18.44,260942,2042,18.4344
2025-11-07T05:00:00Z,18.55,18.56,18.455,18.53,512489,2410,18.5024
2025-11-10T05:00:00Z,18.51,18.55,18.44,18.55,204801,1784,18.5063
2025-11-11T05:00:00Z,18.41,18.475,18.37,18.45,234864,2057,18.4443
2025-11-12T05:00:00Z,18.44,18.47,18.4,18.44,202270,1696,18.4362
2025-11-13T05:00:00Z,18.41,18.41,18.25,18.28,268308,2152,18.3117
2025-11-14T05:00:00Z,18.22,18.39,18.22,18.38,336361,1735,18.34
2025-11-17T05:00:00Z,18.39,18.46,18.345,18.38,365558,2378,18.4023
2025-11-18T05:00:00Z,18.31,18.34,18.245,18.26,391134,2355,18.2933
2025-11-19T05:00:00Z,18.44,18.5289,18.39,18.48,302919,1555,18.4751
2025-11-20T05:00:00Z,18.49,18.53,18.315,18.33,594306,2872,18.4206
2025-11-21T05:00:00Z,18.41,18.44,18.33,18.37,697198,4173,18.393
2025-11-24T05:00:00Z,18.74,18.8,18.74,18.78,528922,3988,18.779
2025-11-25T05:00:00Z,18.72,18.8,18.67,18.73,502957,3893,18.7481
2025-11-26T05:00:00Z,18.77,18.92,18.77,18.87,383051,2744,18.8677
2025-11-28T05:00:00Z,18.61,18.68,18.56,18.67,221707,1638,18.6385
2025-12-01T05:00:00Z,18.66,18.86,18.66,18.79,312478,2100,18.7961
2025-12-02T05:00:00Z,18.89,19.08,18.85,18.92,1029421,2762,19.0161
2025-12-03T05:00:00Z,18.84,18.87,18.8,18.83,227791,1560,18.8478
2025-12-04T05:00:00Z,18.79,18.805,18.75,18.79,171065,1075,18.7771
2025-12-05T05:00:00Z,18.75,18.82,18.72,18.82,431971,2003,18.7652
2025-12-08T05:00:00Z,18.84,18.9,18.82,18.87,204662,1534,18.8564
2025-12-09T05:00:00Z,18.72,18.72,18.65,18.68,447374,1930,18.6726
2025-12-10T05:00:00Z,18.71,18.9,18.71,18.86,707590,3472,18.8486
2025-12-11T05:00:00Z,18.63,18.715,18.59,18.68,308150,2223,18.669
2025-12-12T05:00:00Z,18.84,18.84,18.69,18.76,205423,1370,18.7491
2025-12-15T05:00:00Z,18.9,18.945,18.82,18.86,645634,3427,18.8799
2025-12-16T05:00:00Z,18.68,18.7,18.625,18.67,220116,1933,18.6604
2025-12-17T05:00:00Z,18.65,18.65,18.525,18.6,310557,2004,18.5608
2025-12-18T05:00:00Z,18.56,18.71,18.54,18.63,601191,4555,18.623
2025-12-19T05:00:00Z,18.55,18.64,18.52,18.58,545976,4168,18.5865
2025-12-22T05:00:00Z,18.63,18.735,18.62,18.68,314471,1887,18.686
2025-12-23T05:00:00Z,18.5,18.645,18.44,18.56,328023,2428,18.554
2025-12-24T05:00:00Z,18.56,18.56,18.4,18.45,107138,1002,18.4656
2025-12-26T05:00:00Z,18.47,18.48,18.445,18.47,161139,1047,18.4647
2025-12-29T05:00:00Z,18.56,18.67,18.56,18.67,280998,2182,18.6376
2025-12-30T05:00:00Z,18.7,18.715,18.645,18.67,291333,2687,18.6782
2025-12-31T05:00:00Z,18.7,18.74,18.66,18.7,149971,1402,18.6925
