timestamp,open,high,low,close,volume,tradeCount,vwap
2020-08-14T04:00:00Z,4.08,4.5,4,4.2,695309,2729,4.22665
2020-08-17T04:00:00Z,4.4,5.2,4.35,5.04,1003394,3063,4.7896
2020-08-18T04:00:00Z,5,5.08,4.17,4.2,425001,1769,4.71889
2020-08-19T04:00:00Z,4.695,4.95,4.39,4.84,541779,2169,4.77209
2020-08-20T04:00:00Z,4.95,5.75,4.84,5.35,1122846,5290,5.38919
2020-08-21T04:00:00Z,5.35,5.4999,4.6001,5.11,476282,2556,5.04952
2020-08-24T04:00:00Z,4.86,5.02,4.81,4.93,238191,1283,4.9177
2020-08-25T04:00:00Z,4.95,5.25,4.83,4.98,288598,1186,5.04877
2020-08-26T04:00:00Z,5.39,5.42,5.01,5.05,193523,969,5.23723
2020-08-27T04:00:00Z,5.6,6.55,5.55,6.07,1337217,6528,5.9349
2020-08-28T04:00:00Z,5.9,6.22,5.7,5.7,332949,1930,5.90668
2020-08-31T04:00:00Z,5.87,6.15,5.59,6,271615,1957,5.89513
2020-09-01T04:00:00Z,6.21,6.21,5.8,5.87,133051,1105,5.91678
2020-09-02T04:00:00Z,5.8,5.85,5.47,5.65,235739,1327,5.67223
2020-09-03T04:00:00Z,5.9,5.98,5.16,5.26,381440,1774,5.49673
2020-09-04T04:00:00Z,5.2,5.45,4.68,5.19,193962,1379,5.04191
2020-09-08T04:00:00Z,5.12,5.59,5,5.31,132608,787,5.24364
2020-09-09T04:00:00Z,5.37,5.54,5.1901,5.45,94523,679,5.36882
2020-09-10T04:00:00Z,5.51,5.64,5.25,5.31,91254,610,5.44486
2020-09-11T04:00:00Z,5.35,5.38,5.19,5.24,64417,507,5.25448
2020-09-14T04:00:00Z,5.24,5.55,5.19,5.42,92279,657,5.35825
2020-09-15T04:00:00Z,5.27,5.8,5.2507,5.48,63096,486,5.49265
2020-09-16T04:00:00Z,5.47,6.15,5.46,5.82,195791,1142,5.8091
2020-09-17T04:00:00Z,5.92,5.92,5.7,5.8,79845,450,5.79195
2020-09-18T04:00:00Z,5.75,7.34,5.75,6.28,833129,3154,6.55681
2020-09-21T04:00:00Z,6.42,7.1999,6.12,6.29,438150,2699,6.51924
2020-09-22T04:00:00Z,6.31,6.7,5.93,6,164955,1215,6.26683
2020-09-23T04:00:00Z,5.72,6.1015,4.95,5.17,415477,1978,5.42509
2020-09-24T04:00:00Z,5.06,6.11,5.05,5.66,356560,1998,5.67488
2020-09-25T04:00:00Z,5.76,6.19,5.4,5.49,239770,1249,5.74419
2020-09-28T04:00:00Z,5.87,5.9988,4.89,5.4,2699008,15375,5.54309
2020-09-29T04:00:00Z,7.44,7.49,5.92,6.85,2317455,10340,6.65059
2020-09-30T04:00:00Z,6.46,6.8011,6.0383,6.7,449381,2277,6.32528
2020-10-01T04:00:00Z,6.49,6.7,6.3,6.7,273427,1320,6.47419
2020-10-02T04:00:00Z,6.33,7.3672,6.15,7.3,402729,1911,6.91305
2020-10-05T04:00:00Z,7.21,7.85,7.01,7.69,334191,1984,7.46178
2020-10-06T04:00:00Z,8,8.74,7.15,7.77,842405,4146,7.97376
2020-10-07T04:00:00Z,8.2,8.8899,7.59,8.6,459086,2542,8.28272
2020-10-08T04:00:00Z,8.5,8.8364,7.71,8.15,387575,2384,8.16691
2020-10-09T04:00:00Z,8.2,9.6,8.156,9.1,464421,2745,8.92613
2020-10-12T04:00:00Z,9.6,10.584,9.25,10.32,561203,3593,10.0295
2020-10-13T04:00:00Z,10.35,11.35,10.225,11.35,466972,3618,10.9206
2020-10-14T04:00:00Z,11.6,12.49,11.59,12.09,561397,4402,12.0712
2020-10-15T04:00:00Z,11.79,11.8999,10.52,11.46,428250,3348,11.1996
2020-10-16T04:00:00Z,11.81,11.99,10,10.43,466135,3941,10.7608
2020-10-19T04:00:00Z,9.69,9.8603,8.37,9.24,442904,3408,9.22334
2020-10-20T04:00:00Z,9.37,9.37,8.7001,8.91,140027,1359,9.01333
2020-10-21T04:00:00Z,8.89,8.89,8.46,8.58,144291,1020,8.60159
2020-10-22T04:00:00Z,8.61,8.71,8.26,8.4,106404,941,8.49832
2020-10-23T04:00:00Z,8.4,8.83,8.3,8.66,99751,941,8.5031
2020-10-26T04:00:00Z,8.48,8.8,7.7001,8.14,134244,1055,8.2679
2020-10-27T04:00:00Z,8.25,8.25,7.31,7.31,142413,1323,7.80706
2020-10-28T04:00:00Z,7.3,7.31,6.6,7.12,147594,1448,7.00394
2020-10-29T04:00:00Z,7.14,7.8,7,7.31,164337,1600,7.39767
2020-10-30T04:00:00Z,7.35,7.41,6.59,6.67,156684,1118,6.93489
2020-11-02T05:00:00Z,6.7,7.44,6.7,7.16,93669,918,7.22096
2020-11-03T05:00:00Z,7.33,8.5,7.33,7.85,167232,1227,8.06852
2020-11-04T05:00:00Z,7.98,8.38,7.77,7.91,91813,875,8.00047
2020-11-05T05:00:00Z,8.1,9.2485,8,9.03,232072,1571,8.68449
2020-11-06T05:00:00Z,10.04,10.04,9.1,9.86,190534,1174,9.74665
2020-11-09T05:00:00Z,9.58,9.7,8.15,8.53,207460,1686,8.86555
2020-11-10T05:00:00Z,8.86,9.09,8.26,8.84,126287,981,8.78793
2020-11-11T05:00:00Z,8.94,9.28,8.36,8.95,147124,1125,8.774
2020-11-12T05:00:00Z,9.43,9.75,8.76,8.88,181606,1298,9.18093
2020-11-13T05:00:00Z,8.95,9.3802,7.99,8.41,136534,1317,8.53414
2020-11-16T05:00:00Z,8.56,8.95,8.5541,8.89,109854,900,8.76862
2020-11-17T05:00:00Z,8.63,8.8795,8.41,8.56,121396,1078,8.58473
2020-11-18T05:00:00Z,8.61,8.639,7.88,8.17,274696,2079,8.16053
2020-11-19T05:00:00Z,8.21,9.79,8.1,9.78,362845,2215,8.89274
2020-11-20T05:00:00Z,9.8,10.44,9.6162,10.36,544014,3635,10.121
2020-11-23T05:00:00Z,10.5,11.96,10.5,11.1,687281,4229,11.3027
2020-11-24T05:00:00Z,11.5,11.5,9.33,9.81,534025,4151,10.0791
2020-11-25T05:00:00Z,9.88,10.5472,9.62,10.18,178910,1590,10.1286
2020-11-27T05:00:00Z,10.24,10.89,9.8397,9.99,179537,1266,10.3517
2020-11-30T05:00:00Z,10.16,10.25,8.97,9.54,229660,1920,9.43876
2020-12-01T05:00:00Z,9.82,10,9.15,9.17,184677,1359,9.47422
2020-12-02T05:00:00Z,9.1,9.19,8.26,9.18,383305,3231,8.61981
2020-12-03T05:00:00Z,9.25,9.295,8.75,8.91,160140,1714,8.91785
2020-12-04T05:00:00Z,9,9.71,8.7832,9.68,160893,1567,9.35946
2020-12-07T05:00:00Z,9.65,9.73,8.97,9.18,343731,2520,9.26835
2020-12-08T05:00:00Z,9.5,10.64,9.38,10.15,717754,4313,9.8613
2020-12-09T05:00:00Z,10.45,11.155,9.55,9.62,495302,3488,10.4452
2020-12-10T05:00:00Z,9.64,11.29,9.3,11.1,635179,3928,10.3062
2020-12-11T05:00:00Z,10.93,11.29,10.25,10.55,322026,2382,10.7446
2020-12-14T05:00:00Z,11.44,11.44,10.41,10.8,486195,3346,10.9556
2020-12-15T05:00:00Z,10.94,12.7,10.81,12.35,534746,3133,11.7679
2020-12-16T05:00:00Z,12.0535,13.5,11.02,11.78,802000,4327,12.3374
2020-12-17T05:00:00Z,11.94,12.25,11.1992,11.27,275657,2530,11.6131
2020-12-18T05:00:00Z,11.76,13.22,11.61,13.04,1008576,3804,12.7462
2020-12-21T05:00:00Z,12.44,13.3,12.31,13.21,423218,3152,12.9659
2020-12-22T05:00:00Z,13.55,14.14,12.5701,12.97,478042,3113,13.3157
2020-12-23T05:00:00Z,13.33,13.4505,12.5,12.72,240372,1990,12.8601
2020-12-24T05:00:00Z,12.86,13.1,12.52,12.8,130416,1162,12.8278
2020-12-28T05:00:00Z,13.41,21.89,13.39,17.44,2847178,19619,18.039
2020-12-29T05:00:00Z,17.51,18.47,16.39,17.87,637642,5282,17.5323
2020-12-30T05:00:00Z,17.93,21,17.75,19.43,2760193,6467,19.4884
2020-12-31T05:00:00Z,19.505,19.8,17.09,17.24,672778,5334,17.9327
2021-01-04T05:00:00Z,16.94,16.9419,14.9101,15.32,665725,5246,15.6194
2021-01-05T05:00:00Z,15.1,16.37,15,15.29,256702,2558,15.7242
2021-01-06T05:00:00Z,15.95,18.6789,15.6926,17.4,609964,4496,17.5484
2021-01-07T05:00:00Z,19.16,19.86,18.01,19,381568,3457,18.9359
2021-01-08T05:00:00Z,19.66,19.74,17.3279,18.75,356571,3590,18.7522
2021-01-11T05:00:00Z,17.9,18.1774,17.08,17.67,309825,2867,17.7374
2021-01-12T05:00:00Z,17.7,19.39,17.435,19.075,584777,4337,18.3572
2021-01-13T05:00:00Z,19.8,22.5,19.62,20,883243,6411,20.5047
2021-01-14T05:00:00Z,19.85,20.15,18.3732,18.43,609172,4953,19.0058
2021-01-15T05:00:00Z,18.43,19.41,17.05,17.4,359667,2952,18.0742
2021-01-19T05:00:00Z,17.76,18.55,17.2,18.2,303052,2450,17.949
2021-01-20T05:00:00Z,18.1,18.31,17.48,18.22,165868,1708,18.012
2021-01-21T05:00:00Z,18.31,18.88,17.5777,18.73,376482,2766,18.3133
2021-01-22T05:00:00Z,18.42,18.5,17,17.68,385620,3208,17.545
2021-01-25T05:00:00Z,17.75,17.78,15.3081,15.96,697212,6324,16.1868
2021-01-26T05:00:00Z,16.26,17.15,16.005,17.15,272692,3078,16.7144
2021-01-27T05:00:00Z,16.32,16.7588,15.35,15.82,308807,3297,15.957
2021-01-28T05:00:00Z,15.91,16.25,15.13,15.47,179713,2174,15.7119
2021-01-29T05:00:00Z,15.59,15.89,14.6,14.69,261526,2487,15.168
2021-02-01T05:00:00Z,14.87,15.2302,13.96,14.78,260490,2354,14.5966
2021-02-02T05:00:00Z,15.18,15.8992,15.1,15.52,231197,2116,15.5001
2021-02-03T05:00:00Z,15.7,16.1,15.16,15.54,215585,1907,15.6447
2021-02-04T05:00:00Z,16.55,17.18,16.41,16.69,408215,2885,16.8218
2021-02-05T05:00:00Z,16.73,17.15,16.29,16.81,257334,2190,16.7198
2021-02-08T05:00:00Z,16.85,17.02,15.87,16.29,301589,2464,16.3257
2021-02-09T05:00:00Z,16.16,16.66,15.74,16.17,284455,2750,16.0677
2021-02-10T05:00:00Z,16.34,16.86,15.2785,16,243307,2406,16.0578
2021-02-11T05:00:00Z,16.51,17.15,15.81,16.75,334802,2512,16.6001
2021-02-12T05:00:00Z,16.97,17.15,16.22,16.38,209549,1851,16.8042
2021-02-16T05:00:00Z,16.84,17,16.31,16.67,261621,2138,16.6483
2021-02-17T05:00:00Z,16.67,17,15.28,15.8,304781,2274,15.9653
2021-02-18T05:00:00Z,15.47,15.53,13.97,15.26,280218,2683,14.8316
2021-02-19T05:00:00Z,15.41,15.68,14.69,14.92,232060,2188,15.0831
2021-02-22T05:00:00Z,14.42,14.92,13.5,13.65,243983,2267,14.1559
2021-02-23T05:00:00Z,13.1,13.23,11,13.22,453557,3649,12.5312
2021-02-24T05:00:00Z,13.37,14.33,13.17,13.27,251322,2415,13.669
2021-02-25T05:00:00Z,13.08,13.47,11.94,12.23,192212,2350,12.5124
2021-02-26T05:00:00Z,12.3,12.9,11.44,12.88,173698,2174,12.332
2021-03-01T05:00:00Z,13.23,13.61,12.77,13.19,168506,1728,13.244
2021-03-02T05:00:00Z,13.4,13.76,12.535,12.83,165022,1690,13.0307
2021-03-03T05:00:00Z,12.82,13.52,12.3,12.56,150110,2102,12.8593
2021-03-04T05:00:00Z,12.39,12.74,10.2,10.76,406482,3560,10.972
2021-03-05T05:00:00Z,10.86,11.08,8.34,10.01,374058,3378,9.73929
2021-03-08T05:00:00Z,10.04,10.25,9.3801,9.62,163387,1796,9.82294
2021-03-09T05:00:00Z,9.9,10.68,9.77,10.68,165483,1905,10.3243
2021-03-10T05:00:00Z,10.99,11.61,10.79,11.2,176280,1942,11.1459
2021-03-11T05:00:00Z,11.8654,12.21,11.23,12.21,220398,1786,11.8556
2021-03-12T05:00:00Z,11.95,12.09,11.2001,11.57,119526,1549,11.6148
2021-03-15T04:00:00Z,11.68,12.23,11.41,11.78,190329,1997,11.8168
2021-03-16T04:00:00Z,11.96,11.96,10.7101,10.97,162183,1922,11.2693
2021-03-17T04:00:00Z,10.65,11.63,10.3601,11.44,283537,2184,11.2132
2021-03-18T04:00:00Z,11.02,12.69,11.01,11.67,402506,2813,11.846
2021-03-19T04:00:00Z,11.7,15.87,11.41,15.35,1375128,5544,14.7005
2021-03-22T04:00:00Z,14.81,15.35,12.52,13.09,727122,5824,13.7897
2021-03-23T04:00:00Z,13.12,13.4,11.81,12.25,337316,3133,12.4771
2021-03-24T04:00:00Z,12.23,12.47,11.4,11.41,162109,1941,11.8362
2021-03-25T04:00:00Z,11.14,11.92,10.18,11.72,215354,2234,11.0178
2021-03-26T04:00:00Z,11.93,12.36,11.24,12.1,86030,1697,11.8141
2021-03-29T04:00:00Z,11.59,11.98,10.85,11.28,150325,1601,11.2962
2021-03-30T04:00:00Z,11.26,11.86,11.11,11.86,177247,1183,11.7187
2021-03-31T04:00:00Z,11.9,12.95,11.9,12.95,150841,1879,12.4816
2021-04-01T04:00:00Z,13.14,13.58,13.04,13.31,111359,1520,13.2952
2021-04-05T04:00:00Z,13.74,13.79,13.34,13.55,144646,1599,13.6011
2021-04-06T04:00:00Z,13.43,13.54,13.02,13.33,95319,944,13.2795
2021-04-07T04:00:00Z,13.34,13.34,12.52,13.08,49136,618,12.8932
2021-04-08T04:00:00Z,13.19,13.305,12.62,12.71,72937,1262,12.8452
2021-04-09T04:00:00Z,12.61,12.62,12.27,12.51,57742,765,12.4606
2021-04-12T04:00:00Z,12.5,12.61,11.76,11.94,63662,795,12.0414
2021-04-13T04:00:00Z,11.96,12.3077,11.15,11.2,131067,1382,11.4537
2021-04-14T04:00:00Z,11.41,11.73,11.195,11.69,158147,2000,11.4804
2021-04-15T04:00:00Z,11.89,11.89,10.9,11.32,135278,1272,11.3257
2021-04-16T04:00:00Z,11.28,11.4575,10.945,11.08,66295,1144,11.1313
2021-04-19T04:00:00Z,10.96,10.9743,10.32,10.4,106311,1377,10.5577
2021-04-20T04:00:00Z,10.32,10.5,9.66,9.91,89590,1285,10.0391
2021-04-21T04:00:00Z,9.88,10.74,9.635,10.67,158161,1508,10.2086
2021-04-22T04:00:00Z,10.79,11.4,10.55,11.05,136313,880,10.9232
2021-04-23T04:00:00Z,11.13,11.42,10.8701,11.39,68143,831,11.2848
2021-04-26T04:00:00Z,11.55,11.789,11.39,11.59,72712,1004,11.606
2021-04-27T04:00:00Z,11.54,11.7,11.28,11.37,42249,457,11.4414
2021-04-28T04:00:00Z,11.45,11.7,11.41,11.6,34543,549,11.545
2021-04-29T04:00:00Z,11.52,11.7,11.38,11.56,65070,890,11.5178
2021-04-30T04:00:00Z,11.4,11.68,11.01,11.03,40693,657,11.2721
2021-05-03T04:00:00Z,11.15,11.39,10.5,10.84,45481,577,10.87
2021-05-04T04:00:00Z,10.46,10.54,9.8165,10.23,82650,1222,10.1949
2021-05-05T04:00:00Z,10.32,10.83,10,10.15,60458,740,10.2615
2021-05-06T04:00:00Z,10.09,10.2399,9.25,9.3,69742,1214,9.60034
2021-05-07T04:00:00Z,9.22,9.77,9.22,9.57,73465,612,9.56306
2021-05-10T04:00:00Z,9.6,10,8.72,8.72,86877,1186,9.09635
2021-05-11T04:00:00Z,8.36,8.7,7.96,8.47,109368,1520,8.36889
2021-05-12T04:00:00Z,8.5,8.75,7.3,7.69,170101,2096,7.80762
2021-05-13T04:00:00Z,8.13,9.98,8.03,8.95,580783,4333,9.18343
2021-05-14T04:00:00Z,9.21,9.36,8.25,8.53,182283,2300,8.71392
2021-05-17T04:00:00Z,8.35,10.3,8.33,10.05,155982,2057,9.54948
2021-05-18T04:00:00Z,10.2,11.21,10.1535,11.15,216578,2534,10.9001
2021-05-19T04:00:00Z,10.7,11.1199,10,10.44,183919,2157,10.3305
2021-05-20T04:00:00Z,10.52,11.3351,10.4401,11.18,179693,1947,11.0501
2021-05-21T04:00:00Z,11.29,11.4,10.53,10.99,192269,2150,10.9338
2021-05-24T04:00:00Z,11.29,11.29,10.4,10.84,132828,1153,10.8535
2021-05-25T04:00:00Z,11.07,11.2,10.52,10.6,96558,1177,10.8477
2021-05-26T04:00:00Z,10.79,10.85,10.635,10.75,47270,635,10.7497
2021-05-27T04:00:00Z,10.77,10.84,10.3,10.55,143556,1407,10.552
2021-05-28T04:00:00Z,10.63,10.7,10.3,10.44,79301,867,10.497
2021-06-01T04:00:00Z,10.4898,10.7658,10.07,10.5,65005,674,10.3933
2021-06-02T04:00:00Z,10.5,10.5831,10.25,10.36,102375,1265,10.4297
2021-06-03T04:00:00Z,10.2,10.5879,10.06,10.2,64881,815,10.2477
2021-06-04T04:00:00Z,10.2,10.8,9.85,10.75,103410,1208,10.4525
2021-06-07T04:00:00Z,10.78,11.25,10.65,11,184706,1785,10.9986
2021-06-08T04:00:00Z,11.18,11.2891,10.83,10.9,91661,965,11.0411
2021-06-09T04:00:00Z,11.03,11.1961,10.82,10.97,67127,921,10.9877
2021-06-10T04:00:00Z,10.97,11.23,10.48,10.49,67024,947,10.8261
2021-06-11T04:00:00Z,10.51,11.399,10.5,11.25,123861,1586,11.12
2021-06-14T04:00:00Z,11.45,11.45,10.87,10.93,75358,1021,11.1547
2021-06-15T04:00:00Z,10.9,11.01,10.5001,10.86,44775,873,10.768
2021-06-16T04:00:00Z,10.9,11.05,10.5801,10.89,86878,678,10.8573
2021-06-17T04:00:00Z,10.83,11.2,10.755,10.98,64909,927,11.0252
2021-06-18T04:00:00Z,10.78,11.5353,10.66,11.32,348065,2052,11.2934
2021-06-21T04:00:00Z,11.4,11.4,10.72,10.86,61556,879,10.9812
2021-06-22T04:00:00Z,10.68,10.68,9.83,10.27,79774,986,10.3305
2021-06-23T04:00:00Z,10.37,10.93,10.37,10.72,63448,907,10.7053
2021-06-24T04:00:00Z,10.8,11.13,10.7196,10.98,64588,796,10.9406
2021-06-25T04:00:00Z,11.1,11.68,11,11.51,281093,1313,11.4684
2021-06-28T04:00:00Z,11.48,11.69,11.02,11.49,62870,738,11.3858
2021-06-29T04:00:00Z,11.51,12.16,11.1735,12.16,201288,1367,12.0625
2021-06-30T04:00:00Z,12.08,12.6,11.5,11.63,93970,2050,12.1538
2021-07-01T04:00:00Z,11.75,11.75,11.05,11.32,28614,463,11.336
2021-07-02T04:00:00Z,11.4,11.5378,10.51,10.63,68066,1055,10.8416
2021-07-06T04:00:00Z,10.66,10.66,9.52,9.71,128582,1783,9.9322
2021-07-07T04:00:00Z,9.82,10.3607,9.25,9.73,114076,1071,9.65665
2021-07-08T04:00:00Z,9.3,9.5899,9.2201,9.27,49562,658,9.42915
2021-07-09T04:00:00Z,9.51,9.51,9.22,9.41,41381,722,9.33768
2021-07-12T04:00:00Z,9.41,9.82,9.2501,9.45,27053,508,9.45599
2021-07-13T04:00:00Z,9.4,9.95,9.2812,9.87,44630,721,9.75991
2021-07-14T04:00:00Z,9.68,9.835,9,9.1,115250,1642,9.33945
2021-07-15T04:00:00Z,9.02,9.37,8.47,8.75,74791,1359,8.84935
2021-07-16T04:00:00Z,8.76,9.103,8.55,8.64,32609,647,8.73087
2021-07-19T04:00:00Z,8.59,8.85,8.0601,8.72,50902,873,8.53948
2021-07-20T04:00:00Z,8.77,9.0536,8.57,8.96,43617,518,8.8902
2021-07-21T04:00:00Z,9.04,9.81,9.0223,9.63,38732,505,9.56359
2021-07-22T04:00:00Z,9.49,10,9.4432,9.61,63742,680,9.69718
2021-07-23T04:00:00Z,9.71,10.02,9.35,9.51,41682,484,9.50741
2021-07-26T04:00:00Z,9.61,9.83,9.36,9.46,44981,550,9.54124
2021-07-27T04:00:00Z,9.4,9.78,9.0601,9.67,41201,664,9.46265
2021-07-28T04:00:00Z,9.64,10.29,9.365,10.17,35438,428,9.99011
2021-07-29T04:00:00Z,10.28,10.39,9.82,10.05,36169,540,10.1046
2021-07-30T04:00:00Z,10.1,10.22,9.7572,9.93,36393,575,9.98176
2021-08-02T04:00:00Z,9.88,9.93,9.539,9.58,26298,321,9.73691
2021-08-03T04:00:00Z,9.58,9.99,9.5509,9.7,47941,544,9.73413
2021-08-04T04:00:00Z,9.58,9.769,8.9088,9.06,28676,416,9.23269
2021-08-05T04:00:00Z,9.06,9.8,9.06,9.45,38994,406,9.46954
2021-08-06T04:00:00Z,9.58,9.82,9.33,9.42,31079,406,9.54152
2021-08-09T04:00:00Z,9.47,10.1,9.4184,9.78,31769,414,9.78799
2021-08-10T04:00:00Z,9.9,10.4982,9.64,9.96,39867,630,10.1301
2021-08-11T04:00:00Z,10.18,10.45,9.7,9.95,44310,863,10.0131
2021-08-12T04:00:00Z,9.91,9.99,9.67,9.77,21337,391,9.80108
2021-08-13T04:00:00Z,9.76,9.99,9.5,9.72,22191,355,9.73127
2021-08-16T04:00:00Z,9.72,9.72,8.7,8.7,48796,719,9.21987
2021-08-17T04:00:00Z,8.66,8.66,8.1973,8.3,94430,828,8.34641
2021-08-18T04:00:00Z,8.28,8.74,7.92,7.96,48782,878,8.26971
2021-08-19T04:00:00Z,7.77,8.347,7,7.09,125544,1534,7.60613
2021-08-20T04:00:00Z,7.11,7.7885,6.9925,7.11,143442,1562,7.13936
2021-08-23T04:00:00Z,7.2,8.355,7.2,7.97,101205,1146,7.98612
2021-08-24T04:00:00Z,8.11,8.52,8.11,8.52,50558,633,8.32112
2021-08-25T04:00:00Z,8.52,8.52,8.15,8.33,47565,462,8.27734
2021-08-26T04:00:00Z,8.35,8.35,8.05,8.16,13266,357,8.17408
2021-08-27T04:00:00Z,8.17,8.3805,8.11,8.32,25537,699,8.31336
2021-08-30T04:00:00Z,8.37,8.58,8.1,8.35,87068,382,8.29266
2021-08-31T04:00:00Z,8.332,8.6361,8.18,8.22,51640,721,8.3783
2021-09-01T04:00:00Z,8.25,8.49,8.12,8.42,32913,375,8.35405
2021-09-02T04:00:00Z,8.4,8.465,8.25,8.35,29673,517,8.35961
2021-09-03T04:00:00Z,8.31,8.455,8.22,8.35,20994,361,8.33246
2021-09-07T04:00:00Z,8.3,8.49,8,8.06,29412,519,8.15225
2021-09-08T04:00:00Z,8,8.39,8,8.07,24558,391,8.11417
2021-09-09T04:00:00Z,8.1978,8.22,7.8,7.97,37207,424,7.93669
2021-09-10T04:00:00Z,8.13,8.34,7.5636,7.79,44128,610,8.04432
2021-09-13T04:00:00Z,7.79,7.9,7.25,7.46,80925,1351,7.51493
2021-09-14T04:00:00Z,7.54,7.625,6.87,7.1,85595,1002,7.11257
2021-09-15T04:00:00Z,7.1,7.3868,6.81,7.32,56454,739,7.05609
2021-09-16T04:00:00Z,7.24,7.24,6.4,6.69,300288,2818,6.60277
2021-09-17T04:00:00Z,6.6,6.83,6,6.38,813419,4079,6.33991
2021-09-20T04:00:00Z,6.3,6.7663,6.122,6.6,134967,1334,6.55409
2021-09-21T04:00:00Z,6.51,7.75,6.33,7.42,222024,1708,7.06144
2021-09-22T04:00:00Z,7.5,7.84,7.4,7.52,174594,1455,7.60072
2021-09-23T04:00:00Z,6.5,6.65,5.82,5.87,1352320,10841,5.97035
2021-09-24T04:00:00Z,5.92,5.96,5.6601,5.705,372746,3249,5.75389
2021-09-27T04:00:00Z,5.68,5.81,5.4061,5.72,658327,4556,5.64146
2021-09-28T04:00:00Z,5.7,5.78,5,5.21,774695,6418,5.26674
2021-09-29T04:00:00Z,5.16,5.24,4.75,4.99,3247531,8696,4.99506
2021-09-30T04:00:00Z,5.05,5.34,4.85,5.08,606481,4018,5.06417
2021-10-01T04:00:00Z,5.13,5.264,5.02,5.08,492732,3102,5.12903
2021-10-04T04:00:00Z,5.15,5.15,4.76,4.82,326526,2597,4.85656
2021-10-05T04:00:00Z,5.15,5.36,4.85,5.24,627315,4529,5.11718
2021-10-06T04:00:00Z,5.2,5.65,5.06,5.16,348202,2366,5.27928
2021-10-07T04:00:00Z,5.21,5.47,5.1124,5.42,266056,1886,5.36053
2021-10-08T04:00:00Z,5.45,5.5,5.12,5.36,187957,1625,5.34152
2021-10-11T04:00:00Z,5.4,5.5,5.29,5.37,228682,2186,5.41941
2021-10-12T04:00:00Z,5.45,5.5852,5.4,5.55,128721,1144,5.46903
2021-10-13T04:00:00Z,5.57,5.69,5.46,5.66,148602,1482,5.57903
2021-10-14T04:00:00Z,5.65,5.73,5.5721,5.63,200014,1865,5.64623
2021-10-15T04:00:00Z,5.7,5.7,5.34,5.38,157909,1105,5.53684
2021-10-18T04:00:00Z,5.45,5.6357,5.39,5.58,129372,1259,5.54747
2021-10-19T04:00:00Z,5.64,5.68,5.55,5.67,139306,1037,5.60531
2021-10-20T04:00:00Z,5.68,6.01,5.55,6,438825,2892,5.87107
2021-10-21T04:00:00Z,5.99,6.0398,5.58,5.69,236905,1523,5.75622
2021-10-22T04:00:00Z,5.66,5.66,5.3688,5.55,114255,1293,5.49095
2021-10-25T04:00:00Z,5.62,5.935,5.5,5.67,291767,2311,5.73657
2021-10-26T04:00:00Z,5.7,5.77,5.53,5.63,127365,1323,5.66151
2021-10-27T04:00:00Z,5.63,5.7722,5.5,5.65,110883,863,5.65275
2021-10-28T04:00:00Z,5.65,5.8,5.49,5.65,358677,2463,5.65428
2021-10-29T04:00:00Z,5.69,5.77,5.5,5.75,163539,994,5.69924
2021-11-01T04:00:00Z,5.8,6.22,5.7999,6.16,760211,4625,6.09762
2021-11-02T04:00:00Z,6.19,6.41,6.01,6.4,208340,1629,6.24063
2021-11-03T04:00:00Z,6.36,6.3991,6.135,6.36,189860,1711,6.24754
2021-11-04T04:00:00Z,6.4,6.45,6.16,6.295,198091,1742,6.31293
2021-11-05T04:00:00Z,6.33,6.38,5.98,6.03,213743,2155,6.11149
2021-11-08T05:00:00Z,6.18,6.5499,6.17,6.47,346216,3242,6.36487
2021-11-09T05:00:00Z,6.5,6.6129,6.15,6.34,122751,1169,6.36449
2021-11-10T05:00:00Z,6.3,6.4298,6.0406,6.18,198838,1580,6.22271
2021-11-11T05:00:00Z,6.29,6.41,6,6.1,243138,1898,6.25593
2021-11-12T05:00:00Z,6.18,6.28,5.9898,6.19,178318,1567,6.13669
2021-11-15T05:00:00Z,6.25,6.25,6,6.21,102145,878,6.11016
2021-11-16T05:00:00Z,6.19,6.19,5.7,5.87,225159,1348,5.87815
2021-11-17T05:00:00Z,5.77,5.87,5.51,5.53,179741,1172,5.68615
2021-11-18T05:00:00Z,5.5,5.5229,5.1149,5.21,150304,1451,5.2414
2021-11-19T05:00:00Z,5.23,5.55,5.23,5.46,145389,1086,5.45494
2021-11-22T05:00:00Z,5.45,5.53,5.1,5.35,110129,1521,5.28265
2021-11-23T05:00:00Z,5.38,5.45,5.01,5.32,204519,1184,5.21156
2021-11-24T05:00:00Z,5.22,5.45,5.1501,5.37,88909,753,5.34467
2021-11-26T05:00:00Z,5.18,5.28,5.03,5.16,81000,536,5.1374
2021-11-29T05:00:00Z,5.2,5.45,5.05,5.26,133077,1890,5.28681
2021-11-30T05:00:00Z,5.22,5.2737,4.83,5.16,125660,1345,5.03043
2021-12-01T05:00:00Z,5.18,5.295,4.77,4.88,132378,942,4.97884
2021-12-02T05:00:00Z,4.99,5.209,4.88,5.15,107998,991,5.05195
2021-12-03T05:00:00Z,5.24,5.24,4.5601,4.7,195612,1799,4.76666
2021-12-06T05:00:00Z,4.84,5.08,4.458,4.82,181808,1710,4.87363
2021-12-07T05:00:00Z,4.94,5.42,4.66,5.16,126458,1091,5.20812
2021-12-08T05:00:00Z,5.13,5.45,5.02,5.23,82124,732,5.29282
2021-12-09T05:00:00Z,5.22,5.2698,4.9101,4.98,56597,625,5.06984
2021-12-10T05:00:00Z,5.1,5.19,4.76,4.82,115456,1104,4.87569
2021-12-13T05:00:00Z,4.79,4.86,4.56,4.65,69975,668,4.66827
2021-12-14T05:00:00Z,4.8016,4.85,4.54,4.81,84192,1052,4.67758
2021-12-15T05:00:00Z,4.83,4.8499,4.44,4.74,129654,1323,4.60001
2021-12-16T05:00:00Z,4.8,4.83,4.4701,4.54,73379,938,4.63141
2021-12-17T05:00:00Z,4.46,4.88,4.33,4.54,234466,1358,4.614
2021-12-20T05:00:00Z,4.53,4.535,4.3001,4.31,100652,744,4.37627
2021-12-21T05:00:00Z,4.43,4.81,4.37,4.75,154371,1526,4.66924
2021-12-22T05:00:00Z,4.69,4.84,4.62,4.7,70861,642,4.72721
2021-12-23T05:00:00Z,4.7,4.7,4.3983,4.48,123410,1262,4.51907
2021-12-27T05:00:00Z,4.51,4.535,4.218,4.29,132865,1059,4.32421
2021-12-28T05:00:00Z,4.3,4.32,3.91,4.13,219439,1351,4.04916
2021-12-29T05:00:00Z,4.13,4.2085,3.95,3.98,94125,840,4.03868
2021-12-30T05:00:00Z,4.05,4.3,4.05,4.25,112176,899,4.2032
2021-12-31T05:00:00Z,4.3994,4.3994,4.16,4.29,98554,950,4.30039
2022-01-03T05:00:00Z,4.33,4.41,4.2,4.37,44089,411,4.3424
2022-01-04T05:00:00Z,4.35,4.6984,4.28,4.54,251746,1632,4.4967
2022-01-05T05:00:00Z,4.49,4.685,4.21,4.31,131006,731,4.44281
2022-01-06T05:00:00Z,4.34,4.35,4.05,4.18,71479,598,4.19977
2022-01-07T05:00:00Z,4.18,4.24,4.13,4.22,48833,322,4.18702
2022-01-10T05:00:00Z,4.21,4.27,4.06,4.15,49462,875,4.14994
2022-01-11T05:00:00Z,4.21,4.25,4.06,4.12,49014,508,4.148
2022-01-12T05:00:00Z,4.16,4.1899,4,4.11,51678,796,4.11977
2022-01-13T05:00:00Z,4.1,4.2763,4.1,4.18,37873,416,4.16488
2022-01-14T05:00:00Z,4.15,4.2,3.8,4.17,122166,1191,4.03406
2022-01-18T05:00:00Z,4.06,4.06,3.875,3.96,70957,591,3.95
2022-01-19T05:00:00Z,3.94,3.9999,3.8,3.86,106692,877,3.87919
2022-01-20T05:00:00Z,3.9,3.98,3.545,3.66,146298,821,3.77332
2022-01-21T05:00:00Z,3.62,3.78,3.5,3.6,84743,962,3.59954
2022-01-24T05:00:00Z,3.5,3.62,3.18,3.62,138538,1363,3.37649
2022-01-25T05:00:00Z,3.5,3.569,3.33,3.44,60866,637,3.45191
2022-01-26T05:00:00Z,3.55,3.61,3.33,3.36,41861,528,3.49518
2022-01-27T05:00:00Z,3.39,3.48,3.14,3.18,45783,523,3.21839
2022-01-28T05:00:00Z,3.19,3.35,3,3.3,59291,580,3.1836
2022-01-31T05:00:00Z,3.36,3.55,3.31,3.49,52308,641,3.47866
2022-02-01T05:00:00Z,3.53,3.62,3.42,3.58,50411,537,3.52979
2022-02-02T05:00:00Z,3.61,3.61,3.23,3.29,65126,403,3.39487
2022-02-03T05:00:00Z,3.2,3.2509,3.12,3.12,17663,216,3.17308
2022-02-04T05:00:00Z,3.14,3.17,3,3.12,72068,727,3.08473
2022-02-07T05:00:00Z,3.11,3.26,3.02,3.09,46744,410,3.1323
2022-02-08T05:00:00Z,3.1,3.3982,3.0337,3.35,101009,669,3.24631
2022-02-09T05:00:00Z,3.43,3.54,3.27,3.42,92235,535,3.42268
2022-02-10T05:00:00Z,3.41,3.5033,3.31,3.47,80637,728,3.41047
2022-02-11T05:00:00Z,3.01,3.1919,2.9,2.99,275498,1862,3.02942
2022-02-14T05:00:00Z,2.99,3.1,2.82,2.82,79031,984,2.87777
2022-02-15T05:00:00Z,2.88,2.9,2.645,2.78,146896,1075,2.78356
2022-02-16T05:00:00Z,2.81,2.8388,2.7042,2.74,52834,713,2.75957
2022-02-17T05:00:00Z,2.75,2.795,2.62,2.7,77950,384,2.72199
2022-02-18T05:00:00Z,2.66,2.78,2.55,2.57,82204,753,2.62934
2022-02-22T05:00:00Z,2.52,2.725,2.46,2.61,95576,462,2.61702
2022-02-23T05:00:00Z,2.61,2.6687,2.42,2.42,71387,542,2.5357
2022-02-24T05:00:00Z,2.33,2.6,2.33,2.56,65395,514,2.50334
2022-02-25T05:00:00Z,2.58,2.7,2.56,2.63,35682,482,2.64081
2022-02-28T05:00:00Z,2.58,2.74,2.56,2.57,40024,314,2.63409
2022-03-01T05:00:00Z,2.57,2.639,2.39,2.4,104466,509,2.48286
2022-03-02T05:00:00Z,2.41,2.4715,2.25,2.28,127651,739,2.33591
2022-03-03T05:00:00Z,2.28,2.3113,2.05,2.12,224070,1223,2.12818
2022-03-04T05:00:00Z,2.13,2.13,2.065,2.1,59574,320,2.09211
2022-03-07T05:00:00Z,2.07,2.2599,2.05,2.16,172109,738,2.19813
2022-03-08T05:00:00Z,2.23,2.56,2.2,2.38,307717,1160,2.40697
2022-03-09T05:00:00Z,2.49,2.49,2.3,2.32,93076,437,2.36728
2022-03-10T05:00:00Z,2.27,2.36,2.22,2.27,52075,578,2.28822
2022-03-11T05:00:00Z,2.27,2.3599,2.04,2.08,85902,566,2.11064
2022-03-14T04:00:00Z,2.13,2.13,2,2,52064,614,2.04308
2022-03-15T04:00:00Z,2.02,2.18,2,2.07,61789,315,2.07792
2022-03-16T04:00:00Z,2.1,2.2723,2.1,2.24,114917,371,2.19758
2022-03-17T04:00:00Z,2.24,2.54,2.24,2.53,166702,751,2.45607
2022-03-18T04:00:00Z,2.56,2.595,2.5,2.58,116049,470,2.55612
2022-03-21T04:00:00Z,2.58,2.68,2.5,2.61,185732,669,2.61985
2022-03-22T04:00:00Z,2.7,2.72,2.64,2.65,61006,282,2.68235
2022-03-23T04:00:00Z,2.65,2.73,2.59,2.71,77115,378,2.67204
2022-03-24T04:00:00Z,2.72,2.74,2.6601,2.72,51775,206,2.71173
2022-03-25T04:00:00Z,2.72,2.72,2.44,2.54,181082,581,2.56286
2022-03-28T04:00:00Z,2.57,2.5989,2.385,2.46,56537,395,2.47622
2022-03-29T04:00:00Z,2.53,2.59,2.47,2.49,36112,283,2.52781
2022-03-30T04:00:00Z,2.55,2.5889,2.5,2.54,44529,204,2.54607
2022-03-31T04:00:00Z,2.57,2.73,2.47,2.67,206200,824,2.62156
2022-04-01T04:00:00Z,2.7,2.71,2.57,2.64,74399,370,2.64442
2022-04-04T04:00:00Z,2.66,2.9237,2.6166,2.91,179536,868,2.80911
2022-04-05T04:00:00Z,2.99,3.0537,2.7,2.75,178966,754,2.87243
2022-04-06T04:00:00Z,2.66,2.69,2.53,2.6,71087,441,2.58425
2022-04-07T04:00:00Z,2.62,2.62,2.5101,2.57,50054,366,2.55923
2022-04-08T04:00:00Z,2.6,2.67,2.51,2.54,66866,346,2.59881
2022-04-11T04:00:00Z,2.6,2.65,2.44,2.52,49119,350,2.53678
2022-04-12T04:00:00Z,2.53,2.75,2.44,2.74,120601,906,2.58889
2022-04-13T04:00:00Z,2.73,2.8,2.5404,2.7,65531,383,2.69858
2022-04-14T04:00:00Z,2.71,2.99,2.608,2.99,98834,674,2.87719
2022-04-18T04:00:00Z,2.95,2.95,2.75,2.76,48480,301,2.85064
2022-04-19T04:00:00Z,2.84,3.1401,2.7601,2.94,187538,882,2.93449
2022-04-20T04:00:00Z,2.94,3.069,2.86,2.91,65692,780,2.97504
2022-04-21T04:00:00Z,2.9,2.9378,2.6101,2.66,49540,413,2.78736
2022-04-22T04:00:00Z,2.5914,2.931,2.56,2.75,35636,271,2.73839
2022-04-25T04:00:00Z,2.75,2.75,2.65,2.68,34316,217,2.68925
2022-04-26T04:00:00Z,2.68,2.69,2.46,2.51,34533,324,2.57203
2022-04-27T04:00:00Z,2.47,2.5205,2.4,2.42,23358,196,2.4495
2022-04-28T04:00:00Z,2.42,2.47,2.31,2.47,38147,410,2.38779
2022-04-29T04:00:00Z,2.44,2.475,2.29,2.29,20490,196,2.36091
2022-05-02T04:00:00Z,2.21,2.67,2.2,2.57,47179,408,2.40137
2022-05-03T04:00:00Z,2.61,2.73,2.6,2.64,31212,349,2.62739
2022-05-04T04:00:00Z,2.66,2.69,2.5,2.62,34254,450,2.62351
2022-05-05T04:00:00Z,2.74,2.75,2.58,2.65,22820,212,2.65795
2022-05-06T04:00:00Z,2.44,2.7153,2.44,2.71,26110,215,2.59589
2022-05-09T04:00:00Z,2.51,2.71,2.48,2.55,41534,609,2.5766
2022-05-10T04:00:00Z,2.64,2.69,2.29,2.35,59564,306,2.42573
2022-05-11T04:00:00Z,2.32,2.53,2.09,2.12,25571,314,2.29625
2022-05-12T04:00:00Z,2.06,2.325,2.06,2.1,42137,306,2.12653
2022-05-13T04:00:00Z,2.42,2.4599,2.3,2.31,41610,335,2.35077
2022-05-16T04:00:00Z,2.36,2.36,2.1201,2.22,38924,249,2.26042
2022-05-17T04:00:00Z,2.29,2.37,2.243,2.31,39365,304,2.31365
2022-05-18T04:00:00Z,2.35,2.37,2.2,2.2,36424,287,2.28053
2022-05-19T04:00:00Z,2.285,2.35,2.13,2.15,46026,337,2.24442
2022-05-20T04:00:00Z,2.14,2.18,2.06,2.07,25817,215,2.10926
2022-05-23T04:00:00Z,2.1,2.36,2.04,2.04,40304,273,2.15071
2022-05-24T04:00:00Z,2.04,2.14,1.8901,2.09,83300,455,1.98746
2022-05-25T04:00:00Z,2.0091,2.29,2,2.22,27597,281,2.15717
2022-05-26T04:00:00Z,2.22,2.46,2.1501,2.35,40194,272,2.35032
2022-05-27T04:00:00Z,2.3751,2.56,2.3751,2.55,68974,318,2.46586
2022-05-31T04:00:00Z,2.54,2.74,2.5001,2.72,57776,298,2.67516
2022-06-01T04:00:00Z,2.8,2.8835,2.72,2.85,53961,388,2.78761
2022-06-02T04:00:00Z,2.82,2.8831,2.67,2.73,44508,413,2.77061
2022-06-03T04:00:00Z,2.68,2.86,2.5,2.72,74236,413,2.6238
2022-06-06T04:00:00Z,2.71,2.71,2.35,2.6,20684,243,2.54
2022-06-07T04:00:00Z,2.57,2.74,2.5601,2.71,45723,473,2.71214
2022-06-08T04:00:00Z,2.71,2.74,2.68,2.69,14453,157,2.70774
2022-06-09T04:00:00Z,2.7399,2.7399,2.57,2.61,18938,183,2.67037
2022-06-10T04:00:00Z,2.59,2.66,2.31,2.37,44491,394,2.40937
2022-06-13T04:00:00Z,2.34,2.3566,2.18,2.19,48132,249,2.24095
2022-06-14T04:00:00Z,2.26,2.32,2.1,2.1,20130,177,2.18607
2022-06-15T04:00:00Z,2.18,2.18,2.04,2.11,36427,246,2.09668
2022-06-16T04:00:00Z,2.15,2.193,1.99,2.02,80504,279,2.03499
2022-06-17T04:00:00Z,2.11,2.1724,2.0401,2.17,50886,178,2.15106
2022-06-21T04:00:00Z,2.26,2.29,2.1847,2.23,20315,179,2.2489
2022-06-22T04:00:00Z,2.21,2.27,2.08,2.16,14497,166,2.19403
2022-06-23T04:00:00Z,2.18,2.3,2.15,2.16,30254,297,2.22726
2022-06-24T04:00:00Z,2.21,2.3,2.16,2.3,63262,273,2.25874
2022-06-27T04:00:00Z,2.3,2.3,2.24,2.3,12723,118,2.29564
2022-06-28T04:00:00Z,2.28,2.48,2.28,2.4,26648,209,2.34336
2022-06-29T04:00:00Z,2.37,2.39,2.28,2.33,10285,93,2.34342
2022-06-30T04:00:00Z,2.31,2.44,2.28,2.4,14864,146,2.34666
2022-07-01T04:00:00Z,2.35,2.38,2.3,2.3,18618,206,2.31486
2022-07-05T04:00:00Z,2.29,2.4,2.24,2.31,28183,179,2.33834
2022-07-06T04:00:00Z,2.29,2.48,2.24,2.39,24162,183,2.37426
2022-07-07T04:00:00Z,2.48,2.49,2.26,2.29,49894,306,2.37484
2022-07-08T04:00:00Z,2.35,2.4699,2.35,2.38,16671,227,2.39255
2022-07-11T04:00:00Z,2.35,2.42,2.16,2.17,20692,187,2.26605
2022-07-12T04:00:00Z,2.17,2.4345,2.17,2.2,9862,119,2.34373
2022-07-13T04:00:00Z,2.22,2.36,2.2,2.23,7454,108,2.23348
2022-07-14T04:00:00Z,2.1853,2.1853,2.11,2.1377,12240,185,2.14656
2022-07-15T04:00:00Z,2.06,2.28,2.06,2.2,16413,147,2.13952
2022-07-18T04:00:00Z,2.33,2.39,2.25,2.25,15948,165,2.31863
2022-07-19T04:00:00Z,2.37,2.45,2.37,2.4,20823,237,2.4015
2022-07-20T04:00:00Z,2.48,2.5,2.18,2.39,37111,243,2.38914
2022-07-21T04:00:00Z,2.35,2.4,2.3,2.34,11478,154,2.34394
2022-07-22T04:00:00Z,2.43,2.43,2.3174,2.33,6990,102,2.33935
2022-07-25T04:00:00Z,2.3,2.3,2.1795,2.24,10725,142,2.26049
2022-07-26T04:00:00Z,2.2,2.36,2.18,2.2,18151,148,2.22158
2022-07-27T04:00:00Z,2.2,2.284,2.2,2.27,10194,149,2.23653
2022-07-28T04:00:00Z,2.34,2.39,2.32,2.32,60498,350,2.353
2022-07-29T04:00:00Z,2.37,2.7,2.3405,2.63,72760,424,2.56758
2022-08-01T04:00:00Z,2.77,2.89,2.6471,2.84,54637,306,2.81498
2022-08-02T04:00:00Z,2.86,3.43,2.78,3.27,110137,709,3.1246
2022-08-03T04:00:00Z,3.13,3.3199,2.86,3.19,75511,478,3.20184
2022-08-04T04:00:00Z,3.19,3.42,3.178,3.27,24359,224,3.27368
2022-08-05T04:00:00Z,3.2019,3.2657,3.1,3.19,16544,194,3.17986
2022-08-08T04:00:00Z,3.18,3.3299,3.11,3.16,20054,254,3.20415
2022-08-09T04:00:00Z,3.18,3.2,2.87,2.91,43481,303,3.03578
2022-08-10T04:00:00Z,2.88,3,2.8047,2.92,39572,215,2.89498
2022-08-11T04:00:00Z,2.92,2.9548,2.86,2.9,24123,204,2.89185
2022-08-12T04:00:00Z,3.01,3.3179,2.8807,2.95,58342,342,2.93869
2022-08-15T04:00:00Z,3.09,3.09,2.91,2.91,30663,197,2.97531
2022-08-16T04:00:00Z,2.92,3.03,2.78,2.97,59063,370,2.92306
2022-08-17T04:00:00Z,3,3.0315,2.85,2.95,12847,154,2.94714
2022-08-18T04:00:00Z,2.92,3.21,2.91,2.98,17028,154,3.04129
2022-08-19T04:00:00Z,2.93,2.93,2.61,2.75,39199,236,2.7715
2022-08-22T04:00:00Z,2.63,2.63,2.52,2.57,17377,169,2.58489
2022-08-23T04:00:00Z,2.54,2.9799,2.54,2.76,36504,208,2.68714
2022-08-24T04:00:00Z,2.79,2.8,2.6065,2.75,35055,341,2.73569
2022-08-25T04:00:00Z,2.84,2.9599,2.72,2.78,30851,137,2.83339
2022-08-26T04:00:00Z,2.77,2.77,2.65,2.7,5729,114,2.7013
2022-08-29T04:00:00Z,2.67,2.8782,2.56,2.61,14810,112,2.73274
2022-08-30T04:00:00Z,2.67,2.9658,2.52,2.54,33115,175,2.64019
2022-08-31T04:00:00Z,2.59,2.6754,2.21,2.49,56339,364,2.44813
2022-09-01T04:00:00Z,2.37,2.57,2.34,2.35,40894,189,2.4285
2022-09-02T04:00:00Z,2.6164,2.79,2.42,2.52,26708,206,2.59657
2022-09-06T04:00:00Z,2.7,2.7573,2.52,2.72,31288,206,2.6107
2022-09-07T04:00:00Z,2.77,2.8341,2.71,2.78,30061,150,2.76163
2022-09-08T04:00:00Z,2.71,2.9286,2.71,2.83,22066,129,2.81886
2022-09-09T04:00:00Z,2.9984,2.9984,2.87,2.92,34474,226,2.92041
2022-09-12T04:00:00Z,3,3.14,2.87,3.11,99453,499,3.00986
2022-09-13T04:00:00Z,3,3.13,2.93,3.12,48504,313,3.04449
2022-09-14T04:00:00Z,3.13,3.3285,3,3.23,82593,390,3.17773
2022-09-15T04:00:00Z,3.2717,3.44,3.25,3.39,63587,359,3.35774
2022-09-16T04:00:00Z,3.33,3.38,3.2,3.22,66368,274,3.26267
2022-09-19T04:00:00Z,3.19,3.22,3.09,3.14,20293,162,3.17116
2022-09-20T04:00:00Z,3.14,3.14,2.8126,2.9,29277,222,2.97946
2022-09-21T04:00:00Z,2.87,2.9,2.8,2.87,14055,127,2.85141
2022-09-22T04:00:00Z,2.94,3.06,2.41,2.641,96006,478,2.72756
2022-09-23T04:00:00Z,3.07,3.07,2.67,2.771,94689,592,2.80341
2022-09-26T04:00:00Z,2.8,2.8425,2.63,2.75,40070,304,2.70345
2022-09-27T04:00:00Z,2.77,2.79,2.51,2.54,27758,187,2.57174
2022-09-28T04:00:00Z,2.51,2.63,2.4601,2.59,14581,217,2.5405
2022-09-29T04:00:00Z,2.76,2.8315,2.5185,2.72,31877,234,2.67693
2022-09-30T04:00:00Z,2.61,2.75,2.51,2.56,29426,447,2.61202
2022-10-03T04:00:00Z,2.56,2.68,2.56,2.68,23053,217,2.62751
2022-10-04T04:00:00Z,2.78,3.0173,2.75,2.9,40329,270,2.85502
2022-10-05T04:00:00Z,2.99,3.1,2.91,3.07,37316,178,3.03727
2022-10-06T04:00:00Z,3.1,3.105,3.04,3.09,12330,152,3.06773
2022-10-07T04:00:00Z,2.99,3.05,2.7,3.01,41183,337,2.90998
2022-10-10T04:00:00Z,2.98,3.1012,2.895,2.95,17886,193,3.02471
2022-10-11T04:00:00Z,2.88,3.0856,2.8198,2.98,14468,217,2.95416
2022-10-12T04:00:00Z,3.05,3.11,2.93,3.01,21065,152,3.03686
2022-10-13T04:00:00Z,2.98,3.11,2.9701,3.09,20751,206,3.05762
2022-10-14T04:00:00Z,3.09,3.108,2.77,2.99,42309,316,2.97186
2022-10-17T04:00:00Z,3.0649,3.0792,2.9412,3.01,16478,195,3.0205
2022-10-18T04:00:00Z,2.94,3.125,2.94,3.12,42013,320,3.0799
2022-10-19T04:00:00Z,3.0621,3.22,3.0621,3.1,25043,308,3.10863
2022-10-20T04:00:00Z,3.02,3.07,3,3.02,40308,300,3.02281
2022-10-21T04:00:00Z,3,3.15,3,3.08,22146,191,3.09356
2022-10-24T04:00:00Z,3.13,3.13,3,3.1,26182,212,3.06876
2022-10-25T04:00:00Z,3.1,3.4,3.0201,3.37,78315,437,3.24443
2022-10-26T04:00:00Z,3.4,3.48,3.3,3.47,32599,246,3.42303
2022-10-27T04:00:00Z,3.48,3.65,3.4533,3.59,59297,377,3.56086
2022-10-28T04:00:00Z,3.64,3.85,3.59,3.8,91713,529,3.73278
2022-10-31T04:00:00Z,3.81,3.81,3.5,3.68,49791,390,3.64696
2022-11-01T04:00:00Z,3.79,3.8,3.33,3.4,75553,548,3.57542
2022-11-02T04:00:00Z,3.35,3.54,3.25,3.28,42667,262,3.35398
2022-11-03T04:00:00Z,3.25,3.52,3.16,3.46,43191,310,3.32825
2022-11-04T04:00:00Z,3.49,3.59,3.3,3.43,27304,265,3.53674
2022-11-07T05:00:00Z,3.4,3.6193,3.39,3.47,26266,268,3.44764
2022-11-08T05:00:00Z,3.57,3.775,3.4299,3.73,59204,361,3.67329
2022-11-09T05:00:00Z,3.77,4.06,3.73,3.81,104146,467,3.88332
2022-11-10T05:00:00Z,3.85,4.19,3.8396,4.14,73500,403,4.05428
2022-11-11T05:00:00Z,4.47,4.77,4.2,4.72,226460,816,4.44007
2022-11-14T05:00:00Z,4.72,5.2949,4.72,5,195407,1176,5.10339
2022-11-15T05:00:00Z,5.2,5.27,5,5.26,91736,789,5.14041
2022-11-16T05:00:00Z,5.21,5.41,4.71,5.4,109203,743,5.12396
2022-11-17T05:00:00Z,5.22,5.32,4.79,4.81,97225,667,4.97788
2022-11-18T05:00:00Z,4.81,4.81,4.38,4.61,159220,853,4.55249
2022-11-21T05:00:00Z,4.57,4.57,3.96,3.99,106868,807,4.23686
2022-11-22T05:00:00Z,3.89,4.46,3.89,4.18,55278,448,4.15968
2022-11-23T05:00:00Z,4.13,4.27,4.05,4.1,27133,282,4.09474
2022-11-25T05:00:00Z,4.15,4.51,4.071,4.29,12250,117,4.18936
2022-11-28T05:00:00Z,4.23,4.43,4.19,4.19,14000,217,4.25876
2022-11-29T05:00:00Z,4.1739,4.2,4.02,4.1566,17147,191,4.09291
2022-11-30T05:00:00Z,4.1,4.75,4.1,4.75,73140,471,4.50253
2022-12-01T05:00:00Z,4.75,5.03,4.75,5,159462,783,4.96356
2022-12-02T05:00:00Z,4.84,5.3,4.781,5.26,123751,632,5.19192
2022-12-05T05:00:00Z,5.13,5.36,5.13,5.32,65132,421,5.27739
2022-12-06T05:00:00Z,5.3,5.35,4.54,5.16,103571,628,4.98962
2022-12-07T05:00:00Z,5.15,5.45,5.1101,5.3,122546,739,5.30021
2022-12-08T05:00:00Z,5.29,5.4114,5.2,5.31,35416,276,5.30047
2022-12-09T05:00:00Z,5.18,5.3936,5.108,5.25,38751,391,5.24353
2022-12-12T05:00:00Z,5.18,5.33,5.1001,5.23,28311,237,5.21191
2022-12-13T05:00:00Z,5.27,5.345,4.98,5.17,112129,924,5.1696
2022-12-14T05:00:00Z,5.1,5.2202,4.93,5.05,54861,416,5.10659
2022-12-15T05:00:00Z,4.92,5.17,4.92,5.1,15750,175,5.04424
2022-12-16T05:00:00Z,5.09,5.133,4.64,4.85,67980,315,4.84416
2022-12-19T05:00:00Z,4.85,4.85,4.54,4.56,27093,242,4.65878
2022-12-20T05:00:00Z,4.5,4.6575,4.31,4.44,36582,203,4.47738
2022-12-21T05:00:00Z,4.41,4.8,4.41,4.67,17858,183,4.63925
2022-12-22T05:00:00Z,4.67,4.94,4.4001,4.53,27414,214,4.55495
2022-12-23T05:00:00Z,4.57,4.62,4.05,4.15,51946,414,4.28095
2022-12-27T05:00:00Z,4.17,4.41,4.12,4.24,29488,268,4.19142
2022-12-28T05:00:00Z,4.23,4.24,3.66,3.81,83099,570,3.9048
2022-12-29T05:00:00Z,3.8,4.01,3.67,3.88,68842,435,3.84894
2022-12-30T05:00:00Z,3.73,4.02,3.595,3.97,85511,360,3.78933
2023-01-03T05:00:00Z,4.03,4.14,3.875,4.14,28201,278,4.04257
2023-01-04T05:00:00Z,4.2,4.3199,4.0112,4.26,13740,244,4.18772
2023-01-05T05:00:00Z,4.23,4.27,4.05,4.05,6491,146,4.18346
2023-01-06T05:00:00Z,4.2,4.3,4.15,4.29,19712,162,4.24037
2023-01-09T05:00:00Z,4.32,4.49,4.18,4.24,19694,247,4.37428
2023-01-10T05:00:00Z,4.21,4.43,4.21,4.34,10598,117,4.35235
2023-01-11T05:00:00Z,4.44,4.6999,4.4,4.65,22423,250,4.558
2023-01-12T05:00:00Z,4.69,4.89,4.56,4.76,18246,176,4.75058
2023-01-13T05:00:00Z,4.85,4.94,4.7116,4.85,18448,160,4.85398
2023-01-17T05:00:00Z,4.85,4.93,4.65,4.88,24390,204,4.83698
2023-01-18T05:00:00Z,4.9,4.9864,4.8,4.91,29276,269,4.89816
2023-01-19T05:00:00Z,4.89,4.98,4.5,4.5,22490,296,4.69733
2023-01-20T05:00:00Z,4.56,4.56,4.29,4.535,33808,227,4.46296
2023-01-23T05:00:00Z,4.45,4.66,4.42,4.63,18628,187,4.55011
2023-01-24T05:00:00Z,4.64,5.05,4.5101,4.96,37960,354,4.81448
2023-01-25T05:00:00Z,4.99,5.05,4.66,5.01,88371,624,4.98782
2023-01-26T05:00:00Z,5.05,5.14,4.8901,5.05,38627,257,5.04729
2023-01-27T05:00:00Z,5,5.42,5,5.26,37920,365,5.26581
2023-01-30T05:00:00Z,5.06,5.32,5.01,5.19,30363,234,5.18568
2023-01-31T05:00:00Z,5.29,5.45,5.1841,5.44,138862,623,5.37503
2023-02-01T05:00:00Z,5.42,5.6192,5.24,5.46,111251,782,5.4947
2023-02-02T05:00:00Z,5.44,5.73,5.41,5.62,67337,499,5.59958
2023-02-03T05:00:00Z,5.57,5.99,5.48,5.82,103958,713,5.73153
2023-02-06T05:00:00Z,5.9,6.13,5.8019,6.1,127781,680,6.00298
2023-02-07T05:00:00Z,6.1,6.1,5.79,5.99,78815,589,5.9515
2023-02-08T05:00:00Z,6.02,6.02,5.64,5.75,50354,379,5.7942
2023-02-09T05:00:00Z,5.88,6.3,5.73,6.19,136103,851,6.10396
2023-02-10T05:00:00Z,6.46,7.0899,6.23,6.75,322124,1917,6.73322
2023-02-13T05:00:00Z,7.02,7.5,6.63,6.71,222662,1702,7.06186
2023-02-14T05:00:00Z,6.7,6.92,6.02,6.44,170259,1103,6.5374
2023-02-15T05:00:00Z,6.44,6.94,6.17,6.93,75676,657,6.68525
2023-02-16T05:00:00Z,6.92,6.95,6.67,6.81,103651,720,6.88619
2023-02-17T05:00:00Z,6.75,6.95,6.6,6.93,76332,647,6.85942
2023-02-21T05:00:00Z,6.95,6.95,6.3201,6.57,72492,727,6.64269
2023-02-22T05:00:00Z,6.35,6.8,6.32,6.65,60264,499,6.54254
2023-02-23T05:00:00Z,6.86,6.87,6.54,6.84,40071,468,6.75996
2023-02-24T05:00:00Z,6.71,6.79,6.36,6.41,38240,530,6.5375
2023-02-27T05:00:00Z,6.56,6.87,6.51,6.72,53998,558,6.69111
2023-02-28T05:00:00Z,6.72,6.85,6.53,6.81,90415,1039,6.69886
2023-03-01T05:00:00Z,6.81,6.8129,6.44,6.54,61637,856,6.60819
2023-03-02T05:00:00Z,6.41,6.6,6.1602,6.51,47436,662,6.42646
2023-03-03T05:00:00Z,6.45,6.793,6.45,6.6,62172,734,6.60496
2023-03-06T05:00:00Z,6.6,6.78,6.52,6.565,23413,361,6.66948
2023-03-07T05:00:00Z,6.53,6.6808,6.2793,6.53,41857,638,6.5413
2023-03-08T05:00:00Z,6.55,6.85,6.54,6.85,67119,553,6.7152
2023-03-09T05:00:00Z,6.95,7.4,6.925,7.06,195628,1566,7.16252
2023-03-10T05:00:00Z,7,7.14,5.71,5.72,214871,1520,6.42021
2023-03-13T04:00:00Z,5.55,6.11,5.4,5.62,178294,1330,5.71437
2023-03-14T04:00:00Z,5.65,5.82,5.25,5.27,87226,988,5.48651
2023-03-15T04:00:00Z,5.27,5.276,5.0365,5.26,81660,821,5.16176
2023-03-16T04:00:00Z,5.15,5.5,5.15,5.39,36773,411,5.34641
2023-03-17T04:00:00Z,5.38,5.48,5.19,5.33,57038,393,5.35086
2023-03-20T04:00:00Z,5.35,5.4299,5.08,5.13,69890,569,5.23312
2023-03-21T04:00:00Z,5.21,5.61,5.1,5.16,59438,662,5.22421
2023-03-22T04:00:00Z,5.16,5.49,5.05,5.15,58768,575,5.2174
2023-03-23T04:00:00Z,5.14,5.4,5.05,5.15,34058,391,5.25126
2023-03-24T04:00:00Z,5.06,5.2422,5.02,5.24,33638,435,5.12483
2023-03-27T04:00:00Z,5.26,5.48,5.26,5.3,40635,348,5.3559
2023-03-28T04:00:00Z,5.33,5.43,5.0647,5.11,32384,444,5.17318
2023-03-29T04:00:00Z,5.23,5.36,5,5.02,63953,481,5.1097
2023-03-30T04:00:00Z,5.08,5.16,4.8,4.8,62601,754,4.92183
2023-03-31T04:00:00Z,4.92,5.02,4.77,4.86,44650,658,4.90019
2023-04-03T04:00:00Z,5.05,5.214,4.72,4.855,45968,513,4.91552
2023-04-04T04:00:00Z,4.87,4.87,4.45,4.55,41332,587,4.63225
2023-04-05T04:00:00Z,4.51,4.64,4.3201,4.4,52391,765,4.42576
2023-04-06T04:00:00Z,4.43,4.5469,4.18,4.31,89920,625,4.38745
2023-04-10T04:00:00Z,4.31,4.479,4.26,4.35,27986,381,4.36561
2023-04-11T04:00:00Z,4.355,4.38,4.05,4.1,73798,939,4.23324
2023-04-12T04:00:00Z,4.11,4.32,3.95,4,76845,728,4.05028
2023-04-13T04:00:00Z,4,4.17,3.96,4.1,78776,591,4.10045
2023-04-14T04:00:00Z,4.14,4.27,3.96,4.05,38168,452,4.05029
2023-04-17T04:00:00Z,3.98,4.27,3.9607,4.09,127604,1117,4.11796
2023-04-18T04:00:00Z,4.14,4.17,3.83,3.83,54138,545,3.93388
2023-04-19T04:00:00Z,3.85,3.9451,3.63,3.67,52962,536,3.76377
2023-04-20T04:00:00Z,3.61,3.63,3.28,3.49,360382,1708,3.4269
2023-04-21T04:00:00Z,3.45,3.46,3.3,3.4,42821,413,3.39029
2023-04-24T04:00:00Z,3.35,3.35,3.2,3.21,50150,426,3.25127
2023-04-25T04:00:00Z,3.25,3.25,2.995,3.03,73561,581,3.07053
2023-04-26T04:00:00Z,3.08,3.46,3.05,3.43,92168,509,3.28053
2023-04-27T04:00:00Z,3.54,3.9,3.5063,3.74,92557,702,3.72355
2023-04-28T04:00:00Z,3.78,4.05,3.72,3.91,61569,817,3.96667
2023-05-01T04:00:00Z,4.04,4.26,3.9839,4.18,79374,699,4.1293
2023-05-02T04:00:00Z,4.11,4.31,3.81,3.98,54260,616,3.99597
2023-05-03T04:00:00Z,3.96,3.9992,3.85,3.85,31453,385,3.91273
2023-05-04T04:00:00Z,3.89,4.02,3.57,3.61,69547,739,3.72515
2023-05-05T04:00:00Z,3.66,4,3.61,3.88,28381,272,3.78894
2023-05-08T04:00:00Z,3.9,3.9218,3.76,3.84,16378,216,3.86574
2023-05-09T04:00:00Z,3.84,4.08,3.84,3.91,54610,465,3.98954
2023-05-10T04:00:00Z,4.005,4.1,3.83,3.97,62303,506,3.97998
2023-05-11T04:00:00Z,3.96,4.16,3.84,4,62837,700,3.97303
2023-05-12T04:00:00Z,3.85,3.87,3.345,3.54,195869,1137,3.56231
2023-05-15T04:00:00Z,3.685,3.685,3.3201,3.36,93258,723,3.46186
2023-05-16T04:00:00Z,3.33,3.625,3.28,3.42,45740,381,3.41304
2023-05-17T04:00:00Z,3.41,3.63,3.31,3.63,27301,274,3.52389
2023-05-18T04:00:00Z,3.71,4.0442,3.61,3.95,51956,584,3.87957
2023-05-19T04:00:00Z,4,4,3.9,3.93,21554,239,3.93851
2023-05-22T04:00:00Z,3.93,4.02,3.8,4.015,25770,274,3.91007
2023-05-23T04:00:00Z,3.92,4.06,3.81,3.82,29266,250,3.9681
2023-05-24T04:00:00Z,3.8,3.92,3.6,3.7,33865,230,3.69726
2023-05-25T04:00:00Z,3.76,3.84,3.59,3.6,22350,236,3.67659
2023-05-26T04:00:00Z,3.66,3.765,3.6,3.65,21143,332,3.62926
2023-05-30T04:00:00Z,3.77,3.7846,3.6,3.655,18573,184,3.69825
2023-05-31T04:00:00Z,3.66,3.8538,3.45,3.45,42868,342,3.53212
2023-06-01T04:00:00Z,3.46,3.6743,3.43,3.53,24153,238,3.51538
2023-06-02T04:00:00Z,3.58,3.68,3.5279,3.68,12909,139,3.60516
2023-06-05T04:00:00Z,3.65,3.75,3.55,3.55,22527,181,3.66816
2023-06-06T04:00:00Z,3.58,3.78,3.55,3.73,17575,186,3.70257
2023-06-07T04:00:00Z,3.78,3.99,3.705,3.94,20720,325,3.89301
2023-06-08T04:00:00Z,4.05,4.1409,3.91,4.1,46697,378,4.065
2023-06-09T04:00:00Z,4.1,4.16,4.03,4.11,46619,466,4.08985
2023-06-12T04:00:00Z,4.1,4.259,4.05,4.13,36656,559,4.1522
2023-06-13T04:00:00Z,4.16,4.18,4.06,4.06,37537,374,4.14261
2023-06-14T04:00:00Z,4.14,4.14,4.01,4.01,26610,323,4.06616
2023-06-15T04:00:00Z,4.0105,4.1253,4,4.1,21758,672,4.0549
2023-06-16T04:00:00Z,4.16,4.19,4.04,4.05,25008,304,4.10562
2023-06-20T04:00:00Z,4.1,4.106,3.91,3.98,51595,363,4.00877
2023-06-21T04:00:00Z,4,4,3.89,3.91,16557,119,3.91792
2023-06-22T04:00:00Z,3.9236,4.03,3.895,3.961,31615,228,3.97139
2023-06-23T04:00:00Z,3.91,4,3.86,3.91,21505,155,3.92049
2023-06-26T04:00:00Z,3.945,3.945,3.82,3.83,22530,226,3.85439
2023-06-27T04:00:00Z,3.84,4.04,3.81,4.04,16550,197,3.96468
2023-06-28T04:00:00Z,4.04,4.2,4.02,4.11,50438,203,4.10582
2023-06-29T04:00:00Z,4.11,4.2,4.0001,4.18,12884,123,4.15963
2023-06-30T04:00:00Z,4.25,4.4228,4.155,4.31,44235,326,4.3178
2023-07-03T04:00:00Z,4.26,4.48,4.26,4.4675,22696,250,4.40467
2023-07-05T04:00:00Z,4.48,4.48,4.13,4.14,23923,326,4.26976
2023-07-06T04:00:00Z,4.15,4.2,3.86,4.06,41201,331,3.97591
2023-07-07T04:00:00Z,4.12,4.3,4.07,4.27,30984,285,4.22142
2023-07-10T04:00:00Z,4.3,4.56,4.26,4.46,59433,367,4.46871
2023-07-11T04:00:00Z,4.428,4.5499,4.36,4.42,26054,211,4.47611
2023-07-12T04:00:00Z,4.49,4.88,4.3889,4.71,49237,411,4.68223
2023-07-13T04:00:00Z,4.8,4.99,4.8,4.99,71301,551,4.88921
2023-07-14T04:00:00Z,4.97,4.98,4.7054,4.72,44796,335,4.81962
2023-07-17T04:00:00Z,4.75,4.93,4.75,4.81,22761,232,4.85672
2023-07-18T04:00:00Z,4.77,5.05,4.77,4.92,38279,401,4.91125
2023-07-19T04:00:00Z,4.96,5.35,4.92,5.33,110703,645,5.16173
2023-07-20T04:00:00Z,5.32,5.3699,4.72,4.82,95332,798,5.06277
2023-07-21T04:00:00Z,4.9,5.22,4.7968,4.98,145871,700,5.03423
2023-07-24T04:00:00Z,4.97,5.2281,4.75,4.83,116843,690,4.98705
2023-07-25T04:00:00Z,4.83,4.95,4.75,4.88,41671,377,4.84885
2023-07-26T04:00:00Z,4.93,5.07,4.8,5.01,37498,330,4.97513
2023-07-27T04:00:00Z,5.11,5.56,5.0262,5.56,177352,1017,5.32383
2023-07-28T04:00:00Z,5.56,5.78,5.5001,5.53,107299,695,5.61395
2023-07-31T04:00:00Z,5.67,5.865,5.5701,5.63,80001,690,5.73118
2023-08-01T04:00:00Z,5.68,5.68,5.3,5.36,94407,769,5.49116
2023-08-02T04:00:00Z,5.27,5.46,4.93,5.21,86972,748,5.14092
2023-08-03T04:00:00Z,5.1,5.705,5.1,5.45,55501,693,5.4291
2023-08-04T04:00:00Z,5.5678,5.5678,5.25,5.25,38682,499,5.41205
2023-08-07T04:00:00Z,5.24,5.25,5,5.145,36770,710,5.12387
2023-08-08T04:00:00Z,5.07,5.115,4.85,5.07,74156,601,5.00762
2023-08-09T04:00:00Z,5.08,5.08,4.755,4.81,42500,476,4.89964
2023-08-10T04:00:00Z,4.94,5.178,4.87,4.94,78494,627,4.98296
2023-08-11T04:00:00Z,4.85,5.05,4.784,4.87,32586,468,4.90704
2023-08-14T04:00:00Z,4.85,5.02,4.806,4.9,28263,508,4.92223
2023-08-15T04:00:00Z,4.87,5.0268,4.81,4.91,32176,568,4.87818
2023-08-16T04:00:00Z,4.9,4.925,4.66,4.7,46845,688,4.77531
2023-08-17T04:00:00Z,4.7,4.74,4.45,4.46,40753,632,4.55165
2023-08-18T04:00:00Z,4.4,4.67,4.4,4.55,29980,587,4.55141
2023-08-21T04:00:00Z,4.53,4.67,4.4101,4.54,39508,353,4.53899
2023-08-22T04:00:00Z,4.57,4.625,4.47,4.49,8094,182,4.55208
2023-08-23T04:00:00Z,4.52,4.57,4.4,4.52,28807,169,4.4808
2023-08-24T04:00:00Z,4.5,4.5,4.27,4.34,15253,243,4.35609
2023-08-25T04:00:00Z,4.4,4.49,4.262,4.29,23134,260,4.34783
2023-08-28T04:00:00Z,4.26,4.48,4.26,4.48,21525,299,4.33844
2023-08-29T04:00:00Z,4.43,4.57,4.4,4.525,24880,332,4.48417
2023-08-30T04:00:00Z,4.74,4.8799,4.61,4.85,34079,402,4.72675
2023-08-31T04:00:00Z,4.86,4.95,4.53,4.61,24419,450,4.81097
2023-09-01T04:00:00Z,4.67,4.82,4.49,4.52,11615,312,4.5636
2023-09-05T04:00:00Z,4.49,4.52,4.28,4.3259,20451,254,4.39117
2023-09-06T04:00:00Z,4.29,4.3352,4.0578,4.19,26758,372,4.19541
2023-09-07T04:00:00Z,4.13,4.3186,4.0991,4.25,11174,377,4.23274
2023-09-08T04:00:00Z,4.28,4.36,4,4.25,13725,181,4.12778
2023-09-11T04:00:00Z,4.01,4.2807,4.01,4.05,21873,464,4.07992
2023-09-12T04:00:00Z,4.05,4.2699,4.05,4.11,14758,405,4.16094
2023-09-13T04:00:00Z,4.12,4.13,4,4,32929,401,4.04502
2023-09-14T04:00:00Z,4.06,4.2699,4.0201,4.08,16716,240,4.1243
2023-09-15T04:00:00Z,4.06,4.1805,4,4.1,44552,403,4.04323
2023-09-18T04:00:00Z,4.1,4.23,4.01,4.09,20334,380,4.1529
2023-09-19T04:00:00Z,4.09,4.2389,4.03,4.08,23242,317,4.13688
2023-09-20T04:00:00Z,4.27,4.44,4.1658,4.36,30087,313,4.33882
2023-09-21T04:00:00Z,4.31,5,4.3,4.95,246114,1612,4.73224
2023-09-22T04:00:00Z,4.1,4.45,3.69,4.08,203708,1572,4.09178
2023-09-25T04:00:00Z,4.05,4.05,3.8,3.86,74489,881,3.88733
2023-09-26T04:00:00Z,3.85,3.95,3.6,3.64,76484,630,3.73304
2023-09-27T04:00:00Z,3.62,3.9,3.6,3.63,48282,450,3.69679
2023-09-28T04:00:00Z,3.61,3.9,3.59,3.63,90237,985,3.68052
2023-09-29T04:00:00Z,3.63,3.73,3.43,3.44,42041,397,3.51136
2023-10-02T04:00:00Z,3.44,3.5597,3.1622,3.3,57625,454,3.34522
2023-10-03T04:00:00Z,3.3,3.3,3.07,3.18,35062,313,3.14936
2023-10-04T04:00:00Z,3.13,3.53,2.97,3.49,118105,1178,3.28723
2023-10-05T04:00:00Z,3.47,3.6263,3.38,3.54,44354,480,3.50175
2023-10-06T04:00:00Z,3.46,3.8,3.46,3.68,40949,269,3.67718
2023-10-09T04:00:00Z,3.67,3.87,3.56,3.87,32031,327,3.74166
2023-10-10T04:00:00Z,3.76,4,3.76,3.91,13530,196,3.91845
2023-10-11T04:00:00Z,3.92,3.9799,3.77,3.79,13926,169,3.82755
2023-10-12T04:00:00Z,3.6501,3.7791,3.62,3.65,17735,268,3.67535
2023-10-13T04:00:00Z,3.76,3.76,3.51,3.54,32224,314,3.59549
2023-10-16T04:00:00Z,3.58,3.69,3.5501,3.58,10409,166,3.5915
2023-10-17T04:00:00Z,3.51,3.68,3.5,3.53,21551,220,3.54813
2023-10-18T04:00:00Z,3.49,3.49,3.27,3.35,18256,243,3.37083
2023-10-19T04:00:00Z,3.3,3.3754,3.13,3.18,27795,270,3.2189
2023-10-20T04:00:00Z,3.18,3.19,3,3.11,167922,608,3.02209
2023-10-23T04:00:00Z,3.06,3.4,3.051,3.36,34484,336,3.24772
2023-10-24T04:00:00Z,3.42,3.49,3.2574,3.42,29678,254,3.42301
2023-10-25T04:00:00Z,3.39,3.55,3.39,3.45,13278,160,3.47942
2023-10-26T04:00:00Z,3.45,3.54,3.34,3.4577,19659,240,3.43735
2023-10-27T04:00:00Z,3.54,3.54,3.2501,3.3,23156,258,3.34783
2023-10-30T04:00:00Z,3.36,3.375,3.21,3.2289,7915,136,3.29951
2023-10-31T04:00:00Z,3.26,3.5,3.12,3.225,39256,320,3.28962
2023-11-01T04:00:00Z,3.25,3.28,3.13,3.23,20991,311,3.18635
2023-11-02T04:00:00Z,3.3,3.3,3.15,3.24,17994,323,3.27379
2023-11-03T04:00:00Z,3.3,3.84,3.29,3.7,53271,572,3.64716
2023-11-06T05:00:00Z,3.76,3.7644,3.46,3.51,22269,227,3.60314
2023-11-07T05:00:00Z,3.5,3.57,3.45,3.45,11427,184,3.50634
2023-11-08T05:00:00Z,3.51,3.66,3.5,3.59,19798,219,3.57862
2023-11-09T05:00:00Z,3.71,3.75,3.35,3.485,68217,403,3.53922
2023-11-10T05:00:00Z,3.5,3.8,3.4,3.65,42778,388,3.59331
2023-11-13T05:00:00Z,3.65,3.94,3.55,3.55,41927,375,3.7031
2023-11-14T05:00:00Z,3.68,3.85,3.6,3.69,27877,404,3.72811
2023-11-15T05:00:00Z,3.71,3.9,3.55,3.55,20493,216,3.70365
2023-11-16T05:00:00Z,3.57,3.8,3.43,3.59,28495,285,3.55635
2023-11-17T05:00:00Z,3.65,3.67,3.4809,3.55,18189,227,3.5625
2023-11-20T05:00:00Z,3.51,3.6847,3.5001,3.54,17922,160,3.55481
2023-11-21T05:00:00Z,3.61,3.633,3.51,3.51,5437,129,3.55315
2023-11-22T05:00:00Z,3.59,3.73,3.4701,3.52,32134,393,3.59997
2023-11-24T05:00:00Z,3.53,3.7,3.53,3.59,5640,114,3.65076
2023-11-27T05:00:00Z,3.41,3.695,3.41,3.58,46726,442,3.55179
2023-11-28T05:00:00Z,3.6,3.69,3.42,3.44,23120,272,3.51314
2023-11-29T05:00:00Z,3.41,3.495,3.31,3.32,34080,361,3.38665
2023-11-30T05:00:00Z,3.39,3.56,3.33,3.33,14126,178,3.42712
2023-12-01T05:00:00Z,3.3928,3.4,3.19,3.4,24235,308,3.31402
2023-12-04T05:00:00Z,3.35,3.5999,3.25,3.42,22293,402,3.45419
2023-12-05T05:00:00Z,3.41,3.53,3.3,3.35,14758,351,3.38379
2023-12-06T05:00:00Z,3.34,3.49,3.2765,3.35,13994,172,3.40729
2023-12-07T05:00:00Z,3.35,3.5,3.35,3.46,30228,246,3.41973
2023-12-08T05:00:00Z,3.4805,3.57,3.32,3.39,38819,380,3.43296
2023-12-11T05:00:00Z,3.37,3.4048,3.32,3.33,14484,295,3.36782
2023-12-12T05:00:00Z,3.3012,3.4,3.05,3.06,43594,480,3.17414
2023-12-13T05:00:00Z,3.1,3.39,3.1,3.25,31752,376,3.19291
2023-12-14T05:00:00Z,3.33,3.4012,3.26,3.26,30551,305,3.32856
2023-12-15T05:00:00Z,3.21,3.56,3.21,3.45,33711,373,3.41829
2023-12-18T05:00:00Z,3.4458,3.5799,3.4458,3.47,24149,309,3.51349
2023-12-19T05:00:00Z,3.43,3.6,3.4,3.4,38873,402,3.47613
2023-12-20T05:00:00Z,3.32,3.4737,3.32,3.35,35122,229,3.40108
2023-12-21T05:00:00Z,3.41,3.42,3.26,3.35,26958,217,3.31436
2023-12-22T05:00:00Z,3.3238,3.49,3.3,3.47,20043,244,3.42031
2023-12-26T05:00:00Z,3.42,3.55,3.4,3.43,34938,324,3.46092
2023-12-27T05:00:00Z,3.46,3.57,3.41,3.43,15566,270,3.49281
2023-12-28T05:00:00Z,3.58,4.23,3.5,3.82,192298,1874,3.94028
2023-12-29T05:00:00Z,3.87,4.45,3.87,4.11,96963,969,4.21389
2024-01-02T05:00:00Z,4.27,5.05,4.18,5.05,145948,1150,4.55202
2024-01-03T05:00:00Z,5.15,5.6,4.72,5.42,268001,1926,5.21298
2024-01-04T05:00:00Z,5.24,5.8,5.0305,5.61,149996,1528,5.64251
2024-01-05T05:00:00Z,5.74,5.74,4.74,4.84,152918,1647,5.14375
2024-01-08T05:00:00Z,4.85,4.98,4.59,4.72,89365,987,4.67308
2024-01-09T05:00:00Z,4.72,4.75,4.6401,4.74,48719,540,4.70317
2024-01-10T05:00:00Z,4.75,5.23,4.75,5.18,94034,936,5.02203
2024-01-11T05:00:00Z,5.26,5.47,4.7701,4.8,79903,723,4.93976
2024-01-12T05:00:00Z,4.79,5.02,4.55,4.59,75127,680,4.69526
2024-01-16T05:00:00Z,4.52,4.7342,4.33,4.49,103016,816,4.44253
2024-01-17T05:00:00Z,4.46,4.88,4.46,4.74,75339,546,4.67661
2024-01-18T05:00:00Z,4.74,4.87,4.6426,4.66,31210,497,4.75973
2024-01-19T05:00:00Z,4.67,4.851,4.66,4.79,46447,608,4.75058
2024-01-22T05:00:00Z,4.82,5.3299,4.74,5.19,110463,1003,5.13334
2024-01-23T05:00:00Z,5.24,5.34,4.91,5,91947,854,5.16693
2024-01-24T05:00:00Z,5,5.2056,4.8,4.88,66713,771,5.0479
2024-01-25T05:00:00Z,4.92,5.03,4.84,4.93,48982,600,4.91708
2024-01-26T05:00:00Z,4.93,5,4.8201,4.84,26514,486,4.93416
2024-01-29T05:00:00Z,4.83,4.98,4.71,4.87,29075,530,4.88745
2024-01-30T05:00:00Z,4.87,4.9,4.711,4.87,48666,539,4.77587
2024-01-31T05:00:00Z,4.8,4.9199,4.57,4.58,30859,425,4.684
2024-02-01T05:00:00Z,4.6,4.79,4.5707,4.64,62178,467,4.64746
2024-02-02T05:00:00Z,4.65,4.7,4.54,4.62,20903,323,4.62958
2024-02-05T05:00:00Z,4.65,4.688,4.52,4.58,28460,460,4.59197
2024-02-06T05:00:00Z,4.63,4.67,4.225,4.37,74008,714,4.38121
2024-02-07T05:00:00Z,4.35,4.42,4.01,4.08,105317,854,4.15691
2024-02-08T05:00:00Z,4.11,4.28,3.77,3.85,89877,807,4.07661
2024-02-09T05:00:00Z,4.19,4.438,3.9186,4.23,80447,856,4.1952
2024-02-12T05:00:00Z,4.23,4.49,4.23,4.39,102556,770,4.39661
2024-02-13T05:00:00Z,4.3,4.44,4.245,4.38,93463,593,4.32948
2024-02-14T05:00:00Z,4.4,5.5131,4.3757,5.2,296284,1755,4.96997
2024-02-15T05:00:00Z,5.28,5.86,5.1,5.55,195195,1252,5.57629
2024-02-16T05:00:00Z,5.58,5.74,5.3,5.3,180356,1577,5.52244
2024-02-20T05:00:00Z,5.42,5.66,5.35,5.6,100804,918,5.49025
2024-02-21T05:00:00Z,5.61,5.6393,5.34,5.47,77315,901,5.51333
2024-02-22T05:00:00Z,5.48,5.5292,5.15,5.4,95443,710,5.33506
2024-02-23T05:00:00Z,5.53,5.5367,5.15,5.31,59906,634,5.35687
2024-02-26T05:00:00Z,5.23,5.404,5.15,5.28,70212,650,5.2637
2024-02-27T05:00:00Z,5.29,5.35,4.93,5.14,58069,681,5.10207
2024-02-28T05:00:00Z,5.13,5.13,4.51,4.53,135645,1074,4.77433
2024-02-29T05:00:00Z,4.72,4.875,4.37,4.61,120901,892,4.54536
2024-03-01T05:00:00Z,4.6,4.75,4.31,4.36,54601,756,4.49576
2024-03-04T05:00:00Z,4.34,4.46,4.2,4.36,57667,696,4.3075
2024-03-05T05:00:00Z,4.36,4.474,4.1001,4.24,65064,598,4.21462
2024-03-06T05:00:00Z,4.35,4.4899,4.23,4.33,71985,576,4.37247
2024-03-07T05:00:00Z,4.34,4.44,4.2782,4.34,36566,423,4.32697
2024-03-08T05:00:00Z,4.59,4.59,4.1,4.22,51749,586,4.3453
2024-03-11T04:00:00Z,4.2,4.4195,4.1,4.14,31531,573,4.21214
2024-03-12T04:00:00Z,4.2,4.2784,3.96,4.05,100223,793,4.05588
2024-03-13T04:00:00Z,4.03,4.2432,3.991,4.07,50423,461,4.08828
2024-03-14T04:00:00Z,4.1,4.12,3.93,4.04,34955,430,4.01557
2024-03-15T04:00:00Z,3.98,4.02,3.9,3.97,38086,597,3.96208
2024-03-18T04:00:00Z,4,4.06,3.89,4,40711,416,3.96701
2024-03-19T04:00:00Z,3.99,4.0382,3.829,3.92,46483,532,3.90705
2024-03-20T04:00:00Z,3.92,4.16,3.873,4.08,41047,371,3.9795
2024-03-21T04:00:00Z,4.2087,4.24,4.0201,4.08,49728,380,4.12431
2024-03-22T04:00:00Z,4.11,4.4243,4.01,4.34,68466,626,4.22878
2024-03-25T04:00:00Z,4.36,4.3899,4.15,4.16,49933,534,4.2132
2024-03-26T04:00:00Z,4.19,4.36,4.16,4.28,54927,400,4.24569
2024-03-27T04:00:00Z,4.26,4.3999,4.1918,4.35,22053,281,4.33704
2024-03-28T04:00:00Z,4.34,4.55,4.29,4.43,49266,416,4.45108
2024-04-01T04:00:00Z,4.49,4.6769,4.25,4.35,82404,741,4.41092
2024-04-02T04:00:00Z,4.25,4.2798,4.15,4.2,53927,397,4.1991
2024-04-03T04:00:00Z,4.25,4.6999,4.24,4.51,102326,775,4.49149
2024-04-04T04:00:00Z,4.58,5.4579,4.58,5.03,327713,2633,5.1188
2024-04-05T04:00:00Z,5.04,5.2397,4.81,4.96,83194,988,4.93258
2024-04-08T04:00:00Z,4.91,5.0855,4.8325,4.96,36030,485,4.93552
2024-04-09T04:00:00Z,4.97,5,4.61,4.76,116122,933,4.83243
2024-04-10T04:00:00Z,4.69,4.79,4.4301,4.49,86918,843,4.62763
2024-04-11T04:00:00Z,4.58,4.86,4.44,4.84,58473,722,4.69161
2024-04-12T04:00:00Z,4.78,4.9577,4.5681,4.7,57787,680,4.763
2024-04-15T04:00:00Z,4.74,4.82,4.47,4.58,65895,854,4.62566
2024-04-16T04:00:00Z,4.54,4.61,4.36,4.59,40977,911,4.50278
2024-04-17T04:00:00Z,4.62,4.62,4.41,4.47,35735,749,4.5011
2024-04-18T04:00:00Z,4.5,4.5,4.22,4.25,32427,333,4.33866
2024-04-19T04:00:00Z,4.24,4.42,4.21,4.23,32017,555,4.30778
2024-04-22T04:00:00Z,4.22,4.34,3.95,4.05,74034,634,4.14035
2024-04-23T04:00:00Z,4.29,4.4899,4.08,4.34,67189,522,4.29604
2024-04-24T04:00:00Z,4.36,4.43,4.22,4.26,21462,287,4.34573
2024-04-25T04:00:00Z,4.25,4.49,4.15,4.41,53153,416,4.31936
2024-04-26T04:00:00Z,4.41,4.588,4.33,4.43,34379,319,4.46879
2024-04-29T04:00:00Z,4.55,4.88,4.4001,4.88,62021,500,4.64723
2024-04-30T04:00:00Z,4.87,5.05,4.65,4.65,105474,827,4.86573
2024-05-01T04:00:00Z,4.66,4.89,4.44,4.8,54933,509,4.59084
2024-05-02T04:00:00Z,4.84,4.97,4.6802,4.83,36653,427,4.83878
2024-05-03T04:00:00Z,4.86,5,4.8199,4.91,20598,560,4.90637
2024-05-06T04:00:00Z,4.92,5.05,4.91,4.95,45307,466,4.98276
2024-05-07T04:00:00Z,5,5,4.81,4.93,34494,392,4.91866
2024-05-08T04:00:00Z,4.93,4.955,4.75,4.84,36869,346,4.87176
2024-05-09T04:00:00Z,4.86,4.9813,4.51,4.58,151617,1014,4.68467
2024-05-10T04:00:00Z,3.85,3.85,2.9,3.42,591282,4036,3.26802
2024-05-13T04:00:00Z,3.5,3.5359,3.2,3.22,111350,918,3.29983
2024-05-14T04:00:00Z,3.14,3.52,3.01,3.38,125533,889,3.32743
2024-05-15T04:00:00Z,3.41,3.53,3.22,3.26,75861,754,3.338
2024-05-16T04:00:00Z,3.25,3.41,3.25,3.33,55009,584,3.29218
2024-05-17T04:00:00Z,3.35,3.37,3.13,3.21,119401,706,3.26143
2024-05-20T04:00:00Z,3.24,3.2791,2.92,3.015,169812,881,3.02768
2024-05-21T04:00:00Z,3.06,3.14,3,3.11,44265,367,3.07392
2024-05-22T04:00:00Z,3.12,3.29,3.0915,3.2,66262,643,3.17487
2024-05-23T04:00:00Z,3.23,3.2653,3.08,3.13,56413,272,3.1586
2024-05-24T04:00:00Z,3.1,3.19,3.1,3.13,26086,574,3.13059
2024-05-28T04:00:00Z,3.14,3.2592,3.06,3.09,23350,322,3.12713
2024-05-29T04:00:00Z,3.06,3.0782,3,3,43503,366,3.02871
2024-05-30T04:00:00Z,3.01,3.21,2.96,3.06,52725,419,3.05317
2024-05-31T04:00:00Z,3.08,3.125,3,3.03,35220,341,3.04868
2024-06-03T04:00:00Z,3.07,3.14,2.98,3.1,33407,361,3.04708
2024-06-04T04:00:00Z,3.03,3.12,3,3.01,40362,309,3.07224
2024-06-05T04:00:00Z,3.03,3.03,2.91,2.92,67415,659,2.96973
2024-06-06T04:00:00Z,2.91,3,2.79,2.86,84403,889,2.86261
2024-06-07T04:00:00Z,2.86,2.9799,2.8,2.8,46118,516,2.91032
2024-06-10T04:00:00Z,2.8,2.92,2.8,2.87,34385,653,2.84701
2024-06-11T04:00:00Z,2.86,2.86,2.64,2.75,109558,787,2.74903
2024-06-12T04:00:00Z,2.89,3.09,2.85,3.05,416739,1579,2.97967
2024-06-13T04:00:00Z,3.06,3.9499,3.05,3.7,267238,1723,3.49426
2024-06-14T04:00:00Z,3.75,4.16,3.16,3.33,260992,1571,3.66325
2024-06-17T04:00:00Z,3.27,3.2953,2.9913,3.17,130238,847,3.1653
2024-06-18T04:00:00Z,3.16,3.25,3.003,3.05,58413,493,3.07332
2024-06-20T04:00:00Z,3.05,3.26,3,3.13,47923,466,3.06715
2024-06-21T04:00:00Z,3.14,3.2,3.0001,3.15,45133,363,3.12704
2024-06-24T04:00:00Z,3.16,3.33,3.0923,3.25,91002,896,3.22099
2024-06-25T04:00:00Z,3.23,3.2547,3.0309,3.13,27214,464,3.14577
2024-06-26T04:00:00Z,3.09,3.23,3.09,3.19,24381,268,3.16062
2024-06-27T04:00:00Z,3.19,3.23,3.03,3.21,52587,404,3.14933
2024-06-28T04:00:00Z,3.25,3.2699,3.02,3.11,45294,329,3.11586
2024-07-01T04:00:00Z,3.11,3.11,3,3.07,39917,356,3.03976
2024-07-02T04:00:00Z,3.07,3.19,3.07,3.08,38918,386,3.11836
2024-07-03T04:00:00Z,3.1,3.23,3.0211,3.17,26953,203,3.11537
2024-07-05T04:00:00Z,3.13,3.27,3.0001,3.12,112050,494,3.12703
2024-07-08T04:00:00Z,3.14,3.43,3.14,3.4,61085,571,3.29935
2024-07-09T04:00:00Z,3.42,3.5899,3.25,3.35,127895,986,3.39089
2024-07-10T04:00:00Z,3.42,3.88,3.42,3.57,215265,1572,3.66701
2024-07-11T04:00:00Z,3.79,4.2,3.74,4.06,227337,1660,4.01323
2024-07-12T04:00:00Z,4.1,4.5,3.98,4.45,197631,1292,4.22598
2024-07-15T04:00:00Z,4.6,4.75,3.81,3.88,293444,2096,4.0971
2024-07-16T04:00:00Z,3.91,4.1,3.8,4.06,61296,586,4.01453
2024-07-17T04:00:00Z,4.06,4.24,3.97,4.04,85621,786,4.05398
2024-07-18T04:00:00Z,4.09,4.55,4,4.02,156287,1423,4.15805
2024-07-19T04:00:00Z,4.01,4.1,3.83,3.94,83672,759,3.97361
2024-07-22T04:00:00Z,3.9,4.06,3.8,3.84,84269,656,3.8971
2024-07-23T04:00:00Z,3.85,4.0199,3.7501,3.96,122516,1012,3.90142
2024-07-24T04:00:00Z,3.96,4.01,3.6,3.66,125848,904,3.79156
2024-07-25T04:00:00Z,3.67,3.85,3.51,3.67,119898,759,3.70809
2024-07-26T04:00:00Z,3.75,3.85,3.605,3.79,100941,840,3.74189
2024-07-29T04:00:00Z,3.8,3.99,3.57,3.62,115270,631,3.76356
2024-07-30T04:00:00Z,3.6,3.7,3.51,3.56,78403,641,3.5813
2024-07-31T04:00:00Z,3.63,3.7,3.51,3.66,93233,567,3.61303
2024-08-01T04:00:00Z,3.63,3.7748,3.38,3.51,111195,728,3.53973
2024-08-02T04:00:00Z,3.49,3.76,3.25,3.39,118588,757,3.38321
2024-08-05T04:00:00Z,3.08,3.35,3.08,3.29,66347,374,3.17173
2024-08-06T04:00:00Z,3.31,3.47,3.24,3.35,53090,485,3.33496
2024-08-07T04:00:00Z,3.42,3.4712,3.15,3.15,19002,198,3.31206
2024-08-08T04:00:00Z,3.24,3.3,3.21,3.23,20089,275,3.24845
2024-08-09T04:00:00Z,3.26,3.47,3.22,3.34,31891,292,3.28079
2024-08-12T04:00:00Z,3.33,3.39,3.05,3.14,52526,514,3.15097
2024-08-13T04:00:00Z,3.15,3.24,3.1,3.24,19196,256,3.1444
2024-08-14T04:00:00Z,3.2301,3.2301,3.16,3.22,11459,268,3.20744
2024-08-15T04:00:00Z,3.25,3.365,3.19,3.26,64472,569,3.27959
2024-08-16T04:00:00Z,3.25,3.3,3.15,3.21,26963,293,3.23857
2024-08-19T04:00:00Z,3.26,3.4336,3.22,3.38,60605,448,3.34271
2024-08-20T04:00:00Z,3.39,3.448,3.2465,3.3,30202,388,3.33108
2024-08-21T04:00:00Z,3.31,3.42,3.2001,3.37,41529,339,3.30681
2024-08-22T04:00:00Z,3.4,3.43,3.246,3.3,38167,349,3.33059
2024-08-23T04:00:00Z,3.36,3.39,3.2,3.37,47157,445,3.28247
2024-08-26T04:00:00Z,3.36,3.4212,3.25,3.25,24626,373,3.33288
2024-08-27T04:00:00Z,3.24,3.332,3.2,3.29,29618,307,3.25426
2024-08-28T04:00:00Z,3.27,3.6434,3.18,3.31,47635,243,3.33566
2024-08-29T04:00:00Z,3.33,3.64,3.32,3.42,40738,417,3.48525
2024-08-30T04:00:00Z,3.51,3.57,3.26,3.27,32635,231,3.30415
2024-09-03T04:00:00Z,3.24,3.29,3.1401,3.16,19511,202,3.22823
2024-09-04T04:00:00Z,3.1,3.28,3.0411,3.11,69210,542,3.13331
2024-09-05T04:00:00Z,3.15,3.3599,3.0691,3.17,94659,955,3.20103
2024-09-06T04:00:00Z,3.08,3.2404,2.94,3,164739,1026,3.076
2024-09-09T04:00:00Z,2.99,3.1,2.8,2.88,66463,493,2.89989
2024-09-10T04:00:00Z,2.92,2.9659,2.8,2.89,85938,511,2.90033
2024-09-11T04:00:00Z,2.91,2.97,2.7902,2.94,70854,527,2.88442
2024-09-12T04:00:00Z,2.98,3.28,2.98,3.27,120961,961,3.1687
2024-09-13T04:00:00Z,3.29,3.4834,3.203,3.28,143959,978,3.33727
2024-09-16T04:00:00Z,3.26,3.4099,3.21,3.23,89811,652,3.28528
2024-09-17T04:00:00Z,3.25,3.38,3.12,3.21,83139,753,3.20497
2024-09-18T04:00:00Z,3.2,3.2,3.07,3.07,27023,282,3.1167
2024-09-19T04:00:00Z,3.17,3.25,3.0398,3.07,95499,740,3.17327
2024-09-20T04:00:00Z,3.03,3.18,2.93,3.01,91551,684,3.05354
2024-09-23T04:00:00Z,2.9891,3.31,2.942,3.12,90357,819,3.13593
2024-09-24T04:00:00Z,3.13,3.2436,3.03,3.03,82578,712,3.11654
2024-09-25T04:00:00Z,3.06,3.15,3.03,3.08,17717,247,3.07328
2024-09-26T04:00:00Z,3.07,3.1476,2.9655,3.11,63149,481,3.0504
2024-09-27T04:00:00Z,3.155,3.1871,3.01,3.11,35003,306,3.09161
2024-09-30T04:00:00Z,3.08,3.15,2.93,3.04,50960,403,3.00503
2024-10-01T04:00:00Z,3.03,3.03,2.85,2.86,44008,424,2.94968
2024-10-02T04:00:00Z,2.88,2.96,2.88,2.94,13375,218,2.91565
2024-10-03T04:00:00Z,2.97,3.25,2.97,3.12,148933,943,3.11473
2024-10-04T04:00:00Z,3.15,3.3851,3.04,3.28,43713,328,3.23323
2024-10-07T04:00:00Z,3.29,3.3,3.03,3.07,77942,673,3.14037
2024-10-08T04:00:00Z,3.12,3.15,3,3.06,22058,309,3.06597
2024-10-09T04:00:00Z,3.06,3.2,3.056,3.11,51736,485,3.12249
2024-10-10T04:00:00Z,3.09,3.1883,2.971,2.98,69386,387,3.03269
2024-10-11T04:00:00Z,2.98,3.13,2.98,3.13,39975,338,3.06964
2024-10-14T04:00:00Z,3.01,3.147,2.99,3.06,111015,444,3.04805
2024-10-15T04:00:00Z,3.06,3.1099,3,3,30746,343,3.06252
2024-10-16T04:00:00Z,3.01,3.14,2.97,3.085,40743,360,3.07132
2024-10-17T04:00:00Z,3.12,3.18,3.08,3.105,47515,410,3.11431
2024-10-18T04:00:00Z,3.14,3.21,3.0701,3.18,19770,251,3.16101
2024-10-21T04:00:00Z,3.08,3.24,3.08,3.15,42367,359,3.17062
2024-10-22T04:00:00Z,3.15,3.25,3.1101,3.18,30014,297,3.20205
2024-10-23T04:00:00Z,3.15,3.24,3.08,3.11,33504,313,3.12494
2024-10-24T04:00:00Z,3.09,3.1088,3.03,3.03,10518,159,3.08009
2024-10-25T04:00:00Z,3.06,3.0796,3,3.06,20679,182,3.03355
2024-10-28T04:00:00Z,3.11,3.11,2.96,2.98,53260,329,3.02776
2024-10-29T04:00:00Z,2.98,2.9899,2.9,2.94,63698,339,2.92805
2024-10-30T04:00:00Z,2.95,3.04,2.91,2.91,26569,273,2.97275
2024-10-31T04:00:00Z,2.91,3.015,2.7664,2.83,74259,635,2.87323
2024-11-01T04:00:00Z,2.84,2.96,2.71,2.8,104919,690,2.80758
2024-11-04T05:00:00Z,2.78,2.87,2.46,2.48,112328,999,2.62244
2024-11-05T05:00:00Z,2.45,2.48,2.3,2.38,75295,568,2.40981
2024-11-06T05:00:00Z,2.4,2.5933,2.4,2.55,73320,363,2.50702
2024-11-07T05:00:00Z,2.57,2.61,2.51,2.53,53688,477,2.5512
2024-11-08T05:00:00Z,2.54,2.8899,2.54,2.67,88265,763,2.67334
2024-11-11T05:00:00Z,2.67,2.8064,2.5,2.5,39107,391,2.62911
2024-11-12T05:00:00Z,2.53,2.6442,2.48,2.54,64524,440,2.54065
2024-11-13T05:00:00Z,2.6,2.6,2.35,2.4,78713,575,2.44697
2024-11-14T05:00:00Z,2.37,2.5193,2.27,2.38,101919,769,2.34289
2024-11-15T05:00:00Z,2.38,2.38,2.1,2.19,74030,491,2.23077
2024-11-18T05:00:00Z,2.16,2.25,2.02,2.07,102545,680,2.09996
2024-11-19T05:00:00Z,2.05,2.28,2.05,2.24,60348,571,2.21523
2024-11-20T05:00:00Z,2.23,2.249,2.1,2.2,32289,425,2.166
2024-11-21T05:00:00Z,2.22,2.42,2.0657,2.37,122032,829,2.29616
2024-11-22T05:00:00Z,2.02,2.38,2.02,2.06,174998,1123,2.14906
2024-11-25T05:00:00Z,2.08,2.18,2,2.01,49716,562,2.1068
2024-11-26T05:00:00Z,2.1,2.128,1.95,1.98,78205,653,2.00065
2024-11-27T05:00:00Z,1.99,2.0185,1.56,1.6,412095,1973,1.79854
2024-11-29T05:00:00Z,1.66,1.9231,1.66,1.9,162829,1096,1.77815
2024-12-02T05:00:00Z,1.92,1.9452,1.7,1.82,126168,676,1.83799
2024-12-03T05:00:00Z,1.9,1.9,1.7,1.73,69048,437,1.78618
2024-12-04T05:00:00Z,1.88,1.88,1.7,1.7,79240,381,1.76974
2024-12-05T05:00:00Z,1.7,1.78,1.61,1.76,136193,677,1.6954
2024-12-06T05:00:00Z,1.77,1.82,1.702,1.76,75832,386,1.77892
2024-12-09T05:00:00Z,1.76,1.88,1.67,1.82,86748,575,1.77259
2024-12-10T05:00:00Z,1.82,1.82,1.67,1.69,55180,537,1.71152
2024-12-11T05:00:00Z,1.66,1.77,1.66,1.76,78380,619,1.70811
2024-12-12T05:00:00Z,1.76,1.87,1.7271,1.79,93135,647,1.77622
2024-12-13T05:00:00Z,1.77,1.81,1.7,1.72,36025,373,1.74139
2024-12-16T05:00:00Z,1.7,1.8131,1.68,1.75,54724,496,1.74797
2024-12-17T05:00:00Z,1.75,1.75,1.66,1.67,43077,476,1.68676
2024-12-18T05:00:00Z,1.67,1.7133,1.55,1.58,92075,638,1.62932
2024-12-19T05:00:00Z,1.61,1.67,1.55,1.59,96992,727,1.58493
2024-12-20T05:00:00Z,1.55,1.73,1.55,1.71,121090,754,1.66624
2024-12-23T05:00:00Z,1.7,1.7,1.59,1.65,82792,444,1.65138
2024-12-24T05:00:00Z,1.62,1.8,1.6,1.73,62548,463,1.71545
2024-12-26T05:00:00Z,1.7,1.75,1.58,1.65,312814,1090,1.63661
2024-12-27T05:00:00Z,1.65,1.77,1.6477,1.67,206067,1070,1.68829
2024-12-30T05:00:00Z,1.69,1.75,1.64,1.68,226268,1004,1.68816
2024-12-31T05:00:00Z,1.68,1.7299,1.56,1.58,124993,686,1.62854
2025-01-02T05:00:00Z,1.61,1.75,1.568,1.74,64301,426,1.66765
2025-01-03T05:00:00Z,1.76,1.8369,1.7,1.8,44510,577,1.77426
2025-01-06T05:00:00Z,1.8,2.15,1.8,2.03,326568,1281,2.02172
2025-01-07T05:00:00Z,2.23,2.25,1.95,1.99,228723,1149,2.15338
2025-01-08T05:00:00Z,1.94,1.98,1.72,1.72,105703,731,1.82258
2025-01-10T05:00:00Z,1.73,1.7366,1.66,1.705,73154,519,1.6876
2025-01-13T05:00:00Z,1.69,1.6942,1.57,1.59,107147,590,1.62183
2025-01-14T05:00:00Z,1.61,1.78,1.595,1.74,60000,483,1.68523
2025-01-15T05:00:00Z,1.76,1.88,1.71,1.76,35108,334,1.76312
2025-01-16T05:00:00Z,1.77,1.785,1.75,1.78,19836,193,1.77017
2025-01-17T05:00:00Z,1.8,1.845,1.75,1.8,43052,390,1.79593
2025-01-21T05:00:00Z,1.7,1.89,1.7,1.85,80609,576,1.79617
2025-01-22T05:00:00Z,1.88,1.9,1.76,1.81,47789,415,1.83768
2025-01-23T05:00:00Z,1.81,1.88,1.79,1.87,40833,376,1.85539
2025-01-24T05:00:00Z,1.87,1.89,1.75,1.83,33379,263,1.85317
2025-01-27T05:00:00Z,1.77,1.89,1.77,1.8,26141,240,1.81682
2025-01-28T05:00:00Z,1.8,1.8354,1.71,1.72,48596,250,1.73632
2025-01-29T05:00:00Z,1.72,1.76,1.67,1.69,44995,251,1.71295
2025-01-30T05:00:00Z,1.65,1.79,1.65,1.66,80368,505,1.71041
2025-01-31T05:00:00Z,1.65,1.82,1.65,1.79,49324,447,1.74392
2025-02-03T05:00:00Z,1.76,1.785,1.66,1.75,49920,432,1.7224
2025-02-04T05:00:00Z,1.78,1.87,1.73,1.785,50261,487,1.80965
2025-02-05T05:00:00Z,1.8,1.8619,1.7461,1.78,49059,313,1.82212
2025-02-06T05:00:00Z,1.76,1.82,1.72,1.73,44529,290,1.76397
2025-02-07T05:00:00Z,1.74,1.7999,1.66,1.665,28205,241,1.7189
2025-02-10T05:00:00Z,1.66,1.76,1.66,1.73,20911,338,1.70682
2025-02-11T05:00:00Z,1.74,1.75,1.64,1.69,43736,323,1.68346
2025-02-12T05:00:00Z,1.66,1.7207,1.57,1.6,56122,257,1.63592
2025-02-13T05:00:00Z,1.59,1.68,1.5628,1.63,39417,289,1.61687
2025-02-14T05:00:00Z,1.61,1.64,1.575,1.64,42246,265,1.60338
2025-02-18T05:00:00Z,1.62,1.6251,1.46,1.46,156531,731,1.5197
2025-02-19T05:00:00Z,1.45,1.4861,1.2675,1.42,199616,650,1.37139
2025-02-20T05:00:00Z,1.4,1.5299,1.4,1.49,126059,461,1.48226
2025-02-21T05:00:00Z,1.48,1.7,1.48,1.53,183649,803,1.59104
2025-02-24T05:00:00Z,1.49,1.53,1.34,1.43,51791,422,1.42632
2025-02-25T05:00:00Z,1.43,1.45,1.37,1.39,22562,119,1.39956
2025-02-26T05:00:00Z,1.36,1.49,1.35,1.38,49303,268,1.40523
2025-02-27T05:00:00Z,1.35,1.386,1.26,1.26,46541,288,1.31749
2025-02-28T05:00:00Z,1.24,1.32,1.21,1.28,52158,270,1.27732
2025-03-03T05:00:00Z,1.26,1.33,1.21,1.29,30322,234,1.27743
2025-03-04T05:00:00Z,1.25,1.27,1.15,1.21,79446,436,1.20625
2025-03-05T05:00:00Z,1.2,1.26,1.165,1.21,72938,586,1.2237
2025-03-06T05:00:00Z,1.19,1.34,1.19,1.34,104462,483,1.28865
2025-03-07T05:00:00Z,1.34,1.46,1.2667,1.41,42570,301,1.35425
2025-03-10T04:00:00Z,1.19,1.415,1.19,1.31,45367,278,1.33956
2025-03-11T04:00:00Z,1.31,1.44,1.31,1.42,35810,246,1.37073
2025-03-12T04:00:00Z,1.4,1.4345,1.3101,1.35,29940,206,1.35444
2025-03-13T04:00:00Z,1.4,1.42,1.33,1.36,19132,156,1.38076
2025-03-14T04:00:00Z,1.35,1.42,1.29,1.41,39799,347,1.35882
2025-03-17T04:00:00Z,1.41,1.88,1.37,1.82,266299,1168,1.67843
2025-03-18T04:00:00Z,1.78,1.86,1.73,1.82,109013,999,1.79216
2025-03-19T04:00:00Z,1.83,2.09,1.6101,1.62,240043,1164,1.82784
2025-03-20T04:00:00Z,1.65,1.7019,1.6001,1.625,32200,279,1.64075
2025-03-21T04:00:00Z,1.63,2.1899,1.53,1.95,248205,1236,1.96756
2025-03-24T04:00:00Z,1.97,2.135,1.9207,2.1,151563,839,2.04018
2025-03-25T04:00:00Z,2.08,2.2037,2.02,2.07,58801,358,2.08622
2025-03-26T04:00:00Z,2.07,2.08,1.86,1.94,38990,254,1.97105
2025-03-27T04:00:00Z,1.86,2.04,1.86,2.03,41872,223,1.97756
2025-03-28T04:00:00Z,1.965,2.01,1.8021,1.88,54408,403,1.87347
2025-03-31T04:00:00Z,1.82,1.87,1.715,1.72,41530,330,1.77535
2025-04-01T04:00:00Z,1.71,1.71,1.61,1.64,89170,745,1.68212
2025-04-02T04:00:00Z,1.68,1.69,1.61,1.63,33182,381,1.65711
2025-04-03T04:00:00Z,1.52,1.5826,1.5,1.53,24724,283,1.52549
2025-04-04T04:00:00Z,1.46,1.6,1.4,1.46,40228,226,1.48427
2025-04-07T04:00:00Z,1.33,1.54,1.31,1.43,44073,223,1.39974
2025-04-08T04:00:00Z,1.46,1.5,1.369,1.39,37023,325,1.40485
2025-04-09T04:00:00Z,1.41,1.54,1.36,1.54,43736,264,1.43544
2025-04-10T04:00:00Z,1.54,1.58,1.44,1.51,31734,270,1.50589
2025-04-11T04:00:00Z,1.46,1.5359,1.42,1.49,10284,123,1.47356
2025-04-14T04:00:00Z,1.5,1.58,1.42,1.48,20764,126,1.49405
2025-04-15T04:00:00Z,1.495,1.5321,1.46,1.49,10798,132,1.48644
2025-04-16T04:00:00Z,1.46,1.46,1.37,1.38,21448,172,1.41346
2025-04-17T04:00:00Z,1.445,1.4995,1.4,1.4,15972,133,1.42969
2025-04-21T04:00:00Z,1.45,1.45,1.38,1.44,27679,199,1.41084
2025-04-22T04:00:00Z,1.45,1.58,1.45,1.51,14369,104,1.48536
2025-04-23T04:00:00Z,1.56,1.712,1.5214,1.7,47856,376,1.61254
2025-04-24T04:00:00Z,1.71,1.71,1.5655,1.65,13803,157,1.64063
2025-04-25T04:00:00Z,1.65,1.72,1.58,1.68,13081,99,1.67209
2025-04-28T04:00:00Z,1.67,1.7292,1.65,1.7,6985,79,1.67095
2025-04-29T04:00:00Z,1.695,1.75,1.67,1.72,13510,109,1.73256
2025-04-30T04:00:00Z,1.75,1.93,1.6689,1.69,57177,268,1.75068
2025-05-01T04:00:00Z,1.7,1.8988,1.6528,1.73,33201,244,1.7367
2025-05-02T04:00:00Z,1.8,1.8262,1.7,1.71,13555,123,1.73137
2025-05-05T04:00:00Z,1.75,1.88,1.7323,1.81,96809,681,1.8057
2025-05-06T04:00:00Z,1.82,1.85,1.673,1.77,42028,332,1.7745
2025-05-07T04:00:00Z,1.78,1.96,1.7393,1.91,50148,283,1.88429
2025-05-08T04:00:00Z,1.885,1.98,1.83,1.97,78229,430,1.89165
2025-05-09T04:00:00Z,1.88,1.9299,1.7701,1.89,43735,346,1.88309
2025-05-12T04:00:00Z,1.93,2.04,1.88,2.03,46815,356,1.98375
2025-05-13T04:00:00Z,2.04,2.13,1.92,1.99,46826,411,2.00498
2025-05-14T04:00:00Z,1.96,2.0072,1.78,1.83,96149,705,1.88791
2025-05-15T04:00:00Z,1.85,1.96,1.8204,1.9,85992,390,1.86951
2025-05-16T04:00:00Z,1.97,1.99,1.84,1.9,35594,418,1.92329
2025-05-19T04:00:00Z,1.86,1.93,1.78,1.92,102161,750,1.85972
2025-05-20T04:00:00Z,1.94,1.98,1.825,1.95,189899,1013,1.9216
2025-05-21T04:00:00Z,1.9,1.9426,1.8,1.8,19778,172,1.84599
2025-05-22T04:00:00Z,1.8,1.805,1.6646,1.72,19807,195,1.73202
2025-05-23T04:00:00Z,1.66,1.75,1.645,1.71,23246,184,1.69082
2025-05-27T04:00:00Z,1.64,1.78,1.62,1.65,50430,250,1.68624
2025-05-28T04:00:00Z,1.61,1.6799,1.58,1.6,18847,119,1.61742
2025-05-29T04:00:00Z,1.5614,1.6473,1.5614,1.574,14525,113,1.60472
2025-05-30T04:00:00Z,1.59,1.63,1.52,1.52,19770,116,1.57948
2025-06-02T04:00:00Z,1.55,1.6,1.52,1.53,42901,399,1.55112
2025-06-03T04:00:00Z,1.55,1.5999,1.51,1.52,32352,509,1.53851
2025-06-04T04:00:00Z,1.54,1.6,1.5,1.55,64077,402,1.54913
2025-06-05T04:00:00Z,1.5992,1.6073,1.5,1.536,39019,305,1.53856
2025-06-06T04:00:00Z,1.54,1.61,1.54,1.55,14212,188,1.579
2025-06-09T04:00:00Z,1.56,1.6199,1.56,1.6,13204,265,1.59773
2025-06-10T04:00:00Z,1.62,1.69,1.58,1.58,29673,218,1.635
2025-06-11T04:00:00Z,1.635,1.65,1.58,1.61,38359,307,1.61456
2025-06-12T04:00:00Z,1.62,1.68,1.52,1.545,39483,221,1.59941
2025-06-13T04:00:00Z,1.53,1.6684,1.51,1.56,45511,271,1.56298
2025-06-16T04:00:00Z,1.51,1.64,1.51,1.54,37547,238,1.57567
2025-06-17T04:00:00Z,1.53,1.61,1.53,1.54,16729,199,1.56004
2025-06-18T04:00:00Z,1.64,1.64,1.5199,1.52,29463,234,1.5511
2025-06-20T04:00:00Z,1.55,1.57,1.45,1.45,95446,468,1.50385
2025-06-23T04:00:00Z,1.42,1.53,1.36,1.37,33321,325,1.43482
2025-06-24T04:00:00Z,1.42,1.5254,1.38,1.49,83614,617,1.45388
2025-06-25T04:00:00Z,1.47,1.6,1.45,1.46,116309,713,1.52951
2025-06-26T04:00:00Z,1.4861,1.5599,1.46,1.46,61404,352,1.48995
2025-06-27T04:00:00Z,1.5,1.6,1.46,1.46,102110,599,1.51626
2025-06-30T04:00:00Z,1.5,1.6,1.48,1.51,59111,377,1.52962
2025-07-01T04:00:00Z,1.66,1.77,1.55,1.64,384405,1828,1.64073
2025-07-02T04:00:00Z,1.67,1.82,1.6482,1.79,192766,1031,1.75636
2025-07-03T04:00:00Z,1.83,1.985,1.79,1.95,113179,604,1.91526
2025-07-07T04:00:00Z,2,2.53,1.97,2.38,652780,2561,2.31234
2025-07-08T04:00:00Z,2.5,2.5,2.1,2.1,305644,1394,2.27844
2025-07-09T04:00:00Z,2.11,2.2515,2.05,2.13,91813,440,2.11528
2025-07-10T04:00:00Z,2.15,2.18,2.0399,2.11,88561,413,2.10759
2025-07-11T04:00:00Z,2.08,2.1115,1.9,1.91,126054,707,1.98857
2025-07-14T04:00:00Z,1.92,1.9399,1.8,1.81,88083,674,1.84523
2025-07-15T04:00:00Z,1.83,1.88,1.72,1.87,60054,630,1.81099
2025-07-16T04:00:00Z,1.87,2.1848,1.84,2.1,191143,1273,2.04266
2025-07-17T04:00:00Z,2.09,2.18,1.94,1.95,100041,668,2.03428
2025-07-18T04:00:00Z,1.96,2.01,1.86,1.98,65451,477,1.92365
2025-07-21T04:00:00Z,1.99,2.0799,1.95,1.99,57393,422,2.01254
2025-07-22T04:00:00Z,2,2.13,1.8754,2.06,100527,598,2.03524
2025-07-23T04:00:00Z,2.11,2.14,1.9701,2.12,96171,440,2.04753
2025-07-24T04:00:00Z,2.12,2.1499,1.96,1.96,47037,348,2.03367
2025-07-25T04:00:00Z,2.01,2.05,1.7,1.83,173976,802,1.81616
2025-07-28T04:00:00Z,1.83,1.8993,1.8,1.8,38447,219,1.84009
2025-07-29T04:00:00Z,1.83,1.8535,1.7,1.75,77375,436,1.77753
2025-07-30T04:00:00Z,1.71,1.83,1.71,1.71,43662,236,1.7598
2025-07-31T04:00:00Z,1.74,1.79,1.7,1.73,26034,180,1.74333
2025-08-01T04:00:00Z,1.73,1.73,1.59,1.62,65661,346,1.62207
2025-08-04T04:00:00Z,1.59,1.74,1.57,1.59,49804,306,1.61405
2025-08-05T04:00:00Z,1.52,1.68,1.51,1.53,178350,944,1.60269
2025-08-06T04:00:00Z,1.54,1.6933,1.53,1.57,40307,281,1.56432
2025-08-07T04:00:00Z,1.57,1.604,1.42,1.515,88103,760,1.50485
2025-08-08T04:00:00Z,1.51,1.5742,1.4701,1.525,39113,611,1.51716
2025-08-11T04:00:00Z,1.61,1.74,1.6099,1.67,98411,905,1.65439
2025-08-12T04:00:00Z,1.7,1.79,1.66,1.69,40565,399,1.71091
2025-08-13T04:00:00Z,1.7,1.73,1.63,1.68,44725,345,1.67653
2025-08-14T04:00:00Z,1.73,1.93,1.7,1.9,252475,1393,1.83829
2025-08-15T04:00:00Z,1.95,2.01,1.8,1.84,125251,630,1.87692
2025-08-18T04:00:00Z,1.83,1.92,1.75,1.77,75429,507,1.83561
2025-08-19T04:00:00Z,1.74,1.8266,1.69,1.69,26212,294,1.77027
2025-08-20T04:00:00Z,1.68,1.8042,1.66,1.7,39634,296,1.71747
2025-08-21T04:00:00Z,1.63,1.765,1.56,1.76,457859,3341,1.6745
2025-08-22T04:00:00Z,1.76,1.8589,1.7151,1.78,66524,527,1.75949
2025-08-25T04:00:00Z,1.85,1.85,1.633,1.64,136884,1012,1.71992
2025-08-26T04:00:00Z,1.7,1.74,1.64,1.64,114159,762,1.68542
2025-08-27T04:00:00Z,1.67,1.7116,1.6407,1.66,32684,329,1.66785
2025-08-28T04:00:00Z,1.65,1.6671,1.6,1.62,58161,362,1.63614
2025-08-29T04:00:00Z,1.62,1.625,1.5,1.52,76115,786,1.55797
2025-09-02T04:00:00Z,1.55,1.55,1.47,1.5,78312,529,1.51379
2025-09-03T04:00:00Z,1.49,1.88,1.47,1.59,816326,3874,1.74519
2025-09-04T04:00:00Z,1.6,1.6,1.49,1.49,141897,606,1.51679
2025-09-05T04:00:00Z,1.5,1.575,1.47,1.49,95584,598,1.50012
2025-09-08T04:00:00Z,1.57,1.59,1.465,1.48,132695,974,1.51666
2025-09-09T04:00:00Z,1.49,1.58,1.49,1.56,67603,619,1.54053
2025-09-10T04:00:00Z,1.56,1.79,1.56,1.69,231040,1155,1.70648
2025-09-11T04:00:00Z,1.73,1.83,1.6994,1.8,133995,1313,1.8039
2025-09-12T04:00:00Z,1.83,1.87,1.74,1.81,125925,1184,1.79451
2025-09-15T04:00:00Z,1.83,2.1,1.82,2.07,391432,2842,1.99779
2025-09-16T04:00:00Z,2.2,3.305,2.2,3.15,7558043,36317,2.83397
2025-09-17T04:00:00Z,2.71,2.935,2.41,2.78,976389,5988,2.72798
2025-09-18T04:00:00Z,2.76,2.94,2.46,2.57,555894,2626,2.68311
2025-09-19T04:00:00Z,2.72,2.72,2.54,2.58,309072,1951,2.62743
2025-09-22T04:00:00Z,2.6,3.02,2.52,3.02,472060,2561,2.76794
2025-09-23T04:00:00Z,3.02,3.1464,2.8101,2.84,313391,2083,3.00173
2025-09-24T04:00:00Z,2.85,3.4,2.83,3.31,434814,2275,3.15621
2025-09-25T04:00:00Z,3.28,3.35,3,3.3,263804,1671,3.21443
2025-09-26T04:00:00Z,3.33,3.8,3.229,3.8,428353,2631,3.50508
2025-09-29T04:00:00Z,3.81,4.64,3.6305,4.47,906133,5705,4.10232
2025-09-30T04:00:00Z,4.6,4.8,3.72,3.74,959623,4928,4.24986
2025-10-01T04:00:00Z,3.77,4.2,3.61,4.03,331083,2188,3.96538
2025-10-02T04:00:00Z,3.8,3.8699,3.4829,3.82,543490,2945,3.702
2025-10-03T04:00:00Z,3.91,4.06,3.66,3.73,438669,2704,3.84976
2025-10-06T04:00:00Z,3.86,5.15,3.86,4.9,1293545,7506,4.58253
2025-10-07T04:00:00Z,4.95,5.09,4.55,4.87,376593,2666,4.80757
2025-10-08T04:00:00Z,5.01,5.67,4.94,5.6,802428,5045,5.35084
2025-10-09T04:00:00Z,5.67,6,5.2,5.94,602293,4466,5.61313
2025-10-10T04:00:00Z,6.1,7.2995,5.75,5.85,1456235,9988,6.49891
2025-10-13T04:00:00Z,6.12,6.81,5.5625,5.86,764957,5649,6.07738
2025-10-14T04:00:00Z,5.69,6.23,5.15,6.19,565604,4085,5.7355
2025-10-15T04:00:00Z,6.34,6.5614,5.9211,6.37,467209,2606,6.26896
2025-10-16T04:00:00Z,6.28,6.38,5.0612,5.16,627017,4544,5.72919
2025-10-17T04:00:00Z,5.06,5.59,5.06,5.37,355426,3781,5.36254
2025-10-20T04:00:00Z,5.29,5.99,5.06,5.8,520465,4208,5.62787
2025-10-21T04:00:00Z,5.75,6.6,5.66,6.19,580085,3991,6.14722
2025-10-22T04:00:00Z,6.11,6.78,5.73,6.66,927154,5366,6.33759
2025-10-23T04:00:00Z,6.73,7.55,6.57,6.61,1914451,8886,7.17171
2025-10-24T04:00:00Z,6.95,7.17,6.08,6.14,917702,5107,6.42056
2025-10-27T04:00:00Z,6.4,6.4,5.44,5.56,795814,5066,5.89101
2025-10-28T04:00:00Z,5.41,5.56,4.2001,4.34,1555575,9866,4.7115
2025-10-29T04:00:00Z,4.41,4.5295,4.2,4.22,431187,2931,4.3536
2025-10-30T04:00:00Z,4.25,4.255,3.65,3.66,762587,4000,3.92778
2025-10-31T04:00:00Z,2.74,3.45,2.24,2.37,4079151,23762,2.57916
2025-11-03T05:00:00Z,2.525,2.9,2.45,2.66,2166953,11604,2.67631
2025-11-04T05:00:00Z,2.54,2.72,2.195,2.22,1497815,7006,2.35446
2025-11-05T05:00:00Z,2.25,2.53,2.24,2.39,997889,4484,2.3803
2025-11-06T05:00:00Z,2.37,2.57,2.28,2.35,840250,4772,2.41398
2025-11-07T05:00:00Z,2.395,2.41,2.125,2.23,910203,5914,2.22916
2025-11-10T05:00:00Z,2.25,2.41,2.21,2.37,513236,2369,2.31081
2025-11-11T05:00:00Z,2.36,2.43,2.21,2.39,426176,2738,2.33842
2025-11-12T05:00:00Z,2.42,2.48,2.26,2.37,429479,2256,2.32772
2025-11-13T05:00:00Z,2.33,2.4,2.1701,2.2,549267,2783,2.24679
2025-11-14T05:00:00Z,1.84,2,1.7,1.84,1132316,4769,1.82872
2025-11-17T05:00:00Z,1.86,1.86,1.47,1.52,1170000,3880,1.61933
2025-11-18T05:00:00Z,1.48,1.7201,1.48,1.67,563987,3395,1.64005
2025-11-19T05:00:00Z,1.66,1.71,1.5,1.57,587750,2053,1.56559
2025-11-20T05:00:00Z,1.77,1.83,1.54,1.58,833502,3652,1.67256
2025-11-21T05:00:00Z,1.58,1.58,1.42,1.52,545599,2060,1.49838
2025-11-24T05:00:00Z,1.52,1.56,1.48,1.54,248913,1379,1.52299
2025-11-25T05:00:00Z,1.51,1.59,1.47,1.55,173277,1295,1.54851
2025-11-26T05:00:00Z,1.55,1.72,1.5208,1.67,241076,1965,1.64476
2025-11-28T05:00:00Z,1.67,1.75,1.65,1.68,222774,1336,1.69243
2025-12-01T05:00:00Z,1.66,1.66,1.5,1.51,275033,1411,1.54607
2025-12-02T05:00:00Z,1.54,1.58,1.49,1.53,256146,1399,1.53629
2025-12-03T05:00:00Z,1.57,1.66,1.51,1.64,173798,1134,1.59949
2025-12-04T05:00:00Z,1.64,1.725,1.61,1.7,196783,1157,1.67558
2025-12-05T05:00:00Z,1.7,1.72,1.569,1.58,196955,1180,1.63005
2025-12-08T05:00:00Z,1.59,1.67,1.4945,1.61,306048,2201,1.5525
2025-12-09T05:00:00Z,1.61,1.6796,1.57,1.63,186359,1390,1.63146
2025-12-10T05:00:00Z,1.62,1.62,1.55,1.57,156421,1258,1.57154
2025-12-11T05:00:00Z,1.59,1.645,1.53,1.61,228055,1606,1.58752
2025-12-12T05:00:00Z,1.61,1.62,1.515,1.53,313287,1820,1.55379
2025-12-15T05:00:00Z,1.57,1.5894,1.36,1.36,559971,2477,1.42361
2025-12-16T05:00:00Z,1.405,1.51,1.4,1.43,235826,1699,1.45307
2025-12-17T05:00:00Z,1.42,1.455,1.33,1.39,346735,1653,1.36823
2025-12-18T05:00:00Z,1.43,1.45,1.3,1.34,380562,1553,1.36389
2025-12-19T05:00:00Z,1.36,1.39,1.3,1.36,452419,1725,1.34614
2025-12-22T05:00:00Z,1.38,1.5,1.36,1.38,439478,1697,1.42965
2025-12-23T05:00:00Z,1.4,1.415,1.3301,1.36,263966,1099,1.3774
2025-12-24T05:00:00Z,1.36,1.48,1.36,1.4,181348,931,1.42536
2025-12-26T05:00:00Z,1.42,1.45,1.37,1.4,233573,1479,1.41838
2025-12-29T05:00:00Z,1.38,1.415,1.31,1.32,389082,1778,1.33446
2025-12-30T05:00:00Z,1.34,1.35,1.275,1.29,395332,1369,1.30798
2025-12-31T05:00:00Z,1.29,1.31,1.245,1.27,257346,1217,1.27324
