timestamp,open,high,low,close,volume,tradeCount,vwap
2016-01-04T05:00:00Z,4.49,4.59,4.49,4.53,11685,12,4.52431
2016-01-05T05:00:00Z,4.46,4.55,4.27,4.46,16616,61,4.42406
2016-01-06T05:00:00Z,4.39,4.46,4.25,4.28,22620,95,4.3421
2016-01-07T05:00:00Z,4.369,4.38,3.97,4.01,58816,167,4.12599
2016-01-08T05:00:00Z,4.08,4.48,4,4.25,35269,165,4.15057
2016-01-11T05:00:00Z,4.29,4.48,4.23,4.42,8294,86,4.41754
2016-01-12T05:00:00Z,4.338,4.338,4.2,4.22,26377,53,4.27383
2016-01-13T05:00:00Z,4.24,4.24,4,4.08,29062,109,4.08271
2016-01-14T05:00:00Z,4.02,4.08,3.99,3.99,33574,64,4.02409
2016-01-15T05:00:00Z,3.92,3.97,3.8,3.8799,41072,103,3.8935
2016-01-19T05:00:00Z,3.91,3.912,3.8,3.8,17305,100,3.83697
2016-01-20T05:00:00Z,3.72,3.75,3.65,3.72,26011,77,3.73841
2016-01-21T05:00:00Z,3.71,3.75,3.68,3.75,11532,82,3.7298
2016-01-22T05:00:00Z,3.75,3.75,3.69,3.75,7666,32,3.72932
2016-01-25T05:00:00Z,3.681,3.75,3.681,3.73,6649,24,3.72995
2016-01-26T05:00:00Z,3.81,4,3.7601,4,3752,34,3.8758
2016-01-27T05:00:00Z,3.88,4.22,3.88,4.15,45117,173,4.0798
2016-01-28T05:00:00Z,4.11,4.21,4.09,4.15,6189,41,4.13983
2016-01-29T05:00:00Z,4.16,4.22,4.1,4.21,9100,28,4.13277
2016-02-01T05:00:00Z,4.21,4.42,4.21,4.41,7208,39,4.33491
2016-02-02T05:00:00Z,4.38,4.42,4.38,4.41,5129,16,4.40863
2016-02-03T05:00:00Z,4.3901,4.47,4.3901,4.47,1258,12,4.44004
2016-02-04T05:00:00Z,4.45,4.54,4.33,4.47,9597,56,4.46458
2016-02-05T05:00:00Z,4.4431,4.51,4.41,4.51,1810,8,4.45398
2016-02-08T05:00:00Z,4.57,4.57,4.45,4.5,3421,29,4.4968
2016-02-09T05:00:00Z,4.51,4.53,4.32,4.5,12639,70,4.43607
2016-02-10T05:00:00Z,4.44,4.54,4.44,4.52,5965,42,4.47226
2016-02-11T05:00:00Z,4.59,4.59,4.46,4.48,2487,19,4.48168
2016-02-12T05:00:00Z,4.5,4.55,4.48,4.5,7841,49,4.53057
2016-02-16T05:00:00Z,4.48,4.51,4.46,4.46,5401,29,4.48174
2016-02-17T05:00:00Z,4.42,4.56,4.38,4.49,4804,27,4.48902
2016-02-18T05:00:00Z,4.45,4.535,4.33,4.45,19015,69,4.44884
2016-02-19T05:00:00Z,4.5088,4.5088,4.5088,4.5088,150,1,4.5088
2016-02-22T05:00:00Z,4.46,4.52,4.45,4.48,15036,77,4.49391
2016-02-23T05:00:00Z,4.53,4.53,4.49,4.5,10720,23,4.49151
2016-02-24T05:00:00Z,4.436,4.51,4.37,4.45,17633,62,4.44043
2016-02-25T05:00:00Z,4.46,4.53,4.43,4.5,6200,27,4.45459
2016-02-26T05:00:00Z,4.52,4.54,4.51,4.53,2511,25,4.53206
2016-02-29T05:00:00Z,4.5,4.5,4.45,4.49,16546,47,4.46976
2016-03-01T05:00:00Z,4.49,4.49,4.46,4.46,1398,15,4.4808
2016-03-02T05:00:00Z,4.47,4.47,4.41,4.42,10675,32,4.45075
2016-03-03T05:00:00Z,4.37,4.46,4.03,4.38,33056,115,4.18416
2016-03-04T05:00:00Z,4.39,4.39,4.19,4.29,20880,81,4.28608
2016-03-07T05:00:00Z,4.38,4.38,4.29,4.29,612,7,4.35
2016-03-08T05:00:00Z,4.2401,4.245,4.18,4.21,12500,25,4.22403
2016-03-09T05:00:00Z,4.14,4.2,4.14,4.1816,2712,22,4.19376
2016-03-10T05:00:00Z,4.25,4.44,4.2,4.25,10660,51,4.27891
2016-03-11T05:00:00Z,4.25,4.26,4.24,4.26,2201,11,4.25023
2016-03-14T04:00:00Z,4.25,4.25,4.2,4.22,6108,23,4.21602
2016-03-15T04:00:00Z,4.2265,4.2588,4.19,4.2,5314,16,4.22812
2016-03-16T04:00:00Z,4.18,4.3,4.17,4.27,31844,51,4.25093
2016-03-17T04:00:00Z,4.29,4.51,4.25,4.45,44160,123,4.3612
2016-03-18T04:00:00Z,4.47,4.56,4.42,4.49,49874,143,4.50655
2016-03-21T04:00:00Z,4.4358,4.57,4.4358,4.57,2908,14,4.479
2016-03-22T04:00:00Z,4.47,4.6575,4.46,4.5653,39704,193,4.59047
2016-03-23T04:00:00Z,4.56,4.56,4.51,4.51,3603,18,4.51576
2016-03-24T04:00:00Z,4.55,4.64,4.5,4.63,12036,46,4.56603
2016-03-28T04:00:00Z,4.63,4.74,4.6,4.65,8789,37,4.65234
2016-03-29T04:00:00Z,4.69,4.69,4.55,4.65,11200,45,4.64017
2016-03-30T04:00:00Z,4.61,4.79,4.61,4.79,7027,45,4.72516
2016-03-31T04:00:00Z,4.75,4.8,4.71,4.75,19278,60,4.75146
2016-04-01T04:00:00Z,4.6901,4.7999,4.6601,4.73,11366,49,4.71566
2016-04-04T04:00:00Z,4.649,4.79,4.63,4.76,26510,81,4.74185
2016-04-05T04:00:00Z,4.75,4.76,4.72,4.75,21101,55,4.7382
2016-04-06T04:00:00Z,4.785,4.84,4.75,4.79,5537,15,4.78482
2016-04-07T04:00:00Z,4.74,4.83,4.6,4.82,21807,119,4.73537
2016-04-08T04:00:00Z,4.766,4.82,4.766,4.82,3600,29,4.79748
2016-04-11T04:00:00Z,4.81,4.82,4.65,4.74,23351,137,4.74283
2016-04-12T04:00:00Z,4.75,4.8,4.7,4.7,6101,36,4.7497
2016-04-13T04:00:00Z,4.7,4.73,4.69,4.69,5219,17,4.71279
2016-04-14T04:00:00Z,4.717,4.76,4.711,4.73,3170,28,4.74313
2016-04-15T04:00:00Z,4.72,4.79,4.69,4.72,7475,61,4.7543
2016-04-18T04:00:00Z,4.73,4.8,4.585,4.76,6781,45,4.71654
2016-04-19T04:00:00Z,4.7,4.77,4.69,4.75,1673,19,4.73
2016-04-20T04:00:00Z,4.7,4.71,4.52,4.67,17901,62,4.66778
2016-04-21T04:00:00Z,4.6505,4.6705,4.62,4.65,14371,37,4.64762
2016-04-22T04:00:00Z,4.63,4.6406,4.59,4.63,3469,22,4.63546
2016-04-25T04:00:00Z,4.59,4.6,4.27,4.52,25984,110,4.46536
2016-04-26T04:00:00Z,4.5,4.55,4.46,4.52,8950,33,4.51973
2016-04-27T04:00:00Z,4.52,4.56,4.275,4.55,29756,156,4.4795
2016-04-28T04:00:00Z,4.5,4.55,4.48,4.48,20825,43,4.51394
2016-04-29T04:00:00Z,4.554,4.73,4.549,4.68,26305,136,4.64635
2016-05-02T04:00:00Z,4.638,4.67,4.62,4.65,15453,39,4.64354
2016-05-03T04:00:00Z,4.5986,4.72,4.58,4.69,7550,29,4.60716
2016-05-04T04:00:00Z,4.71,4.76,4.66,4.76,336,6,4.71
2016-05-05T04:00:00Z,4.79,4.79,4.7,4.75,1163,13,4.72726
2016-05-06T04:00:00Z,4.8,4.8,4.4708,4.6799,6820,21,4.61527
2016-05-09T04:00:00Z,4.59,4.61,4.55,4.6,3804,22,4.59605
2016-05-10T04:00:00Z,4.609,4.73,4.52,4.61,15095,54,4.62967
2016-05-11T04:00:00Z,4.59,4.68,4.55,4.57,7591,54,4.61863
2016-05-12T04:00:00Z,4.49,4.69,4.44,4.6,9211,63,4.54991
2016-05-13T04:00:00Z,4.61,4.66,4.59,4.65,6221,36,4.63841
2016-05-16T04:00:00Z,4.69,4.75,4.52,4.62,10982,64,4.66873
2016-05-17T04:00:00Z,4.6361,4.75,4.59,4.64,27138,95,4.65849
2016-05-18T04:00:00Z,4.6,4.65,4.6,4.63,2253,24,4.61744
2016-05-19T04:00:00Z,4.58,4.63,4.52,4.61,20600,91,4.58496
2016-05-20T04:00:00Z,4.57,4.61,4.57,4.6,10431,64,4.59894
2016-05-23T04:00:00Z,4.67,4.76,4.667,4.728,7262,39,4.72998
2016-05-24T04:00:00Z,4.62,4.64,4.37,4.6,21945,95,4.60214
2016-05-25T04:00:00Z,4.66,4.941,4.61,4.85,20037,138,4.76793
2016-05-26T04:00:00Z,4.8289,4.95,4.8289,4.9,31073,111,4.90239
2016-05-27T04:00:00Z,4.84,4.89,4.74,4.88,9877,67,4.8427
2016-05-31T04:00:00Z,4.86,5.03,4.83,4.97,16594,80,4.9403
2016-06-01T04:00:00Z,4.97,5,4.93,4.96,111205,50,4.96843
2016-06-02T04:00:00Z,5,5.09,4.97,4.97,15930,79,4.99599
2016-06-03T04:00:00Z,5.01,5.09,5.01,5.07,15322,63,5.0573
2016-06-06T04:00:00Z,4.99,5.06,4.99,5.0599,9556,33,5.04183
2016-06-07T04:00:00Z,5.0699,5.12,5.03,5.1,28000,218,5.08207
2016-06-08T04:00:00Z,5.09,5.22,5.09,5.19,18320,80,5.1623
2016-06-09T04:00:00Z,5.137,5.18,5.137,5.15,14791,63,5.15965
2016-06-10T04:00:00Z,5.11,5.21,5.11,5.15,9644,32,5.15696
2016-06-13T04:00:00Z,5.21,5.28,5.207,5.24,9839,61,5.24001
2016-06-14T04:00:00Z,5.2,5.21,5.19,5.2,6302,16,5.2
2016-06-15T04:00:00Z,5.2132,5.25,5.19,5.25,4925,18,5.21585
2016-06-16T04:00:00Z,5.21,5.21,5.21,5.21,111,3,5.21
2016-06-17T04:00:00Z,5.21,5.21,5.21,5.21,0,0,0
2016-06-20T04:00:00Z,5.217,5.2425,5.18,5.21,12050,80,5.20967
2016-06-21T04:00:00Z,5.1315,5.24,5.1315,5.22,15398,65,5.21887
2016-06-22T04:00:00Z,5.19,5.1907,5.16,5.18,10557,42,5.18494
2016-06-23T04:00:00Z,5.14,5.19,5.12,5.19,6117,31,5.13847
2016-06-24T04:00:00Z,5.06,5.19,5.06,5.16,30003,102,5.15658
2016-06-27T04:00:00Z,5.1,5.17,5.1,5.15,49751,120,5.15071
2016-06-28T04:00:00Z,5.16,5.22,5.16,5.2,10391,51,5.19025
2016-06-29T04:00:00Z,5.21,5.3,5.17,5.3,11809,41,5.23774
2016-06-30T04:00:00Z,5.363,5.3999,5.32,5.37,13356,68,5.3597
2016-07-01T04:00:00Z,5.4,5.44,5.38,5.42,11668,61,5.39581
2016-07-05T04:00:00Z,5.35,5.42,5.3,5.36,9122,59,5.35809
2016-07-06T04:00:00Z,5.4,5.4499,5.37,5.41,12602,91,5.41097
2016-07-07T04:00:00Z,5.45,5.45,5.3611,5.38,8890,41,5.41535
2016-07-08T04:00:00Z,5.38,5.42,5.37,5.4172,9501,50,5.38244
2016-07-11T04:00:00Z,5.36,5.42,5.36,5.39,7150,43,5.38725
2016-07-12T04:00:00Z,5.39,5.45,5.3401,5.387,17546,46,5.40378
2016-07-13T04:00:00Z,5.37,5.45,5.35,5.4,5051,36,5.41086
2016-07-14T04:00:00Z,5.4,5.45,5.27,5.32,17511,47,5.35371
2016-07-15T04:00:00Z,5.227,5.45,5.221,5.38,25406,99,5.30343
2016-07-18T04:00:00Z,5.35,5.41,5.29,5.35,23781,130,5.33007
2016-07-19T04:00:00Z,5.28,5.33,5.22,5.23,37197,120,5.27299
2016-07-20T04:00:00Z,5.249,5.2755,5.07,5.25,41123,170,5.21079
2016-07-21T04:00:00Z,5.288,5.32,5.21,5.24,19100,80,5.26336
2016-07-22T04:00:00Z,5.22,5.36,5.2,5.3,9055,59,5.28812
2016-07-25T04:00:00Z,5.4,5.45,5.25,5.43,29182,113,5.37323
2016-07-26T04:00:00Z,5.42,5.44,5.4,5.4193,12090,61,5.41997
2016-07-27T04:00:00Z,5.44,5.4858,5.31,5.45,42910,116,5.43583
2016-07-28T04:00:00Z,5.4,5.5306,5.39,5.48,48407,96,5.47601
2016-07-29T04:00:00Z,5.53,5.56,5.48,5.5,3611,32,5.50419
2016-08-01T04:00:00Z,5.37,5.5,5.35,5.43,25940,109,5.40951
2016-08-02T04:00:00Z,5.48,5.56,5.45,5.47,5871,46,5.51274
2016-08-03T04:00:00Z,5.54,5.55,5.48,5.5,1726,19,5.51647
2016-08-04T04:00:00Z,5.54,5.54,5.46,5.51,14481,52,5.49202
2016-08-05T04:00:00Z,5.49,5.62,5.49,5.61,19731,49,5.56328
2016-08-08T04:00:00Z,5.59,5.62,5.52,5.61,15821,68,5.59246
2016-08-09T04:00:00Z,5.59,5.62,5.458,5.5611,27422,117,5.53752
2016-08-10T04:00:00Z,5.55,5.62,5.53,5.61,3820,22,5.56935
2016-08-11T04:00:00Z,5.5701,5.66,5.52,5.6,12600,52,5.57623
2016-08-12T04:00:00Z,5.55,5.59,5.54,5.58,6300,21,5.57723
2016-08-15T04:00:00Z,5.61,5.61,5.53,5.54,4600,20,5.56338
2016-08-16T04:00:00Z,5.5199,5.56,5.5036,5.54,9302,62,5.53283
2016-08-17T04:00:00Z,5.45,5.6,5.43,5.59,43007,120,5.52576
2016-08-18T04:00:00Z,5.53,5.56,5.48,5.55,2500,21,5.52734
2016-08-19T04:00:00Z,5.53,5.5332,5.51,5.52,1900,19,5.52602
2016-08-22T04:00:00Z,5.52,5.58,5.45,5.52,24099,117,5.51456
2016-08-23T04:00:00Z,5.5,5.6,5.43,5.6,64796,181,5.48702
2016-08-24T04:00:00Z,5.51,5.73,5.51,5.73,17272,93,5.6163
2016-08-25T04:00:00Z,5.63,5.7,5.62,5.7,37292,171,5.66007
2016-08-26T04:00:00Z,5.6445,5.6795,5.5201,5.6,11475,63,5.59758
2016-08-29T04:00:00Z,5.57,5.72,5.52,5.59,9301,61,5.5999
2016-08-30T04:00:00Z,5.56,5.7,5.32,5.67,40438,135,5.585
2016-08-31T04:00:00Z,5.7,5.81,5.68,5.68,55638,173,5.72443
2016-09-01T04:00:00Z,5.7,5.7,5.55,5.64,15903,65,5.60123
2016-09-02T04:00:00Z,5.46,5.77,5.46,5.77,19146,95,5.6462
2016-09-06T04:00:00Z,5.89,5.89,5.73,5.7799,17656,47,5.81821
2016-09-07T04:00:00Z,5.78,5.83,5.78,5.79,44999,155,5.80764
2016-09-08T04:00:00Z,5.7647,5.79,5.73,5.77,2063,21,5.76738
2016-09-09T04:00:00Z,5.81,5.83,5.717,5.7407,7444,16,5.7702
2016-09-12T04:00:00Z,5.7,5.71,5.69,5.69,6002,24,5.69398
2016-09-13T04:00:00Z,5.6,5.67,5.54,5.59,32510,186,5.59629
2016-09-14T04:00:00Z,5.61,5.67,5.51,5.6152,12215,56,5.57054
2016-09-15T04:00:00Z,5.625,5.65,5.57,5.57,2503,14,5.6194
2016-09-16T04:00:00Z,5.6205,5.66,5.58,5.59,12654,55,5.60864
2016-09-19T04:00:00Z,5.61,5.66,5.58,5.59,1822,11,5.59939
2016-09-20T04:00:00Z,5.56,5.59,5.51,5.56,8084,30,5.53097
2016-09-21T04:00:00Z,5.56,5.67,5.55,5.67,2296,19,5.62864
2016-09-22T04:00:00Z,5.64,5.68,5.64,5.68,540,7,5.65
2016-09-23T04:00:00Z,5.68,5.8344,5.68,5.78,47195,163,5.77921
2016-09-26T04:00:00Z,5.68,5.82,5.68,5.78,34028,73,5.74292
2016-09-27T04:00:00Z,5.78,5.78,5.7417,5.77,1185,8,5.77134
2016-09-28T04:00:00Z,5.79,5.8,5.75,5.76,18156,38,5.76367
2016-09-29T04:00:00Z,5.78,5.83,5.76,5.77,5518,23,5.77309
2016-09-30T04:00:00Z,5.7668,5.78,5.74,5.74,1153931,26,5.76507
2016-10-03T04:00:00Z,5.79,5.79,5.73,5.74,30863,54,5.759
2016-10-04T04:00:00Z,5.75,5.78,5.7148,5.72,11101,24,5.74925
2016-10-05T04:00:00Z,5.75,5.8168,5.73,5.73,21628,69,5.79507
2016-10-06T04:00:00Z,5.75,5.78,5.7001,5.75,6611,34,5.73588
2016-10-07T04:00:00Z,5.74,5.76,5.67,5.69,2660,26,5.69875
2016-10-10T04:00:00Z,5.7,5.8,5.7,5.74,12637,100,5.74881
2016-10-11T04:00:00Z,5.7,5.74,5.67,5.74,11395,67,5.70652
2016-10-12T04:00:00Z,5.75,5.75,5.6,5.65,10256,78,5.68517
2016-10-13T04:00:00Z,5.7,5.75,5.62,5.6899,19977,66,5.66467
2016-10-14T04:00:00Z,5.6466,5.67,5.6,5.65,12708,64,5.64788
2016-10-17T04:00:00Z,5.55,5.67,5.55,5.65,12197,46,5.59059
2016-10-18T04:00:00Z,5.71,5.72,5.67,5.71,3098,15,5.69053
2016-10-19T04:00:00Z,5.76,5.8,5.73,5.76,9208,30,5.75183
2016-10-20T04:00:00Z,5.7,5.75,5.65,5.73,20529,73,5.69675
2016-10-21T04:00:00Z,5.68,5.74,5.65,5.7,16159,65,5.69311
2016-10-24T04:00:00Z,5.7,5.72,5.65,5.68,112102,24,5.69675
2016-10-25T04:00:00Z,5.66,5.73,5.63,5.67,3034,16,5.68074
2016-10-26T04:00:00Z,5.67,5.72,5.63,5.67,5522,37,5.67752
2016-10-27T04:00:00Z,5.6401,5.7004,5.64,5.7,7841,12,5.66385
2016-10-28T04:00:00Z,5.69,5.69,5.61,5.65,11677,57,5.65371
2016-10-31T04:00:00Z,5.65,5.65,5.65,5.65,0,0,0
2016-11-01T04:00:00Z,5.6,5.7,5.58,5.7,7722,11,5.60825
2016-11-02T04:00:00Z,5.7,5.7,5.65,5.7,6161,39,5.69576
2016-11-03T04:00:00Z,5.7,5.7,5.55,5.7,19295,55,5.62619
2016-11-04T04:00:00Z,5.65,5.7,5.6,5.65,4425,31,5.64432
2016-11-07T05:00:00Z,5.7,5.7,5.65,5.7,5782,42,5.67557
2016-11-08T05:00:00Z,5.7186,5.7186,5.65,5.65,2050,7,5.69767
2016-11-09T05:00:00Z,5.6,5.65,5.5,5.6,26767,92,5.55893
2016-11-10T05:00:00Z,5.6,5.65,5.55,5.55,3743,35,5.57242
2016-11-11T05:00:00Z,5.55,5.6,5.55,5.6,1196,13,5.56111
2016-11-14T05:00:00Z,5.6,5.65,5.55,5.65,22405,37,5.59718
2016-11-15T05:00:00Z,5.7,5.7,5.6,5.65,1132,13,5.65092
2016-11-16T05:00:00Z,5.6353,5.7,5.625,5.65,3639,14,5.63691
2016-11-17T05:00:00Z,5.75,5.9,5.5,5.8,80523,204,5.79978
2016-11-18T05:00:00Z,5.75,5.8,5.45,5.45,40015,91,5.71029
2016-11-21T05:00:00Z,5.6,5.75,5.6,5.65,61036,146,5.66025
2016-11-22T05:00:00Z,5.7,6,5.6916,5.9,39763,129,5.83881
2016-11-23T05:00:00Z,5.95,5.95,5.7,5.8,35622,149,5.79779
2016-11-25T05:00:00Z,5.8,5.9,5.7967,5.8839,13630,42,5.8476
2016-11-28T05:00:00Z,5.8812,5.9,5.8,5.8,18600,63,5.84136
2016-11-29T05:00:00Z,5.85,6,5.85,5.9,27604,121,5.94774
2016-11-30T05:00:00Z,5.995,6,5.75,5.85,27464,129,5.87896
2016-12-01T05:00:00Z,5.9,6,5.9,6,20076,59,5.97244
2016-12-02T05:00:00Z,5.95,6,5.9,6,53260,122,5.98028
2016-12-05T05:00:00Z,5.96,6,5.7,5.875,59425,181,5.86494
2016-12-06T05:00:00Z,5.805,6,5.805,5.95,22292,118,5.91586
2016-12-07T05:00:00Z,5.9,6,5.9,5.95,59885,210,5.94763
2016-12-08T05:00:00Z,6,6.05,5.95,6,75894,350,6.00139
2016-12-09T05:00:00Z,6,6.05,5.95,6.05,19303,72,5.99893
2016-12-12T05:00:00Z,6,6.15,5.9,6,50274,148,6.02553
2016-12-13T05:00:00Z,6,6.05,5.95,6,50286,128,5.99046
2016-12-14T05:00:00Z,6.0225,6.05,6,6,24270,98,6.01266
2016-12-15T05:00:00Z,6.05,6.05,5.9,5.9,40027,217,5.96777
2016-12-16T05:00:00Z,6,6.05,5.95,5.95,9187,42,6.00403
2016-12-19T05:00:00Z,6,6.05,5.975,6,11501,37,6.002
2016-12-20T05:00:00Z,5.9,6.05,5.9,5.9,96573,331,5.97823
2016-12-21T05:00:00Z,5.9,6.1,5.9,6,114734,186,6.04935
2016-12-22T05:00:00Z,6.05,6.1,6.05,6.05,26080,100,6.06772
2016-12-23T05:00:00Z,6.05,6.1,6,6.075,11358,59,6.05582
2016-12-27T05:00:00Z,6,6.1,5.975,6.05,68073,147,5.99914
2016-12-28T05:00:00Z,5.95,6.05,5.91,5.95,87232,62,5.95957
2016-12-29T05:00:00Z,6.0366,6.1,5.9,5.95,35794,89,5.95939
2016-12-30T05:00:00Z,6.05,6.25,6.05,6.25,30779,91,6.13541
2017-01-03T05:00:00Z,6.25,6.25,6.175,6.2,42655,127,6.21295
2017-01-04T05:00:00Z,6.15,6.25,6.15,6.2248,10928,26,6.23448
2017-01-05T05:00:00Z,6.2,6.25,6.2,6.25,10784,32,6.20309
2017-01-06T05:00:00Z,6.25,6.35,6.25,6.35,19046,88,6.31769
2017-01-09T05:00:00Z,6.35,6.45,6.3375,6.4,20495,67,6.37282
2017-01-10T05:00:00Z,6.45,6.45,6.3,6.4,22686,100,6.37451
2017-01-11T05:00:00Z,6.45,6.45,6.35,6.4,17782,116,6.39382
2017-01-12T05:00:00Z,6.45,6.45,6.25,6.25,24043,109,6.37639
2017-01-13T05:00:00Z,6.25,6.45,6.25,6.45,9736,46,6.40168
2017-01-17T05:00:00Z,6.3605,6.45,6.3,6.45,29004,146,6.38667
2017-01-18T05:00:00Z,6.5,6.5,6.4,6.5,34860,77,6.45383
2017-01-19T05:00:00Z,6.45,6.5,6.4,6.45,10191,31,6.45176
2017-01-20T05:00:00Z,6.5,6.5,6.3,6.3,22883,116,6.42456
2017-01-23T05:00:00Z,6.4589,6.5,6.4,6.425,12209,60,6.42075
2017-01-24T05:00:00Z,6.45,6.5,6.35,6.44,11792,38,6.43633
2017-01-25T05:00:00Z,6.41,6.45,6.4,6.425,18609,40,6.41344
2017-01-26T05:00:00Z,6.5,6.5,6.4,6.4,5448,27,6.41973
2017-01-27T05:00:00Z,6.45,6.45,6.35,6.4,2363,14,6.38583
2017-01-30T05:00:00Z,6.35,6.5,6.3,6.45,6440,51,6.3839
2017-01-31T05:00:00Z,6.45,6.45,6.3,6.35,25569,107,6.37342
2017-02-01T05:00:00Z,6.35,6.4,6.2,6.3,16025,64,6.27435
2017-02-02T05:00:00Z,6.35,6.35,6.1,6.25,13374,53,6.23311
2017-02-03T05:00:00Z,6.2,6.25,6.15,6.2,18025,75,6.19416
2017-02-06T05:00:00Z,6.15,6.2,6.05,6.1,17793,89,6.11909
2017-02-07T05:00:00Z,6.05,6.1,5.9145,6,22032,78,6.00485
2017-02-08T05:00:00Z,6,6.1,5.95,6.1,24161,27,6.00688
2017-02-09T05:00:00Z,6.1,6.2,6.1,6.2,1650,12,6.15755
2017-02-10T05:00:00Z,6.15,6.225,6.1,6.15,8110,35,6.14726
2017-02-13T05:00:00Z,6.2,6.2,6,6,18600,75,6.05332
2017-02-14T05:00:00Z,6,6,5.905,5.95,16947,66,5.96714
2017-02-15T05:00:00Z,5.95,5.975,5.9,5.925,33366,114,5.92611
2017-02-16T05:00:00Z,5.9,6.05,5.9,6,5897,24,5.9377
2017-02-17T05:00:00Z,6.0125,6.15,6,6.15,12534,52,6.09565
2017-02-21T05:00:00Z,6.15,6.2,6.1,6.15,19744,62,6.15937
2017-02-22T05:00:00Z,6.1,6.15,6,6.15,13136,33,6.05716
2017-02-23T05:00:00Z,6.15,6.15,5.95,6,16900,78,6.05438
2017-02-24T05:00:00Z,6.01,6.05,6,6,13909,14,6.01192
2017-02-27T05:00:00Z,6,6.05,5.95,6.0319,6451,35,6.01108
2017-02-28T05:00:00Z,6,6.05,5.95,6.05,14738,81,6.01781
2017-03-01T05:00:00Z,6.025,6.05,5.95,6,15906,86,6.01888
2017-03-02T05:00:00Z,6,6.05,5.9,5.9,40336,185,5.94973
2017-03-03T05:00:00Z,5.95,6,5.9,5.94,14266,55,5.94798
2017-03-06T05:00:00Z,5.9,6.04,5.9,6.025,102303,387,5.98048
2017-03-07T05:00:00Z,5.95,6.1,5.95,6,17532,57,5.99404
2017-03-08T05:00:00Z,5.95,6.05,5.9,6,173015,558,5.98777
2017-03-09T05:00:00Z,5.95,6.05,5.85,5.9,122881,711,5.96635
2017-03-10T05:00:00Z,5.85,5.95,5.75,5.75,19680,121,5.82534
2017-03-13T04:00:00Z,5.7,5.9,5.7,5.7,21811,136,5.79035
2017-03-14T04:00:00Z,5.65,5.85,5.4,5.4,75366,390,5.6335
2017-03-15T04:00:00Z,5.4,5.775,5.4,5.75,21382,85,5.62266
2017-03-16T04:00:00Z,5.75,5.76,5.65,5.65,50665,145,5.72349
2017-03-17T04:00:00Z,5.7,5.95,5.7,5.8,20938,84,5.81419
2017-03-20T04:00:00Z,5.85,5.9,5.75,5.85,14753,83,5.84801
2017-03-21T04:00:00Z,5.9,6.05,5.85,5.85,26947,107,5.92325
2017-03-22T04:00:00Z,5.85,5.95,5.75,5.75,35740,130,5.82709
2017-03-23T04:00:00Z,5.8,5.85,5.783,5.828,18767,51,5.8084
2017-03-24T04:00:00Z,5.9,5.9,5.8,5.8,19018,71,5.86362
2017-03-27T04:00:00Z,5.8,5.85,5.75,5.8,23032,76,5.80686
2017-03-28T04:00:00Z,5.8,5.85,5.8,5.8,13243,44,5.80268
2017-03-29T04:00:00Z,5.795,5.85,5.75,5.8,41895,96,5.798
2017-03-30T04:00:00Z,5.9,5.9,5.85,5.85,28966,96,5.87131
2017-03-31T04:00:00Z,5.9,5.95,5.8,5.8,37689,107,5.84723
2017-04-03T04:00:00Z,5.85,5.85,5.75,5.8,30312,137,5.7975
2017-04-04T04:00:00Z,5.85,5.9,5.8,5.8,27394,64,5.81915
2017-04-05T04:00:00Z,5.85,5.853,5.8,5.8,6477,45,5.83186
2017-04-06T04:00:00Z,5.8,5.85,5.65,5.65,43810,144,5.73011
2017-04-07T04:00:00Z,5.7,5.8,5.6657,5.75,9579,44,5.72383
2017-04-10T04:00:00Z,5.6732,5.7,5.65,5.7,4922,19,5.68337
2017-04-11T04:00:00Z,5.6,5.6,5.475,5.55,20180,75,5.57658
2017-04-12T04:00:00Z,5.55,5.6,5.55,5.6,5671,14,5.58583
2017-04-13T04:00:00Z,5.575,5.6,5.5,5.5,14270,46,5.54411
2017-04-17T04:00:00Z,5.5,5.7,5.5,5.7,21121,71,5.59484
2017-04-18T04:00:00Z,5.75,5.75,5.65,5.65,9969,38,5.71643
2017-04-19T04:00:00Z,5.6,5.65,5.55,5.55,9604,57,5.57731
2017-04-20T04:00:00Z,5.5,5.65,5.5,5.6,22112,105,5.59218
2017-04-21T04:00:00Z,5.65,5.8,5.6,5.75,30047,205,5.73938
2017-04-24T04:00:00Z,5.8,5.8,5.55,5.55,55944,235,5.63298
2017-04-25T04:00:00Z,5.55,5.75,5.55,5.7,8568,39,5.68394
2017-04-26T04:00:00Z,5.7,5.71,5.5,5.55,71976,176,5.61569
2017-04-27T04:00:00Z,5.55,5.6,5.35,5.35,54487,138,5.47474
2017-04-28T04:00:00Z,5.4,5.65,5.35,5.65,19248,102,5.47026
2017-05-01T04:00:00Z,5.65,5.7,5.6,5.7,13954,57,5.6525
2017-05-02T04:00:00Z,5.65,5.9,5.65,5.9,69905,215,5.80203
2017-05-03T04:00:00Z,5.95,5.95,5.9,5.95,8739,42,5.93564
2017-05-04T04:00:00Z,5.9,5.95,5.84,5.95,73313,116,5.858
2017-05-05T04:00:00Z,5.95,5.95,5.895,5.95,50338,180,5.90439
2017-05-08T04:00:00Z,5.95,6.1041,5.9085,6,67961,100,5.9932
2017-05-09T04:00:00Z,5.95,6.1,5.9265,6,56524,216,5.99684
2017-05-10T04:00:00Z,5.95,6.05,5.95,6.04,18493,36,6.01281
2017-05-11T04:00:00Z,6.05,6.05,5.95,5.95,41455,110,6.01168
2017-05-12T04:00:00Z,5.969,6.05,5.945,6.025,32831,94,5.99642
2017-05-15T04:00:00Z,6.047,6.15,5.94,6.15,100801,222,6.06702
2017-05-16T04:00:00Z,6.15,6.35,6.15,6.25,84092,278,6.23533
2017-05-17T04:00:00Z,6.3,6.35,6.15,6.2,17203,38,6.24955
2017-05-18T04:00:00Z,6.25,6.25,6.1,6.25,27722,151,6.16155
2017-05-19T04:00:00Z,6.2,6.3,6.2,6.3,5677,41,6.27974
2017-05-22T04:00:00Z,6.25,6.35,6.225,6.3,5071,25,6.29208
2017-05-23T04:00:00Z,6.3,6.35,6.3,6.3,3100,19,6.30323
2017-05-24T04:00:00Z,6.29,6.3,6.25,6.25,12342,62,6.26459
2017-05-25T04:00:00Z,6.25,6.25,6.2,6.25,3400,22,6.22221
2017-05-26T04:00:00Z,6.3,6.3,6.2,6.25,11036,59,6.23913
2017-05-30T04:00:00Z,6.15,6.25,6.15,6.225,16354,36,6.19627
2017-05-31T04:00:00Z,6.2,6.25,6.1348,6.2,18676,62,6.19051
2017-06-01T04:00:00Z,6.2,6.25,6.15,6.15,1843,11,6.20789
2017-06-02T04:00:00Z,6.15,6.25,6.147,6.2,15770,25,6.16515
2017-06-05T04:00:00Z,6.2144,6.25,6.15,6.2,18088,36,6.18431
2017-06-06T04:00:00Z,6.15,6.2,6.1,6.12,4626,52,6.15177
2017-06-07T04:00:00Z,6.2,6.2,6.05,6.15,11916,96,6.14614
2017-06-08T04:00:00Z,6.15,6.15,6.055,6.15,1767,41,6.1097
2017-06-09T04:00:00Z,6.1,6.1319,6.05,6.1,4636,51,6.09672
2017-06-12T04:00:00Z,6,6.1218,6,6.1,16516,125,6.09462
2017-06-13T04:00:00Z,6.15,6.2,6.129,6.15,3727,32,6.16717
2017-06-14T04:00:00Z,6.2,6.2,6.15,6.15,4732,37,6.17617
2017-06-15T04:00:00Z,6.2,6.2,6.1,6.15,3892,33,6.15842
2017-06-16T04:00:00Z,6.15,6.2,6.1,6.15,10990,42,6.15659
2017-06-19T04:00:00Z,6.1,6.2,6.1,6.2,1345,26,6.15259
2017-06-20T04:00:00Z,6.1,6.25,6.0909,6.15,9618,49,6.11063
2017-06-21T04:00:00Z,6.1,6.2,6.05,6.2,9371,49,6.14665
2017-06-22T04:00:00Z,6.1,6.2,6.1,6.15,9790,26,6.11182
2017-06-23T04:00:00Z,6.15,6.15,6.05,6.1,18760,36,6.09649
2017-06-26T04:00:00Z,6.1,6.2,6.05,6.1,21130,29,6.09649
2017-06-27T04:00:00Z,6.1,6.15,6.05,6.05,14296,29,6.09823
2017-06-28T04:00:00Z,6,6.1,6,6,19907,84,6.03268
2017-06-29T04:00:00Z,6.0535,6.1,5.96,6.0859,10720,40,6.01089
2017-06-30T04:00:00Z,6.15,6.2,6.05,6.05,16235,92,6.11038
2017-07-03T04:00:00Z,6.15,6.2,6.15,6.2,220,4,6.175
2017-07-05T04:00:00Z,6.15,6.15,6.05,6.1,27553,58,6.08699
2017-07-06T04:00:00Z,6.1,6.2,6.05,6.1,26273,87,6.09363
2017-07-07T04:00:00Z,6.05,6.15,6.05,6.105,7328,39,6.10798
2017-07-10T04:00:00Z,6.1,6.2,6,6.15,16947,41,6.14501
2017-07-11T04:00:00Z,6.125,6.2,6.125,6.2,3536,15,6.1464
2017-07-12T04:00:00Z,6.15,6.2,6.15,6.2,5388,17,6.17706
2017-07-13T04:00:00Z,6.1399,6.155,6.05,6.15,3767,14,6.1327
2017-07-14T04:00:00Z,6.2,6.2,6.05,6.1,23499,56,6.13226
2017-07-17T04:00:00Z,6,6.1,5.95,6.05,11808,36,6.03137
2017-07-18T04:00:00Z,6.122,6.122,6,6.025,4004,23,6.03771
2017-07-19T04:00:00Z,5.95,6,5.95,5.95,13920,35,5.95933
2017-07-20T04:00:00Z,5.95,5.987,5.9,5.95,8215,29,5.94586
2017-07-21T04:00:00Z,5.9,6.15,5.9,6.15,7063,81,5.99805
2017-07-24T04:00:00Z,6.05,6.15,6.05,6.15,1919,30,6.1
2017-07-25T04:00:00Z,6.05,6.1,6,6.1,11511,56,6.05672
2017-07-26T04:00:00Z,6.05,6.1,6.05,6.05,10660,33,6.06516
2017-07-27T04:00:00Z,6,6.1,6,6,9595,98,6.05272
2017-07-28T04:00:00Z,6,6.1,6,6.1,9819,61,6.05804
2017-07-31T04:00:00Z,6,6.1,6,6.06,6067,31,6.0681
2017-08-01T04:00:00Z,6.0782,6.15,6.055,6.0575,5491,27,6.07467
2017-08-02T04:00:00Z,6.05,6.1,6.05,6.1,1697,12,6.0686
2017-08-03T04:00:00Z,6.1,6.1,6.1,6.1,0,0,0
2017-08-04T04:00:00Z,6.1,6.1,6.075,6.1,948,11,6.09724
2017-08-07T04:00:00Z,6.064,6.075,6.05,6.06,3607,19,6.05622
2017-08-08T04:00:00Z,6.05,6.0921,6,6.05,4436,26,6.0573
2017-08-09T04:00:00Z,6,6.1,5.95,6.05,8457,28,6.01563
2017-08-10T04:00:00Z,6,6.05,6,6,5077,12,6.00916
2017-08-11T04:00:00Z,6,6,5.95,5.95,2911,14,5.99472
2017-08-14T04:00:00Z,5.95,5.95,5.95,5.95,311,6,5.95
2017-08-15T04:00:00Z,5.9,6,5.9,5.9375,11762,34,5.92147
2017-08-16T04:00:00Z,5.9,5.95,5.85,5.9,11005,37,5.8927
2017-08-17T04:00:00Z,5.85,6.05,5.85,5.95,31402,62,5.94877
2017-08-18T04:00:00Z,6.0066,6.05,5.9,6.05,6907,20,5.99111
2017-08-21T04:00:00Z,5.975,6,5.9,5.975,4971,18,5.94856
2017-08-22T04:00:00Z,6,6,5.7,5.75,68297,196,5.87941
2017-08-23T04:00:00Z,5.75,5.8,5.5,5.55,26103,68,5.68378
2017-08-24T04:00:00Z,5.5,5.65,5.5,5.605,25799,51,5.53799
2017-08-25T04:00:00Z,5.65,5.75,5.6,5.69,14758,95,5.68177
2017-08-28T04:00:00Z,5.75,5.8,5.75,5.75,2667,36,5.76446
2017-08-29T04:00:00Z,5.75,5.95,5.7,5.95,10081,78,5.84555
2017-08-30T04:00:00Z,5.9,5.9,5.85,5.8812,5675,36,5.89351
2017-08-31T04:00:00Z,5.85,6,5.8,6,3505,42,5.88788
2017-09-01T04:00:00Z,5.9,6.05,5.9,6.05,10429,113,5.99339
2017-09-05T04:00:00Z,5.966,6,5.95,6,12302,68,5.99217
2017-09-06T04:00:00Z,5.95,5.95,5.45,5.45,79235,246,5.62455
2017-09-07T04:00:00Z,5.5,5.65,5.4,5.6,76662,161,5.5202
2017-09-08T04:00:00Z,5.6,5.7,5.6,5.7,21074,57,5.64502
2017-09-11T04:00:00Z,5.8,5.945,5.8,5.9,5466,83,5.88568
2017-09-12T04:00:00Z,5.9,6,5.85,5.9,7454,56,5.90444
2017-09-13T04:00:00Z,5.85,6,5.85,5.9,7891,48,5.93548
2017-09-14T04:00:00Z,5.95,6,5.95,5.95,10991,16,5.95596
2017-09-15T04:00:00Z,6,6,5.9,5.95,11452,117,5.94034
2017-09-18T04:00:00Z,5.9792,5.9792,5.9,5.925,11644,79,5.95416
2017-09-19T04:00:00Z,5.9375,6,5.85,5.95,8200,49,5.95733
2017-09-20T04:00:00Z,5.95,5.95,5.8,5.8,17716,39,5.89154
2017-09-21T04:00:00Z,5.85,5.855,5.7,5.7,16071,45,5.78728
2017-09-22T04:00:00Z,5.85,5.95,5.85,5.9,6888,31,5.88258
2017-09-25T04:00:00Z,6,6.1,5.9266,6,16523,67,5.97595
2017-09-26T04:00:00Z,6.01,6.0713,6,6,5713,22,6.03809
2017-09-27T04:00:00Z,6.05,6.15,5.95,6.05,13201,52,6.01985
2017-09-28T04:00:00Z,6.05,6.1,6,6.05,10022,53,6.06269
2017-09-29T04:00:00Z,6.1,6.15,6.05,6.1,22647,139,6.08785
2017-10-02T04:00:00Z,6.05,6.1,6.05,6.05,7354,36,6.08978
2017-10-03T04:00:00Z,6.05,6.1,6.05,6.05,15672,56,6.05225
2017-10-04T04:00:00Z,6,6.05,6,6,11026,32,6.04222
2017-10-05T04:00:00Z,6.005,6.05,5.95,5.95,5409,43,6.02001
2017-10-06T04:00:00Z,5.9,6,5.9,5.95,6434,84,5.94637
2017-10-09T04:00:00Z,5.9,6,5.9,5.95,2332,29,5.97311
2017-10-10T04:00:00Z,5.9,6,5.9,6,4741,51,5.96395
2017-10-11T04:00:00Z,5.95,6.0247,5.95,5.975,7520,33,5.995
2017-10-12T04:00:00Z,5.95,6,5.9,6,3481,23,5.97161
2017-10-13T04:00:00Z,5.95,6.05,5.95,6.05,15025,39,6.01025
2017-10-16T04:00:00Z,6,6,5.95,6,9692,140,5.99715
2017-10-17T04:00:00Z,6,6,5.9,5.95,11310,54,5.95496
2017-10-18T04:00:00Z,5.905,6,5.85,5.85,10969,73,5.88971
2017-10-19T04:00:00Z,5.8,5.9,5.8,5.8,6303,15,5.80645
2017-10-20T04:00:00Z,5.816,5.9,5.6,5.65,25692,67,5.78429
2017-10-23T04:00:00Z,5.6,5.7,5.55,5.6,35098,228,5.60281
2017-10-24T04:00:00Z,5.6,5.65,5.5,5.55,95282,207,5.6037
2017-10-25T04:00:00Z,5.55,5.65,5.525,5.6,27375,181,5.55308
2017-10-26T04:00:00Z,5.6,5.6,5.5,5.5215,8478,31,5.54685
2017-10-27T04:00:00Z,5.5,5.6,5.4709,5.5,21669,39,5.5315
2017-10-30T04:00:00Z,5.65,5.65,5.5,5.545,3634,16,5.53574
2017-10-31T04:00:00Z,5.5,5.55,5.45,5.45,18293,53,5.50191
2017-11-01T04:00:00Z,5.5,5.6233,5.5,5.55,15868,106,5.55594
2017-11-02T04:00:00Z,5.5,5.6,5.4,5.55,7291,27,5.53786
2017-11-03T04:00:00Z,5.4,5.55,5.4,5.55,8874,35,5.5021
2017-11-06T05:00:00Z,5.476,5.55,5.45,5.5,9408,80,5.49918
2017-11-07T05:00:00Z,5.5,5.5,5.3,5.35,7548,39,5.38196
2017-11-08T05:00:00Z,5.35,5.7,5.35,5.65,9076,94,5.51425
2017-11-09T05:00:00Z,5.5,5.6,5.45,5.54,21643,89,5.53248
2017-11-10T05:00:00Z,5.55,5.55,5.5,5.525,7517,17,5.53217
2017-11-13T05:00:00Z,5.5,5.65,5.5,5.575,6815,43,5.59263
2017-11-14T05:00:00Z,5.55,5.6,5.35,5.5,19202,130,5.51041
2017-11-15T05:00:00Z,5.45,5.6,5.4,5.45,13089,54,5.46181
2017-11-16T05:00:00Z,5.4,5.514,5.4,5.5,8267,81,5.50095
2017-11-17T05:00:00Z,5.4736,5.55,5.4736,5.5,29327,120,5.54014
2017-11-20T05:00:00Z,5.54,5.55,5.54,5.55,2008,12,5.54454
2017-11-21T05:00:00Z,5.55,5.55,5.4,5.45,28935,98,5.45651
2017-11-22T05:00:00Z,5.4,5.5,5.1,5.5,38082,89,5.29172
2017-11-24T05:00:00Z,5.45,5.5,5.4473,5.49,7680,75,5.4709
2017-11-27T05:00:00Z,5.45,5.45,4.9,5.15,110871,283,5.10167
2017-11-28T05:00:00Z,5.15,5.15,4.85,4.95,40935,142,4.96
2017-11-29T05:00:00Z,5,5.1,4.95,5.05,12786,96,5.04291
2017-11-30T05:00:00Z,5.1,5.1,5.05,5.0807,4363,22,5.08808
2017-12-01T05:00:00Z,5.1,5.15,5.05,5.05,13428,57,5.10176
2017-12-04T05:00:00Z,5.05,5.2,5.05,5.15,22127,158,5.13299
2017-12-05T05:00:00Z,5.2,5.25,5.15,5.15,30933,112,5.2078
2017-12-06T05:00:00Z,5.105,5.25,5.105,5.25,10420,28,5.15367
2017-12-07T05:00:00Z,5.2,5.2,5.05,5.09,9243,39,5.11241
2017-12-08T05:00:00Z,5.05,5.06,4.95,5.05,18734,47,5.03253
2017-12-11T05:00:00Z,5.05,5.1,5.05,5.1,47668,71,5.09717
2017-12-12T05:00:00Z,5.05,5.1,5,5.05,45342,151,5.07031
2017-12-13T05:00:00Z,5,5.1,4.8,5.1,68369,172,4.99886
2017-12-14T05:00:00Z,5.1,5.15,5,5.05,82011,368,5.06883
2017-12-15T05:00:00Z,5.05,5.15,5.05,5.1,46136,202,5.08886
2017-12-18T05:00:00Z,5.1,5.4,5.05,5.4,16414,147,5.26447
2017-12-19T05:00:00Z,5.4,5.4,5.3,5.4,22056,80,5.35603
2017-12-20T05:00:00Z,5.3,5.3834,5.1118,5.2,66216,213,5.23715
2017-12-21T05:00:00Z,5.2565,5.2565,5.05,5.15,14692,40,5.16786
2017-12-22T05:00:00Z,5,5.15,4.95,5.05,68705,162,5.00409
2017-12-26T05:00:00Z,5.099,5.1,4.95,4.95,24197,51,5.05797
2017-12-27T05:00:00Z,5,5.1,4.95,5.1,105500,57,4.95603
2017-12-28T05:00:00Z,4.95,5.11,4.95,5.11,12218,68,5.04408
2017-12-29T05:00:00Z,5.05,5.15,5.0284,5.05,19423,73,5.09634
2018-01-02T05:00:00Z,5.005,5.05,5,5,1505,17,5.01053
2018-01-03T05:00:00Z,5.05,5.1,5.05,5.1,8534,25,5.0606
2018-01-04T05:00:00Z,5.075,5.1,5,5,8393,39,5.03291
2018-01-05T05:00:00Z,5.0371,5.15,5,5.05,41253,176,5.04808
2018-01-08T05:00:00Z,5.15,5.15,5.1,5.15,828,17,5.14167
2018-01-09T05:00:00Z,5.15,5.34,5.025,5.2,16462,58,5.18765
2018-01-10T05:00:00Z,5.2,5.25,5.2,5.25,12397,49,5.22133
2018-01-11T05:00:00Z,5.3,5.3,5.2,5.3,9814,129,5.22783
2018-01-12T05:00:00Z,5.3,5.3,5.2,5.25,8556,42,5.26647
2018-01-16T05:00:00Z,5.3,5.3,5.15,5.25,5606,42,5.22555
2018-01-17T05:00:00Z,5.25,5.3,5.2,5.25,6967,38,5.22053
2018-01-18T05:00:00Z,5.225,5.35,5.2,5.35,14550,53,5.25488
2018-01-19T05:00:00Z,5.3,5.5,5.25,5.5,32759,115,5.39861
2018-01-22T05:00:00Z,5.45,5.55,5.45,5.55,14000,106,5.46608
2018-01-23T05:00:00Z,5.5,5.59,5.5,5.55,15616,101,5.55106
2018-01-24T05:00:00Z,5.55,5.55,5.5307,5.55,2375,6,5.53665
2018-01-25T05:00:00Z,5.52,5.65,5.52,5.55,14529,27,5.54374
2018-01-26T05:00:00Z,5.55,5.6,5.5,5.55,3532,14,5.55221
2018-01-29T05:00:00Z,5.6,5.75,5.6,5.65,6453,49,5.64381
2018-01-30T05:00:00Z,5.6,5.75,5.6,5.75,10794,72,5.68963
2018-01-31T05:00:00Z,5.7,5.85,5.65,5.7,59315,199,5.73376
2018-02-01T05:00:00Z,5.75,5.95,5.65,5.85,50606,267,5.75212
2018-02-02T05:00:00Z,5.8,5.8,5.65,5.675,10237,23,5.72161
2018-02-05T05:00:00Z,5.6,5.7,5.5,5.65,8080,32,5.63896
2018-02-06T05:00:00Z,5.55,5.675,5.55,5.6,14688,50,5.59927
2018-02-07T05:00:00Z,5.65,5.7,5.6,5.7,1318,23,5.65605
2018-02-08T05:00:00Z,5.65,5.655,5.55,5.6,16733,67,5.60304
2018-02-09T05:00:00Z,5.7,5.7,5.6,5.632,6436,18,5.63167
2018-02-12T05:00:00Z,5.65,5.65,5.55,5.6,14481,36,5.6
2018-02-13T05:00:00Z,5.55,5.65,5.55,5.65,1205,4,5.6
2018-02-14T05:00:00Z,5.5,5.695,5.5,5.655,4252,11,5.65933
2018-02-15T05:00:00Z,5.65,5.7,5.65,5.6768,7771,24,5.68467
2018-02-16T05:00:00Z,5.71,5.75,5.65,5.7,3108,16,5.71129
2018-02-20T05:00:00Z,5.55,5.55,5.35,5.4,21653,71,5.45109
2018-02-21T05:00:00Z,5.15,5.35,4.85,5.1,62940,182,5.05588
2018-02-22T05:00:00Z,5.05,5.05,4.805,4.95,41535,173,4.96251
2018-02-23T05:00:00Z,4.9,4.95,4.85,4.925,21849,159,4.92507
2018-02-26T05:00:00Z,4.95,4.981,4.7,4.95,417713,2750,4.89536
2018-02-27T05:00:00Z,4.95,4.95,4.8,4.8,212446,414,4.90436
2018-02-28T05:00:00Z,4.85,4.9,4.75,4.8,122367,255,4.85205
2018-03-01T05:00:00Z,4.9,4.9,4.7,4.7,25610,111,4.79059
2018-03-02T05:00:00Z,4.7,4.8,4.4498,4.8,101263,437,4.70463
2018-03-05T05:00:00Z,4.75,4.75,4.5,4.6,63520,354,4.61913
2018-03-06T05:00:00Z,4.55,4.55,4.377,4.5,72369,221,4.45992
2018-03-07T05:00:00Z,4.46,4.55,4.46,4.55,8344,33,4.49053
2018-03-08T05:00:00Z,4.595,4.65,4.5821,4.65,10254,32,4.61234
2018-03-09T05:00:00Z,4.65,4.65,4.533,4.6,59692,93,4.60754
2018-03-12T04:00:00Z,4.6,4.6,4.525,4.55,18126,91,4.55496
2018-03-13T04:00:00Z,4.6,4.6,4.4,4.45,9013,23,4.49465
2018-03-14T04:00:00Z,4.4,4.4,4.3,4.35,31168,85,4.35742
2018-03-15T04:00:00Z,4.345,4.345,4.25,4.3,31100,53,4.31497
2018-03-16T04:00:00Z,4.3,4.3,4.1,4.15,25137,49,4.19286
2018-03-19T04:00:00Z,4.15,4.15,3.8,3.975,86910,108,3.95011
2018-03-20T04:00:00Z,3.85,3.9,3.825,3.85,27328,46,3.86034
2018-03-21T04:00:00Z,3.85,3.9,3.85,3.85,13408,54,3.86208
2018-03-22T04:00:00Z,3.75,3.8252,3.75,3.8,14567,41,3.80309
2018-03-23T04:00:00Z,3.875,3.9,3.8,3.8,9021,69,3.86792
2018-03-26T04:00:00Z,3.85,3.85,3.7,3.7,19037,129,3.76904
2018-03-27T04:00:00Z,3.7,3.7,3.65,3.65,14276,26,3.67245
2018-03-28T04:00:00Z,3.655,3.8,3.655,3.8,30416,29,3.69124
2018-03-29T04:00:00Z,3.8,4.05,3.75,4,28692,95,3.94332
2018-04-02T04:00:00Z,4,4,3.8,3.845,23617,52,3.875
2018-04-03T04:00:00Z,3.85,3.85,3.8,3.8,11851,84,3.82746
2018-04-04T04:00:00Z,3.75,3.8,3.75,3.8,4511,15,3.78577
2018-04-05T04:00:00Z,3.75,3.85,3.75,3.8,4520,20,3.79778
2018-04-06T04:00:00Z,3.85,3.95,3.85,3.95,2390,6,3.9137
2018-04-09T04:00:00Z,3.9,3.9,3.84,3.9,6819,21,3.87599
2018-04-10T04:00:00Z,3.85,3.9,3.81,3.85,5853,17,3.87201
2018-04-11T04:00:00Z,3.85,3.9,3.85,3.9,32418,19,3.8575
2018-04-12T04:00:00Z,3.9,3.9,3.8,3.8,12910,29,3.84949
2018-04-13T04:00:00Z,3.87,3.87,3.825,3.825,7484,12,3.84327
2018-04-16T04:00:00Z,3.85,3.9,3.84,3.9,6146,15,3.87101
2018-04-17T04:00:00Z,3.9,3.9,3.8,3.8,4958,13,3.82151
2018-04-18T04:00:00Z,3.9,3.95,3.695,3.9,32060,89,3.79878
2018-04-19T04:00:00Z,3.85,3.95,3.85,3.95,4303,19,3.91565
2018-04-20T04:00:00Z,3.85,3.95,3.85,3.945,4602,17,3.92722
2018-04-23T04:00:00Z,3.85,3.9,3.85,3.89,2756,15,3.89165
2018-04-24T04:00:00Z,3.85,3.85,3.85,3.85,3764,19,3.85
2018-04-25T04:00:00Z,3.85,3.875,3.85,3.85,1620,9,3.86667
2018-04-26T04:00:00Z,3.8,4.025,3.8,3.95,21064,64,3.96794
2018-04-27T04:00:00Z,3.95,4.05,3.95,3.95,9527,29,4.00148
2018-04-30T04:00:00Z,4,4,3.95,3.96,5715,13,3.98403
2018-05-01T04:00:00Z,4,4,3.95,3.95,1212,10,3.975
2018-05-02T04:00:00Z,3.9,3.9,3.8,3.85,4193,21,3.86158
2018-05-03T04:00:00Z,3.85,3.9,3.8,3.8,33186,52,3.85121
2018-05-04T04:00:00Z,3.75,3.85,3.7,3.8,14089,36,3.78154
2018-05-07T04:00:00Z,3.85,3.995,3.85,3.995,680,8,3.93788
2018-05-08T04:00:00Z,3.95,3.95,3.8,3.9,7969,24,3.89551
2018-05-09T04:00:00Z,3.9,3.92,3.85,3.9,9660,10,3.90042
2018-05-10T04:00:00Z,3.8823,3.8823,3.8823,3.8823,3020,2,3.8823
2018-05-11T04:00:00Z,3.9,4.05,3.9,4.045,31035,68,3.97181
2018-05-14T04:00:00Z,3.95,4.1321,3.95,4.1321,8987,22,4.08181
2018-05-15T04:00:00Z,4.095,4.375,4.095,4.35,27778,113,4.20684
2018-05-16T04:00:00Z,4.35,4.45,4.3,4.35,14631,55,4.38469
2018-05-17T04:00:00Z,4.25,4.35,4.1,4.3,25054,75,4.2897
2018-05-18T04:00:00Z,4.3,4.55,4.3,4.55,53613,104,4.46054
2018-05-21T04:00:00Z,4.5,4.612,4.475,4.6,27865,53,4.56978
2018-05-22T04:00:00Z,4.5828,4.69,4.555,4.65,28009,82,4.6398
2018-05-23T04:00:00Z,4.6,4.6,4.55,4.55,3943,16,4.57445
2018-05-24T04:00:00Z,4.5,4.536,4.4689,4.5,6496,22,4.50444
2018-05-25T04:00:00Z,4.5,4.505,4.4,4.45,9265,23,4.45826
2018-05-29T04:00:00Z,4.41,4.445,4.35,4.35,5714,14,4.4067
2018-05-30T04:00:00Z,4.35,4.3814,3.9,3.95,67564,353,4.23398
2018-05-31T04:00:00Z,3.95,4.1,3.85,3.95,106732,428,3.97971
2018-06-01T04:00:00Z,3.9,3.945,3.85,3.85,57496,74,3.8993
2018-06-04T04:00:00Z,3.8,3.81,3.75,3.75,11400,48,3.77605
2018-06-05T04:00:00Z,3.8,3.8,3.4,3.6,114777,334,3.55555
2018-06-06T04:00:00Z,3.6,3.6473,3.59,3.6,8824,57,3.60896
2018-06-07T04:00:00Z,3.6,3.65,3.4,3.6,15091,73,3.58703
2018-06-08T04:00:00Z,3.55,3.64,3.55,3.55,3275,38,3.59813
2018-06-11T04:00:00Z,3.55,3.63,3.3,3.4,110835,348,3.40147
2018-06-12T04:00:00Z,3.4,3.4,2.95,3.15,193094,439,3.12574
2018-06-13T04:00:00Z,3.175,3.435,3.1695,3.3833,64298,174,3.29975
2018-06-14T04:00:00Z,3.35,3.375,3.175,3.2,11557,78,3.23221
2018-06-15T04:00:00Z,3.2,3.3,3.2,3.25,2958,16,3.26208
2018-06-18T04:00:00Z,3.2,3.2787,3.2,3.25,29883,159,3.25129
2018-06-19T04:00:00Z,3.21,3.245,3.2,3.231,2860,6,3.23139
2018-06-20T04:00:00Z,3.25,3.2752,2.95,2.95,59580,135,3.04906
2018-06-21T04:00:00Z,3,3.025,2.95,3,26078,57,2.9875
2018-06-22T04:00:00Z,2.9187,3.0252,2.9,3,22240,63,2.99355
2018-06-25T04:00:00Z,2.9,3,2.9,3,9040,32,2.98677
2018-06-26T04:00:00Z,2.9,2.95,2.9,2.9,32787,63,2.92608
2018-06-27T04:00:00Z,2.9,3.005,2.9,3,20857,46,2.99175
2018-06-28T04:00:00Z,2.9,2.9,2.8,2.85,23505,77,2.87048
2018-06-29T04:00:00Z,2.8,2.85,2.65,2.75,40929,174,2.75415
2018-07-02T04:00:00Z,2.7,2.875,2.7,2.8,70481,207,2.81375
2018-07-03T04:00:00Z,2.8,2.85,2.75,2.85,7982,21,2.79982
2018-07-05T04:00:00Z,2.805,2.85,2.75,2.75,27665,51,2.76548
2018-07-06T04:00:00Z,2.7,2.75,2.65,2.7,14217,74,2.70141
2018-07-09T04:00:00Z,2.69,2.705,2.65,2.7,12136,47,2.6708
2018-07-10T04:00:00Z,2.75,2.8,2.75,2.8,18910,30,2.7559
2018-07-11T04:00:00Z,2.8,2.895,2.75,2.85,22647,49,2.81327
2018-07-12T04:00:00Z,2.75,2.85,2.65,2.775,24233,66,2.75343
2018-07-13T04:00:00Z,2.75,2.8,2.7,2.75,17384,80,2.78083
2018-07-16T04:00:00Z,2.725,2.9,2.7057,2.85,16602,78,2.80167
2018-07-17T04:00:00Z,2.755,2.95,2.755,2.95,13721,64,2.86165
2018-07-18T04:00:00Z,2.9257,3.1,2.9,3.1,26624,88,2.9511
2018-07-19T04:00:00Z,3.05,3.05,2.95,2.95,7897,55,2.97323
2018-07-20T04:00:00Z,2.95,3.025,2.895,2.95,11142,34,2.98339
2018-07-23T04:00:00Z,3,3.15,3,3.05,26481,63,3.09499
2018-07-24T04:00:00Z,3.1,3.19,3.1,3.175,9336,115,3.14303
2018-07-25T04:00:00Z,3.1,3.15,3.1,3.1,3497,27,3.12742
2018-07-26T04:00:00Z,3.1,3.1,3.095,3.1,968,10,3.09778
2018-07-27T04:00:00Z,3.09,3.1,3.05,3.05,15810,61,3.08303
2018-07-30T04:00:00Z,3.1,3.1,2.855,2.9,20909,56,2.93602
2018-07-31T04:00:00Z,2.85,2.9,2.85,2.9,13982,102,2.88625
2018-08-01T04:00:00Z,2.85,3.05,2.8,2.95,11694,162,2.91363
2018-08-02T04:00:00Z,2.9456,3.15,2.9456,3.1,2691,23,3.03029
2018-08-03T04:00:00Z,3.05,3.545,3.05,3.3,38113,96,3.40854
2018-08-06T04:00:00Z,3.25,3.295,3.2,3.2,4622,71,3.25
2018-08-07T04:00:00Z,3.26,3.2735,3,3.05,11458,34,3.18661
2018-08-08T04:00:00Z,2.95,3.131,2.95,3.1,11841,30,3.05641
2018-08-09T04:00:00Z,3.1,3.1,3.05,3.1,5689,25,3.06312
2018-08-10T04:00:00Z,3.0502,3.18,3,3.15,34113,143,3.12727
2018-08-13T04:00:00Z,3.1758,3.19,3.15,3.15,6979,49,3.16291
2018-08-14T04:00:00Z,3.2,3.2,3.2,3.2,956,7,3.2
2018-08-15T04:00:00Z,3.175,3.2,2.9,3.05,38535,133,3.02207
2018-08-16T04:00:00Z,3,3,2.85,2.85,8600,34,2.92465
2018-08-17T04:00:00Z,2.755,2.925,2.755,2.925,5338,23,2.86653
2018-08-20T04:00:00Z,2.95,3.05,2.95,3,3340,26,2.97879
2018-08-21T04:00:00Z,3,3.05,2.95,3.05,1848,16,3.01379
2018-08-22T04:00:00Z,3,3.0252,2.9748,3,4995,27,2.99572
2018-08-23T04:00:00Z,3,3,2.9661,2.9661,3231,6,2.98316
2018-08-24T04:00:00Z,2.9245,2.95,2.9245,2.95,3913,17,2.93648
2018-08-27T04:00:00Z,2.9,3.0296,2.76,2.8,20852,64,2.90446
2018-08-28T04:00:00Z,2.75,2.85,2.75,2.8,9756,58,2.80411
2018-08-29T04:00:00Z,2.75,2.7635,2.4,2.55,212534,438,2.53366
2018-08-30T04:00:00Z,2.55,2.7,2.5,2.65,32848,65,2.58813
2018-08-31T04:00:00Z,2.65,2.7,2.6,2.65,10514,42,2.62954
2018-09-04T04:00:00Z,2.6,2.6498,2.45,2.45,62703,35,2.54305
2018-09-05T04:00:00Z,2.5334,2.55,2.5,2.55,12200,20,2.52305
2018-09-06T04:00:00Z,2.65,2.65,2.4,2.4,72631,115,2.5432
2018-09-07T04:00:00Z,2.35,2.45,2.3,2.4,46651,121,2.37014
2018-09-10T04:00:00Z,2.35,2.795,2.15,2.7,275315,333,2.48893
2018-09-11T04:00:00Z,2.8,2.85,2.5,2.75,414461,742,2.69679
2018-09-12T04:00:00Z,2.75,2.85,2.75,2.75,111496,319,2.78174
2018-09-13T04:00:00Z,2.8,2.95,2.5,2.9,384227,348,2.69079
2018-09-14T04:00:00Z,2.95,3.15,2.95,3.05,165721,385,3.03558
2018-09-17T04:00:00Z,2.9,3.1,2.9,3,39814,121,3.02199
2018-09-18T04:00:00Z,3.005,3.0568,2.9,2.95,18016,37,2.97893
2018-09-19T04:00:00Z,3,3,2.9,3,9556,116,2.95671
2018-09-20T04:00:00Z,3,3,2.95,3,19559,54,2.97721
2018-09-21T04:00:00Z,3.05,3.05,2.9,2.95,34852,203,3.00278
2018-09-24T04:00:00Z,3,3,2.9,2.95,31005,128,2.94835
2018-09-25T04:00:00Z,2.95,3.025,2.9,2.95,48023,216,2.97371
2018-09-26T04:00:00Z,2.95,2.9503,2.65,2.85,31138,144,2.82237
2018-09-27T04:00:00Z,2.8757,3,2.85,2.85,8030,39,2.86438
2018-09-28T04:00:00Z,2.85,2.85,2.75,2.8,29767,46,2.77846
2018-10-01T04:00:00Z,2.77,2.8299,2.54,2.54,52503,224,2.63004
2018-10-02T04:00:00Z,2.52,2.64,2.5,2.6,47216,263,2.56165
2018-10-03T04:00:00Z,2.6,2.66,2.55,2.6,38632,101,2.60071
2018-10-04T04:00:00Z,2.55,2.6,2.5,2.53,49571,151,2.53674
2018-10-05T04:00:00Z,2.55,2.61,2.51,2.56,8418,53,2.53322
2018-10-08T04:00:00Z,2.59,2.64,2.58,2.64,17930,103,2.60105
2018-10-09T04:00:00Z,2.65,2.65,2.58,2.61,16151,56,2.61489
2018-10-10T04:00:00Z,2.56,2.69,2.5501,2.59,23153,106,2.61133
2018-10-11T04:00:00Z,2.66,2.74,2.45,2.45,49560,134,2.61157
2018-10-12T04:00:00Z,2.46,2.67,2.46,2.67,52316,193,2.54925
2018-10-15T04:00:00Z,2.7,2.75,2.67,2.75,31576,83,2.70241
2018-10-16T04:00:00Z,2.78,2.8,2.72,2.75,28665,103,2.76308
2018-10-17T04:00:00Z,2.788,2.788,2.76,2.77,2397,15,2.77306
2018-10-18T04:00:00Z,2.77,2.8,2.69,2.78,48595,117,2.77063
2018-10-19T04:00:00Z,2.78,2.8,2.75,2.77,31068,85,2.77919
2018-10-22T04:00:00Z,2.77,2.79,2.68,2.75,11928,54,2.7497
2018-10-23T04:00:00Z,2.75,2.76,2.72,2.7415,42273,142,2.7467
2018-10-24T04:00:00Z,2.7278,2.74,2.64,2.7,15769,78,2.67237
2018-10-25T04:00:00Z,2.64,2.75,2.64,2.68,14077,53,2.70211
2018-10-26T04:00:00Z,2.69,2.73,2.65,2.71,8808,51,2.69013
2018-10-29T04:00:00Z,2.678,2.74,2.625,2.65,12364,84,2.68131
2018-10-30T04:00:00Z,2.65,2.71,2.64,2.671,37145,163,2.66599
2018-10-31T04:00:00Z,2.729,2.749,2.63,2.66,30919,129,2.68114
2018-11-01T04:00:00Z,2.69,2.69,2.63,2.64,8329,23,2.6503
2018-11-02T04:00:00Z,2.67,2.67,2.55,2.6668,23147,118,2.60124
2018-11-05T05:00:00Z,2.6553,2.6556,2.62,2.63,18172,22,2.64824
2018-11-06T05:00:00Z,2.65,2.65,2.6071,2.62,3846,11,2.64198
2018-11-07T05:00:00Z,2.65,2.65,2.59,2.59,14206,40,2.61623
2018-11-08T05:00:00Z,2.6,2.61,2.48,2.6,34173,91,2.54494
2018-11-09T05:00:00Z,2.57,2.69,2.52,2.6,33393,81,2.58
2018-11-12T05:00:00Z,2.6,2.72,2.56,2.71,19670,91,2.62746
2018-11-13T05:00:00Z,2.71,2.75,2.69,2.73,17211,128,2.72422
2018-11-14T05:00:00Z,2.75,2.78,2.71,2.73,19267,138,2.74967
2018-11-15T05:00:00Z,2.711,2.75,2.5728,2.7,51458,531,2.65832
2018-11-16T05:00:00Z,2.6624,2.75,2.5801,2.63,8262,39,2.67405
2018-11-19T05:00:00Z,2.5808,2.5808,2.52,2.56,3591,27,2.54514
2018-11-20T05:00:00Z,2.59,2.59,2.46,2.47,18304,43,2.48905
2018-11-21T05:00:00Z,2.45,2.48,2.4162,2.4592,7796,35,2.43478
2018-11-23T05:00:00Z,2.46,2.48,2.44,2.45,3718,13,2.46015
2018-11-26T05:00:00Z,2.4678,2.5064,2.44,2.5,39100,59,2.45952
2018-11-27T05:00:00Z,2.49,2.5077,2.476,2.48,67745,332,2.4939
2018-11-28T05:00:00Z,2.46,2.5,2.4,2.4299,29848,129,2.47089
2018-11-29T05:00:00Z,2.4,2.47,2.4,2.47,6999,41,2.42299
2018-11-30T05:00:00Z,2.41,2.46,2.4,2.4,8330,25,2.40605
2018-12-03T05:00:00Z,2.4289,2.5,2.3,2.3,33006,103,2.3589
2018-12-04T05:00:00Z,2.34,2.35,2.2,2.24,30340,169,2.26629
2018-12-06T05:00:00Z,2.15,2.37,2.15,2.37,18543,136,2.27133
2018-12-07T05:00:00Z,2.38,2.44,2.3,2.35,16437,109,2.35809
2018-12-10T05:00:00Z,2.34,2.35,2.2541,2.2599,39242,149,2.28463
2018-12-11T05:00:00Z,2.29,2.35,2.265,2.35,95781,393,2.29695
2018-12-12T05:00:00Z,2.35,2.35,2.19,2.26,65825,227,2.27609
2018-12-13T05:00:00Z,2.2747,2.28,2.21,2.23,36589,163,2.23995
2018-12-14T05:00:00Z,2.18,2.308,2.14,2.19,47024,238,2.23636
2018-12-17T05:00:00Z,2.3,2.3,2.22,2.28,41458,106,2.26828
2018-12-18T05:00:00Z,2.25,2.28,2.05,2.1,71457,196,2.16718
2018-12-19T05:00:00Z,2.15,2.2,2.05,2.05,27390,146,2.09508
2018-12-20T05:00:00Z,2.1,2.1001,1.98,2,95756,193,2.04638
2018-12-21T05:00:00Z,1.9903,2,1.85,1.9,96001,188,1.95961
2018-12-24T05:00:00Z,1.89,1.9,1.85,1.87,14426,56,1.88245
2018-12-26T05:00:00Z,1.9,1.97,1.8173,1.919,67665,103,1.90156
2018-12-27T05:00:00Z,1.9027,1.9027,1.86,1.89,75197,95,1.88854
2018-12-28T05:00:00Z,1.87,2.3471,1.87,2.33,176130,233,2.08861
2018-12-31T05:00:00Z,2.29,2.97,2.25,2.87,557677,998,2.70762
2019-01-02T05:00:00Z,2.75,2.77,2.47,2.49,39956,157,2.63308
2019-01-03T05:00:00Z,2.48,2.5273,2.28,2.32,14418,55,2.4829
2019-01-04T05:00:00Z,2.33,2.423,2.33,2.395,23774,58,2.36735
2019-01-07T05:00:00Z,2.41,2.43,2.2424,2.4,28004,68,2.33398
2019-01-08T05:00:00Z,2.4127,2.52,2.35,2.4,11926,95,2.43348
2019-01-09T05:00:00Z,2.3801,2.44,2.35,2.37,7965,28,2.38353
2019-01-10T05:00:00Z,2.36,2.37,2.28,2.35,23143,140,2.32254
2019-01-11T05:00:00Z,2.25,2.4,2.18,2.36,193927,146,2.31468
2019-01-14T05:00:00Z,2.4,2.4,2.21,2.3,31697,81,2.25915
2019-01-15T05:00:00Z,2.293,2.3405,2.11,2.11,15636,43,2.2534
2019-01-16T05:00:00Z,2.11,2.51,2.11,2.42,60034,274,2.37175
2019-01-17T05:00:00Z,2.4,2.44,2.3125,2.43,16940,50,2.38173
2019-01-18T05:00:00Z,2.46,2.46,2.35,2.38,7131,40,2.41018
2019-01-22T05:00:00Z,2.34,2.405,2.27,2.29,16026,46,2.34259
2019-01-23T05:00:00Z,2.28,2.3185,2.22,2.3,47644,80,2.29313
2019-01-24T05:00:00Z,2.28,2.34,2.2627,2.29,7283,33,2.28906
2019-01-25T05:00:00Z,2.2839,2.3656,2.2711,2.29,11371,37,2.31601
2019-01-28T05:00:00Z,2.2613,2.3218,2.2527,2.3,9430,22,2.29
2019-01-29T05:00:00Z,2.2827,2.3,2.26,2.28,7127,20,2.28273
2019-01-30T05:00:00Z,2.2627,2.3148,2.23,2.29,6300,14,2.27446
2019-01-31T05:00:00Z,2.27,2.349,2.14,2.17,64733,145,2.24504
2019-02-01T05:00:00Z,2.2,2.36,2.1698,2.28,46643,46,2.21696
2019-02-04T05:00:00Z,2.35,2.41,2.32,2.32,12513,42,2.36181
2019-02-05T05:00:00Z,2.33,2.45,2.33,2.44,83410,71,2.38974
2019-02-06T05:00:00Z,2.4432,2.5,2.3247,2.4,16078,42,2.40234
2019-02-07T05:00:00Z,2.36,2.39,2.3,2.32,32784,120,2.3151
2019-02-08T05:00:00Z,2.3027,2.379,2.26,2.379,14046,63,2.31237
2019-02-11T05:00:00Z,2.29,2.43,2.18,2.42,43425,234,2.33377
2019-02-12T05:00:00Z,2.377,2.4,2.28,2.28,22843,78,2.3333
2019-02-13T05:00:00Z,2.28,2.58,2.28,2.55,59863,202,2.39255
2019-02-14T05:00:00Z,2.556,2.66,2.55,2.59,79688,296,2.63411
2019-02-15T05:00:00Z,2.59,2.7495,2.59,2.65,60516,172,2.67433
2019-02-19T05:00:00Z,2.69,2.7,2.65,2.69,26382,128,2.67065
2019-02-20T05:00:00Z,2.74,2.759,2.56,2.5872,14133,52,2.68242
2019-02-21T05:00:00Z,2.54,2.54,2.3411,2.39,13167,27,2.43059
2019-02-22T05:00:00Z,2.47,2.47,2.35,2.37,18583,123,2.39427
2019-02-25T05:00:00Z,2.36,2.4086,2.28,2.33,27923,180,2.33057
2019-02-26T05:00:00Z,2.33,2.36,2.23,2.28,16942,51,2.29071
2019-02-27T05:00:00Z,2.29,2.31,2.23,2.3,10524,47,2.26563
2019-02-28T05:00:00Z,2.3042,2.3484,2.2871,2.3484,7066,60,2.29886
2019-03-01T05:00:00Z,2.31,2.31,2.201,2.29,22812,82,2.25347
2019-03-04T05:00:00Z,2.27,2.35,2.24,2.32,26954,48,2.30845
2019-03-05T05:00:00Z,2.31,2.359,2.2693,2.3088,2203,15,2.30028
2019-03-06T05:00:00Z,2.24,2.2585,2.22,2.25,6895,22,2.25057
2019-03-07T05:00:00Z,2.21,2.24,2.19,2.19,8099,25,2.20854
2019-03-08T05:00:00Z,2.19,2.2,2.175,2.19,9629,18,2.18675
2019-03-11T04:00:00Z,2.23,2.305,2.2011,2.25,76893,469,2.24747
2019-03-12T04:00:00Z,2.285,2.32,2.2046,2.32,50682,229,2.24968
2019-03-13T04:00:00Z,2.27,2.32,2.2151,2.23,50466,267,2.24829
2019-03-14T04:00:00Z,2.25,2.25,2.2,2.25,49452,235,2.24082
2019-03-15T04:00:00Z,2.25,2.25,2.02,2.14,114592,288,2.16381
2019-03-18T04:00:00Z,2.16,2.199,2.12,2.18,29523,150,2.15019
2019-03-19T04:00:00Z,2.15,2.22,2.14,2.2,50790,208,2.15844
2019-03-20T04:00:00Z,2.2,2.31,2.18,2.31,277485,320,2.25181
2019-03-21T04:00:00Z,2.32,2.4927,2.32,2.4,56809,188,2.40605
2019-03-22T04:00:00Z,2.41,2.44,2.39,2.44,177651,151,2.40291
2019-03-25T04:00:00Z,2.44,2.63,2.4,2.58,126168,327,2.48326
2019-03-26T04:00:00Z,2.62,2.74,2.58,2.74,242175,715,2.67834
2019-03-27T04:00:00Z,2.72,2.88,2.7,2.83,87057,525,2.80473
2019-03-28T04:00:00Z,2.86,3.0162,2.8001,3,183189,443,2.9256
2019-03-29T04:00:00Z,3.04,3.15,3.0314,3.1,189852,522,3.09329
2019-04-01T04:00:00Z,3.15,3.2147,3,3.04,17168,130,3.08189
2019-04-02T04:00:00Z,3.11,3.11,2.82,2.87,37747,180,2.92306
2019-04-03T04:00:00Z,2.902,2.902,2.7501,2.77,22210,202,2.79276
2019-04-04T04:00:00Z,2.84,2.9,2.8,2.85,12173,120,2.85578
2019-04-05T04:00:00Z,2.9,2.9,2.8,2.81,6103,34,2.82603
2019-04-08T04:00:00Z,2.7702,2.81,2.7702,2.8,3877,38,2.78949
2019-04-09T04:00:00Z,2.78,2.8,2.65,2.65,10350,72,2.70366
2019-04-10T04:00:00Z,2.63,2.73,2.62,2.63,6002,55,2.63993
2019-04-11T04:00:00Z,2.5829,2.91,2.34,2.6,76754,286,2.63458
2019-04-12T04:00:00Z,2.62,2.78,2.34,2.51,53298,308,2.54966
2019-04-15T04:00:00Z,2.58,2.58,2.31,2.44,21723,175,2.43544
2019-04-16T04:00:00Z,2.44,2.48,2.42,2.45,5152,34,2.44561
2019-04-17T04:00:00Z,2.45,2.4985,2.42,2.44,13515,43,2.45378
2019-04-18T04:00:00Z,2.43,2.45,2.2,2.41,44571,149,2.27843
2019-04-22T04:00:00Z,2.34,2.34,2.146,2.27,28485,127,2.24297
2019-04-23T04:00:00Z,2.29,2.3,2.25,2.3,13024,135,2.28737
2019-04-24T04:00:00Z,2.28,2.29,2.26,2.26,12352,42,2.2736
2019-04-25T04:00:00Z,2.23,2.28,2.2,2.2,18211,118,2.23978
2019-04-26T04:00:00Z,2.2212,2.24,2.2,2.2,3780,14,2.21186
2019-04-29T04:00:00Z,2.23,2.25,2.18,2.25,35092,87,2.21345
2019-04-30T04:00:00Z,2.2234,2.2887,2.22,2.25,24974,72,2.24566
2019-05-01T04:00:00Z,2.289,2.38,2.2575,2.38,15747,116,2.32726
2019-05-02T04:00:00Z,2.39,2.41,2.33,2.4,4909,25,2.36326
2019-05-03T04:00:00Z,2.42,2.46,2.36,2.36,4141,26,2.38673
2019-05-06T04:00:00Z,2.4,2.46,2.374,2.43,13694,66,2.43459
2019-05-07T04:00:00Z,2.41,2.41,2.345,2.38,6947,31,2.39097
2019-05-08T04:00:00Z,2.38,2.4,2.38,2.4,1115,13,2.38528
2019-05-09T04:00:00Z,2.4,2.4,2.4,2.4,0,0,0
2019-05-10T04:00:00Z,2.405,2.46,2.4002,2.46,3785,19,2.44808
2019-05-13T04:00:00Z,2.42,2.53,2.42,2.53,7400,44,2.45341
2019-05-14T04:00:00Z,2.5823,2.65,2.5823,2.61,17544,97,2.61887
2019-05-15T04:00:00Z,2.56,2.74,2.55,2.74,14940,59,2.65231
2019-05-16T04:00:00Z,2.6733,2.7501,2.6208,2.66,28884,187,2.67766
2019-05-17T04:00:00Z,2.6,2.72,2.6,2.69,5511,32,2.65358
2019-05-20T04:00:00Z,2.6612,2.7,2.58,2.7,11125,65,2.64309
2019-05-21T04:00:00Z,2.72,2.782,2.69,2.7,7950,83,2.71091
2019-05-22T04:00:00Z,2.73,2.73,2.58,2.62,6504,35,2.6417
2019-05-23T04:00:00Z,2.55,2.55,2.5,2.55,2132,12,2.54167
2019-05-24T04:00:00Z,2.6204,2.65,2.42,2.51,11920,44,2.52521
2019-05-28T04:00:00Z,2.47,2.4808,2.38,2.46,13478,55,2.44508
2019-05-29T04:00:00Z,2.43,2.43,2.32,2.4,9032,37,2.38001
2019-05-30T04:00:00Z,2.45,2.47,2.38,2.46,7215,46,2.42248
2019-05-31T04:00:00Z,2.4035,2.55,2.3511,2.48,58226,130,2.47615
2019-06-03T04:00:00Z,2.47,2.5,2.4,2.5,15386,32,2.42731
2019-06-04T04:00:00Z,2.4422,2.6099,2.4422,2.55,6618,19,2.46473
2019-06-05T04:00:00Z,2.5,2.6,2.49,2.585,10402,80,2.54804
2019-06-06T04:00:00Z,2.5,2.55,2.4321,2.44,20221,58,2.47874
2019-06-07T04:00:00Z,2.4877,2.4877,2.44,2.4562,6463,16,2.46291
2019-06-10T04:00:00Z,2.45,2.45,2.42,2.42,2633,9,2.44396
2019-06-11T04:00:00Z,2.35,2.48,2.35,2.438,21658,65,2.37265
2019-06-12T04:00:00Z,2.4,2.5507,2.4,2.5,76499,199,2.47237
2019-06-13T04:00:00Z,2.51,2.621,2.45,2.59,74751,152,2.55944
2019-06-14T04:00:00Z,2.5562,2.64,2.55,2.59,131168,198,2.59763
2019-06-17T04:00:00Z,2.5912,2.6856,2.57,2.6475,99423,125,2.6039
2019-06-18T04:00:00Z,2.69,2.69,2.5999,2.63,74317,108,2.60863
2019-06-19T04:00:00Z,2.61,2.65,2.5727,2.6,81531,133,2.60047
2019-06-20T04:00:00Z,2.53,2.65,2.53,2.64,68024,109,2.60454
2019-06-21T04:00:00Z,2.64,2.64,2.44,2.6,122993,203,2.58828
2019-06-24T04:00:00Z,2.62,2.62,2.52,2.54,26538,111,2.53787
2019-06-25T04:00:00Z,2.52,2.52,2.3872,2.44,62189,223,2.44245
2019-06-26T04:00:00Z,2.4,2.44,2.38,2.428,29441,49,2.40328
2019-06-27T04:00:00Z,2.36,2.4,2.3547,2.4,26847,93,2.37803
2019-06-28T04:00:00Z,2.4,2.46,2.3373,2.45,87924,131,2.40458
2019-07-01T04:00:00Z,2.4,2.45,2.3682,2.38,124305,55,2.40585
2019-07-02T04:00:00Z,2.3965,2.4321,2.34,2.41,32880,91,2.38507
2019-07-03T04:00:00Z,2.394,2.553,2.34,2.53,78356,163,2.41238
2019-07-05T04:00:00Z,2.5971,2.63,2.5971,2.62,5283,11,2.60139
2019-07-08T04:00:00Z,2.6395,2.7146,2.6395,2.7146,2703,23,2.66274
2019-07-09T04:00:00Z,2.68,2.68,2.65,2.6568,5061,22,2.66332
2019-07-10T04:00:00Z,2.692,2.74,2.66,2.6966,10088,34,2.69934
2019-07-11T04:00:00Z,2.69,2.7,2.66,2.69,7196,26,2.67942
2019-07-12T04:00:00Z,2.68,2.68,2.6,2.6,12145,26,2.63337
2019-07-15T04:00:00Z,2.57,2.64,2.56,2.62,10504,51,2.61819
2019-07-16T04:00:00Z,2.63,2.63,2.62,2.63,1567,10,2.62521
2019-07-17T04:00:00Z,2.69,2.69,2.6731,2.6731,529,8,2.67873
2019-07-18T04:00:00Z,2.6052,2.64,2.55,2.64,4169,35,2.60266
2019-07-19T04:00:00Z,2.62,2.62,2.62,2.62,1208,10,2.62
2019-07-22T04:00:00Z,2.6999,2.6999,2.66,2.6699,2937,21,2.67568
2019-07-23T04:00:00Z,2.6768,2.6768,2.6768,2.6768,244,5,2.6768
2019-07-24T04:00:00Z,2.63,2.7,2.62,2.6843,2912,18,2.65606
2019-07-25T04:00:00Z,2.6843,2.6843,2.6843,2.6843,0,0,0
2019-07-26T04:00:00Z,2.64,2.74,2.62,2.71,34708,214,2.67408
2019-07-29T04:00:00Z,2.6633,2.8,2.6633,2.75,6123,25,2.75461
2019-07-30T04:00:00Z,2.8,2.8775,2.76,2.8246,8143,76,2.8226
2019-07-31T04:00:00Z,2.87,2.95,2.76,2.76,15717,72,2.85152
2019-08-01T04:00:00Z,2.8301,2.86,2.78,2.78,8348,40,2.80642
2019-08-02T04:00:00Z,2.8045,2.8045,2.7555,2.7555,4599,17,2.77592
2019-08-05T04:00:00Z,2.8289,2.8289,2.8,2.8,1337,14,2.81314
2019-08-06T04:00:00Z,2.8364,2.8364,2.7,2.74,17500,72,2.75379
2019-08-07T04:00:00Z,2.7,2.8,2.6866,2.75,18112,60,2.71081
2019-08-08T04:00:00Z,2.75,2.89,2.715,2.81,28576,168,2.81039
2019-08-09T04:00:00Z,2.8,2.84,2.7562,2.8257,20924,82,2.78878
2019-08-12T04:00:00Z,2.8,2.8426,2.5619,2.7201,28604,89,2.73317
2019-08-13T04:00:00Z,2.7976,2.7976,2.72,2.79,21402,90,2.75707
2019-08-14T04:00:00Z,2.78,2.8272,2.73,2.77,33730,100,2.79073
2019-08-15T04:00:00Z,2.84,2.85,2.73,2.762,15574,73,2.76774
2019-08-16T04:00:00Z,2.76,2.82,2.73,2.79,7241,42,2.76437
2019-08-19T04:00:00Z,2.75,2.78,2.72,2.78,17560,82,2.7421
2019-08-20T04:00:00Z,2.75,2.7964,2.73,2.74,7013,52,2.74508
2019-08-21T04:00:00Z,2.76,2.8,2.75,2.75,2552,21,2.75792
2019-08-22T04:00:00Z,2.74,2.95,2.72,2.95,20706,216,2.82294
2019-08-23T04:00:00Z,2.88,2.9,2.84,2.87,13354,46,2.87464
2019-08-26T04:00:00Z,2.9056,2.9056,2.85,2.85,6238,15,2.86891
2019-08-27T04:00:00Z,2.84,2.85,2.7863,2.8,7396,31,2.81281
2019-08-28T04:00:00Z,2.7701,2.86,2.7638,2.8558,26491,51,2.80219
2019-08-29T04:00:00Z,2.8441,2.9059,2.82,2.82,1548,9,2.86172
2019-08-30T04:00:00Z,2.7968,2.8858,2.7968,2.8858,5652,29,2.86149
2019-09-03T04:00:00Z,2.93,2.93,2.8,2.87,1275,13,2.87231
2019-09-04T04:00:00Z,2.82,2.87,2.7633,2.81,5336,21,2.82815
2019-09-05T04:00:00Z,2.8176,2.839,2.79,2.81,4943,33,2.80625
2019-09-06T04:00:00Z,2.8,2.86,2.8,2.8,3079,22,2.8127
2019-09-09T04:00:00Z,2.84,2.84,2.81,2.84,1535,13,2.83131
2019-09-10T04:00:00Z,2.86,2.92,2.84,2.88,2251,14,2.86871
2019-09-11T04:00:00Z,2.8388,2.84,2.82,2.83,21992,42,2.83236
2019-09-12T04:00:00Z,2.8,2.8409,2.694,2.76,18627,110,2.73025
2019-09-13T04:00:00Z,2.74,2.8,2.73,2.78,15057,131,2.75815
2019-09-16T04:00:00Z,2.77,2.77,2.61,2.6824,21031,189,2.6769
2019-09-17T04:00:00Z,2.65,2.705,2.6258,2.69,29571,126,2.68762
2019-09-18T04:00:00Z,2.66,2.71,2.56,2.56,56643,241,2.5963
2019-09-19T04:00:00Z,2.59,2.5999,2.535,2.55,45554,200,2.56308
2019-09-20T04:00:00Z,2.6141,2.6141,2.4,2.4,73294,150,2.46017
2019-09-23T04:00:00Z,2.38,2.4209,2.32,2.37,26262,86,2.37578
2019-09-24T04:00:00Z,2.32,2.35,2.2337,2.33,42933,90,2.3235
2019-09-25T04:00:00Z,2.28,2.3,2.21,2.21,8529,71,2.25819
2019-09-26T04:00:00Z,2.25,2.2936,2.24,2.24,6812,29,2.25718
2019-09-27T04:00:00Z,2.26,2.26,2.2,2.2,4190,54,2.22529
2019-09-30T04:00:00Z,2.17,2.23,2.1499,2.21,25393,134,2.19558
2019-10-01T04:00:00Z,2.2237,2.29,2.2053,2.28,1566,19,2.27043
2019-10-02T04:00:00Z,2.2501,2.34,2.25,2.27,8551,31,2.28969
2019-10-03T04:00:00Z,2.26,2.32,2.26,2.32,7902,48,2.29311
2019-10-04T04:00:00Z,2.31,2.3593,2.2656,2.2947,8535,42,2.28847
2019-10-07T04:00:00Z,2.3289,2.3289,2.1871,2.22,41239,129,2.22056
2019-10-08T04:00:00Z,2.2657,2.2657,2.2657,2.2657,304,6,2.2657
2019-10-09T04:00:00Z,2.28,2.28,2.28,2.28,361,7,2.28
2019-10-10T04:00:00Z,2.25,2.2845,2.21,2.25,19144,59,2.23372
2019-10-11T04:00:00Z,2.27,2.3531,2.27,2.3,3696,16,2.31782
2019-10-14T04:00:00Z,2.3135,2.3135,2.2825,2.2933,1200,3,2.29217
2019-10-15T04:00:00Z,2.2884,2.3883,2.268,2.3883,16344,46,2.31217
2019-10-16T04:00:00Z,2.35,2.35,2.32,2.32,1103,10,2.33684
2019-10-17T04:00:00Z,2.2503,2.3,2.2503,2.26,9698,24,2.27744
2019-10-18T04:00:00Z,2.21,2.3341,2.21,2.28,71176,191,2.29341
2019-10-21T04:00:00Z,2.3128,2.33,2.25,2.25,47424,93,2.29876
2019-10-22T04:00:00Z,2.25,2.32,2.2,2.27,65019,114,2.25234
2019-10-23T04:00:00Z,2.38,2.38,2.32,2.33,5200,33,2.33512
2019-10-24T04:00:00Z,2.35,2.3614,2.292,2.3,19751,26,2.34192
2019-10-25T04:00:00Z,2.28,2.3393,2.28,2.2889,12118,31,2.29307
2019-10-28T04:00:00Z,2.2985,2.2985,2.22,2.2806,10024,28,2.27127
2019-10-29T04:00:00Z,2.2875,2.29,2.25,2.27,9176,20,2.28276
2019-10-30T04:00:00Z,2.2733,2.2733,2.23,2.2424,11923,41,2.25057
2019-10-31T04:00:00Z,2.2669,2.285,2.2199,2.24,12044,49,2.24904
2019-11-01T04:00:00Z,2.28,2.28,2.26,2.2723,1852,12,2.27283
2019-11-04T05:00:00Z,2.2952,2.3009,2.21,2.24,4178,19,2.26481
2019-11-05T05:00:00Z,2.2,2.26,2.2,2.255,10518,28,2.21402
2019-11-06T05:00:00Z,2.2937,2.2937,2.22,2.2398,3565,12,2.25113
2019-11-07T05:00:00Z,2.2068,2.2626,2.1665,2.2626,12627,52,2.20445
2019-11-08T05:00:00Z,2.2626,2.2626,2.2626,2.2626,0,0,0
2019-11-11T05:00:00Z,2.235,2.235,2.19,2.2098,22007,40,2.20348
2019-11-12T05:00:00Z,2.17,2.2,2.154,2.1998,3888,22,2.17954
2019-11-13T05:00:00Z,2.165,2.165,2.1164,2.15,4104,18,2.14343
2019-11-14T05:00:00Z,2.176,2.176,2.17,2.17,651,8,2.17135
2019-11-15T05:00:00Z,2.1047,2.15,2.1047,2.14,5550,26,2.13599
2019-11-18T05:00:00Z,2.1361,2.15,2.095,2.1298,7025,27,2.10985
2019-11-19T05:00:00Z,2.1,2.2,2.08,2.17,6090,53,2.15084
2019-11-20T05:00:00Z,2.12,2.2,2,2.01,35861,115,2.10664
2019-11-21T05:00:00Z,2.0583,2.07,2.01,2.02,10382,49,2.03255
2019-11-22T05:00:00Z,2,2.05,2,2.0164,5659,29,2.01644
2019-11-25T05:00:00Z,2,2.0099,1.99,1.99,7857,30,1.9996
2019-11-26T05:00:00Z,2,2.0099,2,2,1050,13,2.00198
2019-11-27T05:00:00Z,1.99,2.21,1.99,2.15,47080,144,2.15231
2019-11-29T05:00:00Z,2.13,2.14,2.1,2.14,3602,17,2.11181
2019-12-02T05:00:00Z,2.1,2.1,1.8,1.985,41604,163,1.92025
2019-12-03T05:00:00Z,1.9697,2.038,1.74,1.9528,38961,116,1.86555
2019-12-04T05:00:00Z,2,2,1.96,1.96,4061,18,1.97085
2019-12-05T05:00:00Z,1.9785,1.9785,1.92,1.92,3906,26,1.95214
2019-12-06T05:00:00Z,1.92,1.92,1.85,1.87,14090,36,1.8848
2019-12-09T05:00:00Z,1.85,1.865,1.79,1.83,20204,47,1.83943
2019-12-10T05:00:00Z,1.8,1.88,1.75,1.815,85339,230,1.81434
2019-12-11T05:00:00Z,1.82,1.89,1.78,1.89,49021,178,1.8535
2019-12-12T05:00:00Z,1.8,1.86,1.77,1.8,147371,452,1.8017
2019-12-13T05:00:00Z,1.75,1.78,1.74,1.76,28419,74,1.75321
2019-12-16T05:00:00Z,1.79,1.8,1.73,1.75,29524,70,1.75211
2019-12-17T05:00:00Z,1.72,1.825,1.7,1.7661,201668,321,1.76063
2019-12-18T05:00:00Z,1.7401,1.77,1.67,1.7399,127960,205,1.7256
2019-12-19T05:00:00Z,1.7,1.7286,1.66,1.69,132251,239,1.69633
2019-12-20T05:00:00Z,1.69,1.7,1.65,1.66,68293,103,1.67623
2019-12-23T05:00:00Z,1.63,1.81,1.63,1.8,263091,540,1.78919
2019-12-24T05:00:00Z,1.8555,1.8793,1.83,1.86,36209,151,1.86027
2019-12-26T05:00:00Z,1.89,1.975,1.87,1.96,75069,264,1.93609
2019-12-27T05:00:00Z,1.92,1.9709,1.86,1.88,21453,104,1.92653
2019-12-30T05:00:00Z,1.83,1.9339,1.83,1.88,14199,66,1.89245
2019-12-31T05:00:00Z,1.84,1.96,1.83,1.86,40517,169,1.88335
2020-01-02T05:00:00Z,1.82,1.8859,1.82,1.85,9383,33,1.86877
2020-01-03T05:00:00Z,1.83,1.88,1.83,1.83,24189,44,1.84647
2020-01-06T05:00:00Z,1.83,1.84,1.8,1.8,5281,39,1.81221
2020-01-07T05:00:00Z,1.71,1.7956,1.71,1.78,16442,45,1.76753
2020-01-08T05:00:00Z,1.75,1.7696,1.75,1.7667,4779,15,1.76554
2020-01-09T05:00:00Z,1.79,1.81,1.69,1.81,25492,66,1.73658
2020-01-10T05:00:00Z,1.87,1.8775,1.81,1.82,6835,17,1.86936
2020-01-13T05:00:00Z,1.8,1.8053,1.74,1.7635,11756,36,1.78864
2020-01-14T05:00:00Z,1.74,1.8425,1.74,1.83,9195,50,1.78815
2020-01-15T05:00:00Z,1.809,1.82,1.79,1.79,9794,51,1.80333
2020-01-16T05:00:00Z,1.81,1.85,1.75,1.796,19692,64,1.81197
2020-01-17T05:00:00Z,1.8005,1.83,1.79,1.83,4539,27,1.81138
2020-01-21T05:00:00Z,1.79,1.8201,1.79,1.8,9431,34,1.80202
2020-01-22T05:00:00Z,1.839,1.839,1.78,1.8,4609,27,1.80752
2020-01-23T05:00:00Z,1.78,1.8315,1.76,1.7958,33939,63,1.79481
2020-01-24T05:00:00Z,1.76,1.8031,1.73,1.74,10722,59,1.75696
2020-01-27T05:00:00Z,1.71,1.74,1.69,1.69,12534,47,1.70698
2020-01-28T05:00:00Z,1.7349,1.7349,1.65,1.69,5439,36,1.6936
2020-01-29T05:00:00Z,1.65,1.7,1.65,1.67,12544,69,1.67125
2020-01-30T05:00:00Z,1.65,1.69,1.61,1.673,8611,45,1.66308
2020-01-31T05:00:00Z,1.65,1.71,1.6,1.7042,9862,44,1.66176
2020-02-03T05:00:00Z,1.69,1.74,1.67,1.67,4347,36,1.69331
2020-02-04T05:00:00Z,1.72,1.72,1.7,1.7,640,15,1.71119
2020-02-05T05:00:00Z,1.67,1.73,1.6505,1.6864,13333,79,1.67232
2020-02-06T05:00:00Z,1.6905,1.735,1.665,1.735,14758,92,1.6877
2020-02-07T05:00:00Z,1.71,1.748,1.71,1.745,13313,85,1.72638
2020-02-10T05:00:00Z,1.7,1.735,1.7,1.735,328,13,1.7175
2020-02-11T05:00:00Z,1.71,1.741,1.7,1.71,10130,41,1.71948
2020-02-12T05:00:00Z,1.74,1.74,1.73,1.736,5731,21,1.73328
2020-02-13T05:00:00Z,1.736,1.736,1.736,1.736,0,0,0
2020-02-14T05:00:00Z,1.7999,1.7999,1.53,1.772,28259,140,1.67108
2020-02-18T05:00:00Z,1.76,1.817,1.73,1.8,42246,155,1.77257
2020-02-19T05:00:00Z,1.79,1.79,1.76,1.78,5944,26,1.7743
2020-02-20T05:00:00Z,1.75,1.75,1.7,1.7,1222,10,1.73861
2020-02-21T05:00:00Z,1.7516,1.7516,1.68,1.69,8140,33,1.71602
2020-02-24T05:00:00Z,1.65,1.7,1.65,1.6559,4997,25,1.66264
2020-02-25T05:00:00Z,1.64,1.6426,1.59,1.59,20253,55,1.61028
2020-02-26T05:00:00Z,1.615,1.6228,1.57,1.5858,19672,59,1.60135
2020-02-27T05:00:00Z,1.5858,1.5858,1.5858,1.5858,0,0,0
2020-02-28T05:00:00Z,1.59,1.8,1.59,1.79,31401,152,1.67217
2020-03-02T05:00:00Z,1.79,2.0119,1.79,1.98,56952,185,1.8888
2020-03-03T05:00:00Z,2.02,2.106,2,2.1,76319,267,2.04982
2020-03-04T05:00:00Z,2.01,2.13,2.01,2.11,50525,107,2.09649
2020-03-05T05:00:00Z,2.08,2.1,2.02,2.07,31787,75,2.0706
2020-03-06T05:00:00Z,2.05,2.13,2.01,2.07,29559,92,2.03869
2020-03-09T04:00:00Z,1.98,2.0187,1.98,1.9926,5177,31,1.992
2020-03-10T04:00:00Z,2.06,2.156,2.05,2.1,31659,132,2.08924
2020-03-11T04:00:00Z,2.085,2.3,2.05,2.29,27769,137,2.16949
2020-03-12T04:00:00Z,2.27,2.29,2.25,2.28,3251,45,2.26812
2020-03-13T04:00:00Z,2.31,2.31,2.15,2.26,34988,167,2.23029
2020-03-16T04:00:00Z,2.2,2.2634,2.17,2.17,12685,151,2.20265
2020-03-17T04:00:00Z,2.2,2.25,2.135,2.2,72028,267,2.19604
2020-03-18T04:00:00Z,2.25,2.25,2.14,2.18,58671,178,2.16166
2020-03-19T04:00:00Z,2.161,2.19,2.1,2.15,55393,189,2.13973
2020-03-20T04:00:00Z,2.15,2.1803,2.023,2.08,28437,105,2.12116
2020-03-23T04:00:00Z,2.1159,2.12,1.9808,2.05,29144,116,2.01237
2020-03-24T04:00:00Z,2.05,2.05,1.97,2.01,12347,72,1.99783
2020-03-25T04:00:00Z,1.99,2.05,1.93,1.93,5122,34,1.99158
2020-03-26T04:00:00Z,1.9504,2.05,1.9504,2.02,22914,109,2.00696
2020-03-27T04:00:00Z,2.05,2.05,2.05,2.05,1951,22,2.05
2020-03-30T04:00:00Z,2.05,2.05,1.945,1.98,34037,144,1.98221
2020-03-31T04:00:00Z,1.98,2.046,1.93,1.98,50175,240,1.97995
2020-04-01T04:00:00Z,1.98,1.98,1.93,1.95,8661,58,1.93989
2020-04-02T04:00:00Z,1.95,1.95,1.8791,1.92,22859,86,1.90792
2020-04-03T04:00:00Z,1.9,1.95,1.87,1.95,3467,29,1.91416
2020-04-06T04:00:00Z,1.95,1.97,1.87,1.89,11788,72,1.91813
2020-04-07T04:00:00Z,1.93,1.95,1.92,1.94,6978,43,1.93649
2020-04-08T04:00:00Z,1.92,1.94,1.91,1.93,9965,42,1.91711
2020-04-09T04:00:00Z,1.93,1.94,1.92,1.93,9628,55,1.92557
2020-04-13T04:00:00Z,1.94,1.94,1.93,1.94,2889,18,1.93615
2020-04-14T04:00:00Z,1.94,1.94,1.88,1.94,25970,82,1.91104
2020-04-15T04:00:00Z,1.94,2,1.94,2,7736,46,1.98862
2020-04-16T04:00:00Z,2,2,1.98,1.98,6258,44,1.99226
2020-04-17T04:00:00Z,2.061,2.061,1.9841,1.99,6897,46,2.00909
2020-04-20T04:00:00Z,1.93,1.97,1.7602,1.85,52015,192,1.86026
2020-04-21T04:00:00Z,1.85,1.85,1.4,1.47,259968,486,1.49864
2020-04-22T04:00:00Z,1.38,1.4999,1.26,1.45,194799,339,1.3552
2020-04-23T04:00:00Z,1.39,1.5486,1.35,1.48,159640,280,1.47225
2020-04-24T04:00:00Z,1.4,1.5718,1.4,1.55,26477,89,1.45124
2020-04-27T04:00:00Z,1.56,1.61,1.42,1.6,21789,96,1.51405
2020-04-28T04:00:00Z,1.58,1.7,1.53,1.65,77912,165,1.64025
2020-04-29T04:00:00Z,1.6099,1.745,1.6099,1.745,165706,483,1.69575
2020-04-30T04:00:00Z,1.72,1.73,1.67,1.72,60912,154,1.69672
2020-05-01T04:00:00Z,1.67,1.7398,1.6602,1.71,309275,368,1.70552
2020-05-04T04:00:00Z,1.68,1.8,1.68,1.77,28045,70,1.77803
2020-05-05T04:00:00Z,1.72,1.8,1.69,1.8,16152,59,1.73453
2020-05-06T04:00:00Z,1.79,1.8,1.75,1.77,7654,26,1.76891
2020-05-07T04:00:00Z,1.76,1.79,1.76,1.79,2064,39,1.788
2020-05-08T04:00:00Z,1.79,1.79,1.74,1.74,6491,47,1.76898
2020-05-11T04:00:00Z,1.74,1.78,1.64,1.69,21305,109,1.6985
2020-05-12T04:00:00Z,1.7118,1.78,1.7118,1.75,56768,202,1.7458
2020-05-13T04:00:00Z,1.8,1.9,1.8,1.8,26661,134,1.83659
2020-05-14T04:00:00Z,1.8238,1.865,1.78,1.83,90207,219,1.82734
2020-05-15T04:00:00Z,1.821,1.95,1.8173,1.95,86186,282,1.84266
2020-05-18T04:00:00Z,1.98,2.0034,1.92,1.98,55113,118,1.9864
2020-05-19T04:00:00Z,1.93,2,1.93,1.98,15625,92,1.98486
2020-05-20T04:00:00Z,2.025,2.09,2,2.01,36588,129,2.05606
2020-05-21T04:00:00Z,2.0459,2.27,2,2.14,76495,120,2.14684
2020-05-22T04:00:00Z,2.22,2.22,2.14,2.18,41688,106,2.19024
2020-05-26T04:00:00Z,2.19,2.25,2.17,2.18,13113,90,2.21176
2020-05-27T04:00:00Z,2.24,2.24,2.055,2.15,17534,83,2.14873
2020-05-28T04:00:00Z,2.19,2.249,2.1857,2.22,44928,194,2.22982
2020-05-29T04:00:00Z,2.2,2.2416,2.18,2.23,71815,110,2.22688
2020-06-01T04:00:00Z,2.293,2.293,2.2,2.23,21920,109,2.23724
2020-06-02T04:00:00Z,2.3,2.324,2.27,2.32,9583,73,2.30145
2020-06-03T04:00:00Z,2.33,2.34,2.29,2.3301,7690,59,2.32446
2020-06-04T04:00:00Z,2.33,2.35,2.285,2.3,18023,95,2.32577
2020-06-05T04:00:00Z,2.32,2.34,2.29,2.3,13831,87,2.30764
2020-06-08T04:00:00Z,2.3,2.34,2.27,2.2716,36271,146,2.30855
2020-06-09T04:00:00Z,2.34,2.35,2.22,2.22,6567,74,2.278
2020-06-10T04:00:00Z,2.17,2.21,2.145,2.2,28708,153,2.17673
2020-06-11T04:00:00Z,2.15,2.18,2.0245,2.155,60763,174,2.10197
2020-06-12T04:00:00Z,2.26,2.26,2.105,2.18,13137,55,2.19588
2020-06-15T04:00:00Z,2.2,2.28,2.13,2.14,4959,67,2.19572
2020-06-16T04:00:00Z,2.21,2.274,2.11,2.155,27749,93,2.15629
2020-06-17T04:00:00Z,2.12,2.21,2.12,2.14,9906,55,2.15003
2020-06-18T04:00:00Z,2.19,2.21,2.15,2.15,4418,43,2.16539
2020-06-19T04:00:00Z,2.1401,2.21,2.07,2.1,27012,96,2.11141
2020-06-22T04:00:00Z,2.08,2.15,2.08,2.145,8657,34,2.08708
2020-06-23T04:00:00Z,2.1707,2.19,2.14,2.19,7362,36,2.16092
2020-06-24T04:00:00Z,2.2049,2.255,2.2,2.21,1410,20,2.22427
2020-06-25T04:00:00Z,2.21,2.27,2.2,2.245,3623,31,2.21892
2020-06-26T04:00:00Z,2.29,2.3,2.1698,2.3,59430,158,2.28029
2020-06-29T04:00:00Z,2.26,2.315,2.24,2.24,8665,82,2.26518
2020-06-30T04:00:00Z,2.21,2.2894,2.2,2.2374,7835,56,2.25861
2020-07-01T04:00:00Z,2.2,2.28,2.15,2.24,21589,34,2.1756
2020-07-02T04:00:00Z,2.211,2.3,2.21,2.24,8176,33,2.22281
2020-07-06T04:00:00Z,2.25,2.3,2.24,2.2631,27156,49,2.26567
2020-07-07T04:00:00Z,2.21,2.26,2.1655,2.215,14279,46,2.20091
2020-07-08T04:00:00Z,2.24,2.24,2.16,2.173,6567,33,2.17268
2020-07-09T04:00:00Z,2.19,2.21,2.19,2.21,504,7,2.194
2020-07-10T04:00:00Z,2.24,2.26,2.235,2.24,1039,10,2.23973
2020-07-13T04:00:00Z,2.23,2.32,2.16,2.31,25952,68,2.24541
2020-07-14T04:00:00Z,2.31,2.45,2.286,2.41,46669,172,2.36005
2020-07-15T04:00:00Z,2.45,2.49,2.39,2.4073,10537,57,2.43446
2020-07-16T04:00:00Z,2.39,2.41,2.35,2.38,56363,165,2.381
2020-07-17T04:00:00Z,2.37,2.41,2.35,2.4,41216,156,2.37747
2020-07-20T04:00:00Z,2.41,2.65,2.41,2.56,51507,194,2.52665
2020-07-21T04:00:00Z,2.5871,2.65,2.565,2.619,49847,79,2.61841
2020-07-22T04:00:00Z,2.58,2.65,2.58,2.63,8326,36,2.63644
2020-07-23T04:00:00Z,2.6491,2.65,2.62,2.62,9048,40,2.63365
2020-07-24T04:00:00Z,2.65,2.65,2.62,2.6309,912,14,2.63111
2020-07-27T04:00:00Z,2.6286,2.64,2.55,2.6081,4888,32,2.60517
2020-07-28T04:00:00Z,2.63,2.63,2.5,2.62,5741,40,2.57286
2020-07-29T04:00:00Z,2.6245,2.7267,2.6245,2.6955,160926,322,2.65076
2020-07-30T04:00:00Z,2.7,2.75,2.56,2.6,30380,96,2.64013
2020-07-31T04:00:00Z,2.7099,2.8,2.675,2.71,29119,126,2.74777
2020-08-03T04:00:00Z,2.78,2.8,2.71,2.775,5527,37,2.75772
2020-08-04T04:00:00Z,2.8,2.8,2.79,2.8,954,16,2.79667
2020-08-05T04:00:00Z,2.79,2.8,2.67,2.76,23367,153,2.76426
2020-08-06T04:00:00Z,2.83,2.83,2.79,2.79,4138,36,2.79917
2020-08-07T04:00:00Z,2.79,2.8,2.73,2.8,48808,183,2.77236
2020-08-10T04:00:00Z,2.795,2.9,2.795,2.9,11479,59,2.85542
2020-08-11T04:00:00Z,2.86,2.8922,2.79,2.79,12010,69,2.85498
2020-08-12T04:00:00Z,2.88,2.88,2.86,2.86,1725,11,2.86933
2020-08-13T04:00:00Z,2.83,2.85,2.755,2.84,4636,42,2.82543
2020-08-14T04:00:00Z,2.85,2.85,2.7236,2.8,30291,117,2.77194
2020-08-17T04:00:00Z,2.82,2.82,2.755,2.8,10068,38,2.80129
2020-08-18T04:00:00Z,2.7227,2.8,2.7227,2.8,10678,93,2.76261
2020-08-19T04:00:00Z,2.71,2.7998,2.71,2.74,25776,120,2.7438
2020-08-20T04:00:00Z,2.7001,2.74,2.7001,2.72,10897,65,2.71522
2020-08-21T04:00:00Z,2.75,2.75,2.61,2.69,12483,53,2.70311
2020-08-24T04:00:00Z,2.71,2.74,2.7,2.74,15439,131,2.71753
2020-08-25T04:00:00Z,2.75,2.76,2.75,2.75,33419,175,2.75114
2020-08-26T04:00:00Z,2.8092,2.845,2.75,2.8302,122418,361,2.76401
2020-08-27T04:00:00Z,2.82,2.9199,2.82,2.9199,82839,137,2.86828
2020-08-28T04:00:00Z,2.92,2.92,2.85,2.9,81529,254,2.89371
2020-08-31T04:00:00Z,2.9,2.94,2.89,2.89,73982,239,2.92058
2020-09-01T04:00:00Z,2.9,2.94,2.85,2.8877,49265,155,2.88558
2020-09-02T04:00:00Z,2.94,2.94,2.8,2.83,54121,172,2.84981
2020-09-03T04:00:00Z,2.83,2.95,2.825,2.8301,74980,160,2.87873
2020-09-04T04:00:00Z,2.85,2.95,2.83,2.87,43770,113,2.85355
2020-09-08T04:00:00Z,2.85,2.96,2.85,2.945,74779,620,2.94444
2020-09-09T04:00:00Z,2.95,2.96,2.9,2.96,91495,538,2.93136
2020-09-10T04:00:00Z,2.95,2.9617,2.9,2.92,53661,214,2.95417
2020-09-11T04:00:00Z,2.95,2.96,2.9,2.91,59072,263,2.93921
2020-09-14T04:00:00Z,2.93,2.98,2.93,2.95,89886,394,2.96209
2020-09-15T04:00:00Z,2.95,3,2.95,3,34213,150,2.97548
2020-09-16T04:00:00Z,3,3.09,2.97,3.02,108477,310,3.02705
2020-09-17T04:00:00Z,3.05,3.1,3.04,3.06,110554,377,3.06128
2020-09-18T04:00:00Z,3.09,3.15,3.08,3.1,438712,517,3.10275
2020-09-21T04:00:00Z,3.23,3.355,2.97,2.97,142612,463,3.13093
2020-09-22T04:00:00Z,3.05,3.05,2.96,3,130426,567,3.00207
2020-09-23T04:00:00Z,2.97,2.97,2.83,2.9,73007,279,2.91444
2020-09-24T04:00:00Z,2.88,2.9,2.73,2.73,52727,341,2.78588
2020-09-25T04:00:00Z,2.81,2.83,2.74,2.81,14296,111,2.76858
2020-09-28T04:00:00Z,2.78,2.85,2.78,2.85,8597,112,2.80699
2020-09-29T04:00:00Z,2.86,2.98,2.79,2.98,19790,141,2.89531
2020-09-30T04:00:00Z,2.93,3,2.92,2.95,28310,177,2.94465
2020-10-01T04:00:00Z,2.92,2.95,2.87,2.9,27549,111,2.91103
2020-10-02T04:00:00Z,2.83,3,2.83,2.92,36019,169,2.92418
2020-10-05T04:00:00Z,2.91,3.05,2.91,3,12916,100,3.00078
2020-10-06T04:00:00Z,2.955,3.1,2.955,3.07,22812,100,3.04929
2020-10-07T04:00:00Z,2.95,3.1,2.95,3.07,10383,37,3.02537
2020-10-08T04:00:00Z,3.06,3.06,2.92,3.03,66747,161,2.98405
2020-10-09T04:00:00Z,3.02,3.06,3.02,3.02,2923,31,3.04115
2020-10-12T04:00:00Z,3,3.08,3,3.03,3615,34,3.03477
2020-10-13T04:00:00Z,3.03,3.07,2.97,2.99,13622,95,3.00987
2020-10-14T04:00:00Z,2.99,3.05,2.79,3.03,35510,210,2.98873
2020-10-15T04:00:00Z,3.005,3.06,2.95,3.02,3245,66,2.99606
2020-10-16T04:00:00Z,2.97,3.17,2.97,3.16,32471,202,3.04185
2020-10-19T04:00:00Z,3.07,3.1,2.94,3.05,23414,147,3.01733
2020-10-20T04:00:00Z,3.12,3.1286,3.05,3.05,14713,122,3.07343
2020-10-21T04:00:00Z,3.09,3.12,3.05,3.12,6937,42,3.06087
2020-10-22T04:00:00Z,3.16,3.16,3.08,3.09,10728,50,3.10462
2020-10-23T04:00:00Z,3.1,3.17,3.05,3.13,7931,57,3.12987
2020-10-26T04:00:00Z,3.0968,3.1,3.03,3.06,16696,109,3.05731
2020-10-27T04:00:00Z,3.07,3.07,3.03,3.03,2964,28,3.0452
2020-10-28T04:00:00Z,3.02,3.15,3.02,3.15,8818,107,3.07483
2020-10-29T04:00:00Z,3.18,3.22,3.16,3.2,5360,80,3.18147
2020-10-30T04:00:00Z,3.23,3.24,3.2,3.21,6310,72,3.21931
2020-11-02T05:00:00Z,3.23,3.3,3.2,3.24,12411,106,3.27784
2020-11-03T05:00:00Z,3.32,3.32,3.06,3.06,4795,55,3.18575
2020-11-04T05:00:00Z,3.1594,3.22,3.0853,3.22,8761,99,3.13421
2020-11-05T05:00:00Z,3.195,3.2399,3.18,3.2012,9462,165,3.20052
2020-11-06T05:00:00Z,3.18,3.2,3.1,3.2,10667,161,3.13464
2020-11-09T05:00:00Z,3.33,3.33,3.14,3.2,23180,230,3.16491
2020-11-10T05:00:00Z,3.2,3.23,3.2,3.21,1316,24,3.21
2020-11-11T05:00:00Z,3.19,3.19,3.19,3.19,437,17,3.19
2020-11-12T05:00:00Z,3.24,3.24,3.15,3.18,2413,35,3.1649
2020-11-13T05:00:00Z,3.2497,3.25,3.15,3.15,7181,65,3.17474
2020-11-16T05:00:00Z,3.16,3.16,3.09,3.09,3896,30,3.11391
2020-11-17T05:00:00Z,3.07,3.07,3.07,3.07,1462,36,3.07
2020-11-18T05:00:00Z,3.07,3.07,3.05,3.07,9665,123,3.05805
2020-11-19T05:00:00Z,3.11,3.11,3.055,3.07,1237,29,3.0688
2020-11-20T05:00:00Z,3.07,3.15,3.07,3.15,2331,45,3.10522
2020-11-23T05:00:00Z,3.1229,3.1229,3.07,3.07,11024,70,3.09016
2020-11-24T05:00:00Z,3.071,3.1459,3.071,3.1,4271,63,3.09462
2020-11-25T05:00:00Z,3.05,3.08,3.05,3.06,2594,35,3.05543
2020-11-27T05:00:00Z,3.0945,3.0945,3.0945,3.0945,311,12,3.0945
2020-11-30T05:00:00Z,3.11,3.11,3.04,3.09,3869,33,3.07136
2020-12-01T05:00:00Z,3.0579,3.06,3.03,3.03,3224,35,3.05019
2020-12-02T05:00:00Z,3.2,4.39,3.2,3.9,700192,3729,3.82403
2020-12-03T05:00:00Z,3.7,4.09,3.67,4.08,224577,661,3.98234
2020-12-04T05:00:00Z,4.1,4.49,4.0947,4.28,90152,559,4.27614
2020-12-07T05:00:00Z,4.43,4.43,4.16,4.3,20928,293,4.26956
2020-12-08T05:00:00Z,4.39,4.45,4.3016,4.39,15169,231,4.35503
2020-12-09T05:00:00Z,4.26,4.45,4.2,4.26,17421,224,4.33104
2020-12-10T05:00:00Z,4.3599,4.4247,4.28,4.3,22591,193,4.31208
2020-12-11T05:00:00Z,4.3,4.39,4.25,4.29,37097,256,4.29995
2020-12-14T05:00:00Z,4.2715,4.44,4.2702,4.41,31982,275,4.31404
2020-12-15T05:00:00Z,4.45,4.5,4.4,4.5,31736,391,4.44778
2020-12-16T05:00:00Z,4.49,4.5,4.33,4.45,52807,286,4.40821
2020-12-17T05:00:00Z,4.49,4.5,4.39,4.45,48839,362,4.44171
2020-12-18T05:00:00Z,4.47,4.61,4.47,4.61,62578,181,4.56752
2020-12-21T05:00:00Z,4.61,4.65,4.5,4.65,38394,147,4.61261
2020-12-22T05:00:00Z,4.65,4.65,4.53,4.62,26374,131,4.61066
2020-12-23T05:00:00Z,4.62,4.62,4.55,4.56,8890,63,4.59571
2020-12-24T05:00:00Z,4.61,4.62,4.55,4.57,8557,41,4.59911
2020-12-28T05:00:00Z,4.6,4.75,4.55,4.66,20923,107,4.62396
2020-12-29T05:00:00Z,4.63,4.73,4.5954,4.65,16398,128,4.69201
2020-12-30T05:00:00Z,4.7,4.75,4.65,4.72,24709,100,4.70807
2020-12-31T05:00:00Z,4.71,4.8,4.69,4.7,28752,237,4.73707
2021-01-04T05:00:00Z,4.6522,4.71,4.6028,4.71,14873,130,4.66012
2021-01-05T05:00:00Z,4.66,4.69,4.5,4.61,22539,229,4.59068
2021-01-06T05:00:00Z,4.67,4.69,4.55,4.55,23207,143,4.60006
2021-01-07T05:00:00Z,4.55,4.66,4.55,4.63,4532,67,4.60927
2021-01-08T05:00:00Z,4.8,5.5,4.8,5.355,154368,592,5.16624
2021-01-11T05:00:00Z,5.45,5.5,4.64,4.8,107542,605,5.09204
2021-01-12T05:00:00Z,4.81,4.9808,4.47,4.94,39340,196,4.82413
2021-01-13T05:00:00Z,4.77,4.94,4.71,4.89,11478,85,4.81378
2021-01-14T05:00:00Z,4.6495,4.9,4.6495,4.87,27483,199,4.8727
2021-01-15T05:00:00Z,4.89,4.98,4.86,4.86,20992,148,4.93679
2021-01-19T05:00:00Z,4.8,4.98,4.7938,4.94,17102,257,4.91467
2021-01-20T05:00:00Z,4.89,4.98,4.739,4.8,23543,130,4.87338
2021-01-21T05:00:00Z,4.87,4.87,4.67,4.86,8854,121,4.76822
2021-01-22T05:00:00Z,4.82,4.87,4.64,4.75,4146,74,4.7852
2021-01-25T05:00:00Z,4.81,4.9,4.7,4.7,8915,82,4.77265
2021-01-26T05:00:00Z,4.81,4.86,4.61,4.75,17504,145,4.7062
2021-01-27T05:00:00Z,4.62,4.75,4.5,4.58,46809,273,4.57111
2021-01-28T05:00:00Z,4.58,4.646,4.387,4.52,18475,155,4.50227
2021-01-29T05:00:00Z,4.48,4.7082,4.46,4.57,10332,140,4.53079
2021-02-01T05:00:00Z,4.59,4.69,4.35,4.35,40118,284,4.49714
2021-02-02T05:00:00Z,4.5,4.72,4.48,4.64,34937,291,4.58451
2021-02-03T05:00:00Z,4.69,4.69,4.5,4.575,23604,132,4.58597
2021-02-04T05:00:00Z,4.52,4.5993,4.52,4.57,9376,74,4.55799
2021-02-05T05:00:00Z,4.57,4.6,4.42,4.54,33383,194,4.51216
2021-02-08T05:00:00Z,4.63,4.69,4.59,4.65,6146,80,4.6342
2021-02-09T05:00:00Z,4.62,4.62,4.48,4.55,27029,162,4.55105
2021-02-10T05:00:00Z,4.52,4.54,4.4604,4.51,7990,60,4.50185
2021-02-11T05:00:00Z,4.48,4.5039,4.44,4.44,12167,66,4.4654
2021-02-12T05:00:00Z,4.38,4.65,4.38,4.62,8495,61,4.50491
2021-02-16T05:00:00Z,4.56,4.69,4.5303,4.62,5613,57,4.57301
2021-02-17T05:00:00Z,4.65,4.715,4.59,4.69,6161,131,4.66223
2021-02-18T05:00:00Z,4.75,4.75,4.6,4.61,32282,101,4.66018
2021-02-19T05:00:00Z,4.55,4.63,4.5,4.61,3835,50,4.55539
2021-02-22T05:00:00Z,4.55,4.575,4.468,4.53,5891,67,4.52093
2021-02-23T05:00:00Z,4.67,4.67,4.4515,4.65,5353,87,4.55074
2021-02-24T05:00:00Z,4.62,4.74,4.6,4.64,2437,69,4.65201
2021-02-25T05:00:00Z,4.5875,4.77,4.5,4.545,8548,69,4.58749
2021-02-26T05:00:00Z,4.7,4.7,4.46,4.54,7000,111,4.57251
2021-03-01T05:00:00Z,4.59,4.92,4.5728,4.68,29089,164,4.68254
2021-03-02T05:00:00Z,4.8,4.8,4.621,4.76,4506,93,4.73568
2021-03-03T05:00:00Z,4.662,4.751,4.64,4.66,4353,69,4.66526
2021-03-04T05:00:00Z,4.64,4.64,4.41,4.5,5508,83,4.55506
2021-03-05T05:00:00Z,4.545,4.57,4.42,4.5,10181,54,4.495
2021-03-08T05:00:00Z,4.32,4.61,4.32,4.5,7294,56,4.53618
2021-03-09T05:00:00Z,4.5,4.65,4.49,4.5011,2230,29,4.55458
2021-03-10T05:00:00Z,4.45,4.6,4.343,4.55,10749,72,4.45575
2021-03-11T05:00:00Z,4.47,4.6,4.47,4.5861,7503,25,4.54103
2021-03-12T05:00:00Z,4.64,4.64,4.48,4.58,9010,57,4.59063
2021-03-15T04:00:00Z,4.51,4.59,4.5,4.55,10817,148,4.5282
2021-03-16T04:00:00Z,4.44,4.565,4.44,4.56,8612,113,4.50123
2021-03-17T04:00:00Z,4.46,4.64,4.4,4.43,12536,95,4.49349
2021-03-18T04:00:00Z,4.5299,4.64,4.36,4.36,22749,178,4.53656
2021-03-19T04:00:00Z,4.5,4.65,4.39,4.65,14284,91,4.56637
2021-03-22T04:00:00Z,4.64,4.65,4.406,4.56,14193,102,4.57495
2021-03-23T04:00:00Z,4.48,4.534,4.4207,4.53,18714,76,4.47224
2021-03-24T04:00:00Z,4.6,4.65,4.32,4.37,10566,101,4.40293
2021-03-25T04:00:00Z,4.28,4.65,4.28,4.45,12638,104,4.45876
2021-03-26T04:00:00Z,4.45,4.5092,4.38,4.5,18457,63,4.42125
2021-03-29T04:00:00Z,4.35,4.63,4.35,4.48,14594,89,4.4973
2021-03-30T04:00:00Z,4.33,4.54,4.07,4.4235,58338,286,4.30637
2021-03-31T04:00:00Z,4.47,4.66,4.47,4.65,177225,290,4.53889
2021-04-01T04:00:00Z,4.72,4.72,4.58,4.6,13610,77,4.65758
2021-04-05T04:00:00Z,4.67,4.77,4.5101,4.69,80359,326,4.704
2021-04-06T04:00:00Z,4.67,4.69,4.5712,4.62,8726,66,4.64348
2021-04-07T04:00:00Z,4.61,4.74,4.44,4.54,12079,95,4.51527
2021-04-08T04:00:00Z,4.5625,4.5725,4.3,4.46,16891,122,4.41257
2021-04-09T04:00:00Z,4.4701,4.61,4.4,4.48,14346,109,4.48164
2021-04-12T04:00:00Z,4.4,4.6,4.4,4.58,61636,148,4.49941
2021-04-13T04:00:00Z,4.5,4.6,4.4,4.51,9626,112,4.50406
2021-04-14T04:00:00Z,4.4,4.65,4.4,4.57,37725,100,4.55006
2021-04-15T04:00:00Z,4.5867,4.65,4.58,4.62,5868,51,4.61974
2021-04-16T04:00:00Z,4.59,4.69,4.45,4.63,12171,133,4.61979
2021-04-19T04:00:00Z,4.68,4.68,4.57,4.57,611,1,4.68
2021-04-20T04:00:00Z,4.52,4.71,4.47,4.54,13119,98,4.53641
2021-04-21T04:00:00Z,4.54,4.6144,4.5055,4.51,5490,46,4.54969
2021-04-22T04:00:00Z,4.6,4.65,4.4601,4.605,52055,96,4.59689
2021-04-23T04:00:00Z,4.4489,4.63,4.4489,4.5,5605,50,4.58105
2021-04-26T04:00:00Z,4.45,4.72,4.28,4.635,41635,184,4.56565
2021-04-27T04:00:00Z,4.72,4.88,4.57,4.87,82508,250,4.75128
2021-04-28T04:00:00Z,4.75,4.9,4.75,4.89,9125,62,4.86538
2021-04-29T04:00:00Z,4.7903,5.1,4.7903,5.03,95926,249,4.99899
2021-04-30T04:00:00Z,5.08,5.08,4.9,5.04,12599,103,4.98719
2021-05-03T04:00:00Z,4.98,5.09,4.98,5.03,36022,157,5.02641
2021-05-04T04:00:00Z,5.03,5.0856,4.91,5.03,15077,114,5.01017
2021-05-05T04:00:00Z,5.05,5.05,5,5.05,70664,242,5.04457
2021-05-06T04:00:00Z,5,5.05,5,5.04,12457,78,5.04698
2021-05-07T04:00:00Z,5.0026,5.049,4.95,4.98,4950,65,4.9971
2021-05-10T04:00:00Z,4.96,5.05,4.93,5.03,1931,39,5.00815
2021-05-11T04:00:00Z,4.97,5.05,4.88,5.05,54005,89,5.03876
2021-05-12T04:00:00Z,5.04,5.04,4.77,4.85,44461,239,4.88309
2021-05-13T04:00:00Z,4.9,5.06,4.745,4.94,30293,166,4.90252
2021-05-14T04:00:00Z,4.95,5.09,4.84,4.94,17986,109,4.94566
2021-05-17T04:00:00Z,4.9237,4.9419,4.87,4.94,14332,99,4.91504
2021-05-18T04:00:00Z,4.9981,5.0199,4.8756,5,3001,43,4.96161
2021-05-19T04:00:00Z,4.9001,5,4.8999,5,12726,42,4.90951
2021-05-20T04:00:00Z,4.91,5,4.91,4.92,6975,39,4.98179
2021-05-21T04:00:00Z,4.99,5.19,4.95,5.1,403697,275,4.98907
2021-05-24T04:00:00Z,5.18,5.2,4.995,5.03,33598,144,5.08999
2021-05-25T04:00:00Z,5.089,5.1,4.76,4.83,31644,130,4.92956
2021-05-26T04:00:00Z,4.78,5.03,4.61,4.85,70907,199,4.73044
2021-05-27T04:00:00Z,4.93,4.99,4.86,4.87,9069,59,4.9268
2021-05-28T04:00:00Z,4.86,4.99,4.85,4.98,10260,89,4.89648
2021-06-01T04:00:00Z,4.81,5.02,4.81,4.89,22434,210,4.94403
2021-06-02T04:00:00Z,4.91,5.03,4.89,4.95,4597,55,5.00031
2021-06-03T04:00:00Z,4.88,5,4.879,4.99,7518,60,4.96849
2021-06-04T04:00:00Z,4.94,5.01,4.9,5.01,74197,78,4.97942
2021-06-07T04:00:00Z,5.05,5.05,4.89,4.94,46210,194,4.98084
2021-06-08T04:00:00Z,4.95,4.9806,4.89,4.89,3600,32,4.91531
2021-06-09T04:00:00Z,5,5,4.82,4.85,12951,74,4.89142
2021-06-10T04:00:00Z,4.9,5.145,4.8984,5.115,461563,450,4.99021
2021-06-11T04:00:00Z,5.18,5.1926,4.93,5,39035,176,5.12126
2021-06-14T04:00:00Z,5.09,5.09,4.95,4.95,148843,375,5.00346
2021-06-15T04:00:00Z,5.05,5.25,4.98,5.24,97224,387,5.10585
2021-06-16T04:00:00Z,5.21,5.27,5.2,5.2,66565,226,5.23853
2021-06-17T04:00:00Z,5.235,5.235,5.15,5.15,15397,86,5.18055
2021-06-18T04:00:00Z,5.15,5.19,4.9,4.9,79543,287,4.98939
2021-06-21T04:00:00Z,4.91,5.1,4.91,5.02,27945,226,5.03118
2021-06-22T04:00:00Z,4.985,5.01,4.95,4.96,14793,315,4.96649
2021-06-23T04:00:00Z,4.95,5.04,4.95,4.97,7419,91,4.98714
2021-06-24T04:00:00Z,4.98,4.985,4.95,4.95,13172,84,4.97079
2021-06-25T04:00:00Z,4.93,5.0102,4.82,4.82,120562,228,4.87195
2021-06-28T04:00:00Z,4.98,5.055,4.95,5.05,59587,121,4.99692
2021-06-29T04:00:00Z,5.11,5.11,5,5.06,26523,157,5.05134
2021-06-30T04:00:00Z,4.96,5.11,4.96,5,31897,193,5.01019
2021-07-01T04:00:00Z,5.095,5.17,5.05,5.15,23477,190,5.10274
2021-07-02T04:00:00Z,5.18,5.18,5.03,5.08,11814,142,5.12015
2021-07-06T04:00:00Z,5.0801,5.13,4.97,4.97,4247,79,5.03633
2021-07-07T04:00:00Z,5.035,5.035,4.87,4.93,15558,80,4.91457
2021-07-08T04:00:00Z,4.85,4.92,4.7,4.88,6622,84,4.87024
2021-07-09T04:00:00Z,4.93,4.99,4.93,4.95,3144,25,4.96207
2021-07-12T04:00:00Z,4.97,4.99,4.95,4.98,8064,56,4.97497
2021-07-13T04:00:00Z,4.99,5.03,4.93,5.029,26321,65,4.98464
2021-07-14T04:00:00Z,5.03,5.03,4.95,4.95,1547,36,4.98865
2021-07-15T04:00:00Z,4.89,5.0216,4.89,5.02,5724,50,4.99581
2021-07-16T04:00:00Z,5.03,5.25,4.98,4.98,34441,165,5.12256
2021-07-19T04:00:00Z,5.02,5.25,4.9301,5.25,51111,148,5.03702
2021-07-20T04:00:00Z,5.28,5.4,5.26,5.3,44597,227,5.31508
2021-07-21T04:00:00Z,5.4,5.45,5.39,5.43,16200,102,5.41149
2021-07-22T04:00:00Z,5.45,5.45,5.41,5.45,2892,53,5.4276
2021-07-23T04:00:00Z,5.4,5.5,5.3864,5.5,10140,66,5.44025
2021-07-26T04:00:00Z,5.5,5.5,5.47,5.49,3581,56,5.49121
2021-07-27T04:00:00Z,5.45,5.45,5.2801,5.29,4419,33,5.34508
2021-07-28T04:00:00Z,5.32,5.38,5.2327,5.32,7984,97,5.28203
2021-07-29T04:00:00Z,5.39,5.47,5.27,5.27,2764,56,5.33093
2021-07-30T04:00:00Z,5.25,5.307,5.22,5.307,4557,50,5.27813
2021-08-02T04:00:00Z,5.3,5.32,5.19,5.28,4926,86,5.29266
2021-08-03T04:00:00Z,5.391,5.52,5.345,5.52,25362,292,5.4806
2021-08-04T04:00:00Z,5.53,5.6,5.52,5.55,6186,72,5.55531
2021-08-05T04:00:00Z,5.4901,5.58,5.4488,5.56,9555,122,5.50849
2021-08-06T04:00:00Z,5.6,5.6,5.5403,5.56,5180,49,5.57502
2021-08-09T04:00:00Z,5.4,5.51,5.4,5.5,8338,122,5.46446
2021-08-10T04:00:00Z,5.53,5.55,5.45,5.47,3619,64,5.47613
2021-08-11T04:00:00Z,5.5,5.5,5.4082,5.49,3233,67,5.46604
2021-08-12T04:00:00Z,5.42,5.42,5.39,5.42,1715,52,5.40545
2021-08-13T04:00:00Z,5.4862,5.4862,5.295,5.42,4581,70,5.35526
2021-08-16T04:00:00Z,5.39,5.39,5.33,5.38,9360,155,5.35527
2021-08-17T04:00:00Z,5.31,5.36,5.3,5.36,4856,58,5.32334
2021-08-18T04:00:00Z,5.35,5.405,5.325,5.35,23681,247,5.36049
2021-08-19T04:00:00Z,5.3,5.375,5.2,5.2138,16548,81,5.26274
2021-08-20T04:00:00Z,5.24,5.35,5.23,5.35,32334,84,5.26152
2021-08-23T04:00:00Z,5.3,5.3499,5.26,5.325,3593,62,5.30618
2021-08-24T04:00:00Z,5.26,5.34,5.25,5.26,5290,76,5.2834
2021-08-25T04:00:00Z,5.35,5.39,5.34,5.35,8862,84,5.36115
2021-08-26T04:00:00Z,5.35,5.4499,5.275,5.42,39205,146,5.37054
2021-08-27T04:00:00Z,5.42,5.43,5.33,5.33,12548,106,5.39046
2021-08-30T04:00:00Z,5.33,5.6,5.33,5.56,24409,136,5.52176
2021-08-31T04:00:00Z,5.56,5.6,5.55,5.55,17777,288,5.58255
2021-09-01T04:00:00Z,5.56,5.69,5.56,5.64,10039,131,5.62331
2021-09-02T04:00:00Z,5.61,5.7,5.61,5.7,5195,74,5.67523
2021-09-03T04:00:00Z,5.7,5.7,5.6,5.6,9328,120,5.65393
2021-09-07T04:00:00Z,5.55,5.66,5.35,5.35,53168,306,5.45821
2021-09-08T04:00:00Z,5.4,5.6,5.325,5.56,34425,219,5.4211
2021-09-09T04:00:00Z,5.52,5.6726,5.49,5.55,10602,131,5.57538
2021-09-10T04:00:00Z,5.62,5.62,5.37,5.37,7947,116,5.49461
2021-09-13T04:00:00Z,5.455,5.5523,5.33,5.365,28619,119,5.37846
2021-09-14T04:00:00Z,5.43,5.4599,5.28,5.35,17066,121,5.406
2021-09-15T04:00:00Z,5.4,5.46,5.32,5.32,28748,131,5.36362
2021-09-16T04:00:00Z,5.42,5.45,5.26,5.26,32084,181,5.32833
2021-09-17T04:00:00Z,5.28,5.6,5.23,5.6,122443,307,5.41753
2021-09-20T04:00:00Z,5.55,5.59,5.33,5.37,44832,183,5.3932
2021-09-21T04:00:00Z,5.45,5.6,5.37,5.38,39913,538,5.43622
2021-09-22T04:00:00Z,5.42,5.42,5.25,5.34,72790,151,5.33337
2021-09-23T04:00:00Z,5.34,5.4,5.25,5.35,51938,270,5.30585
2021-09-24T04:00:00Z,5.35,5.4,5.3,5.33,9256,52,5.35598
2021-09-27T04:00:00Z,5.39,5.48,5.33,5.33,40379,127,5.38475
2021-09-28T04:00:00Z,5.32,5.325,5.2128,5.27,7121,64,5.27708
2021-09-29T04:00:00Z,5.3,5.38,5.3,5.33,5045,58,5.32824
2021-09-30T04:00:00Z,5.2317,5.39,5.2317,5.359,7229,63,5.32222
2021-10-01T04:00:00Z,5.45,5.45,4.85,5.36,18758,141,5.18444
2021-10-04T04:00:00Z,5.38,5.75,5.36,5.66,36417,214,5.61834
2021-10-05T04:00:00Z,5.75,5.75,5.66,5.71,8530,93,5.70478
2021-10-06T04:00:00Z,5.75,5.75,5.56,5.7,21063,102,5.65832
2021-10-07T04:00:00Z,5.75,5.75,5.7,5.71,5665,39,5.7195
2021-10-08T04:00:00Z,5.7173,5.7173,5.65,5.68,5475,53,5.67963
2021-10-11T04:00:00Z,5.68,5.68,5.55,5.6,8032,99,5.59438
2021-10-12T04:00:00Z,5.59,5.6,5.5702,5.58,8589,92,5.58881
2021-10-13T04:00:00Z,5.54,5.6,5.51,5.51,9721,86,5.57024
2021-10-14T04:00:00Z,5.48,5.5052,5.46,5.46,1706,33,5.47488
2021-10-15T04:00:00Z,5.51,5.66,5.49,5.62,10323,87,5.60417
2021-10-18T04:00:00Z,5.652,5.73,5.6,5.63,29712,172,5.657
2021-10-19T04:00:00Z,5.7,5.71,5.6,5.61,4833,74,5.64595
2021-10-20T04:00:00Z,5.67,5.75,5.65,5.73,6676,67,5.72696
2021-10-21T04:00:00Z,5.73,5.7304,5.67,5.69,2359,39,5.691
2021-10-22T04:00:00Z,5.7256,5.7316,5.7106,5.73,1082,25,5.7239
2021-10-25T04:00:00Z,5.75,5.75,5.69,5.7,5536,48,5.73459
2021-10-26T04:00:00Z,5.7,5.7092,5.575,5.66,6684,121,5.66053
2021-10-27T04:00:00Z,5.71,5.71,5.623,5.64,2515,48,5.64919
2021-10-28T04:00:00Z,5.6,5.8,5.5999,5.77,18326,107,5.70067
2021-10-29T04:00:00Z,5.74,5.7941,5.48,5.48,42163,264,5.57893
2021-11-01T04:00:00Z,5.49,5.58,5.35,5.35,45647,200,5.38775
2021-11-02T04:00:00Z,5.35,5.55,5.35,5.55,33447,294,5.48069
2021-11-03T04:00:00Z,5.5,5.57,5.45,5.55,10752,159,5.50443
2021-11-04T04:00:00Z,5.55,5.57,5.53,5.55,6956,99,5.54174
2021-11-05T04:00:00Z,5.55,5.56,5.53,5.54,5906,149,5.54843
2021-11-08T05:00:00Z,5.545,5.55,5.49,5.51,3744,126,5.50865
2021-11-09T05:00:00Z,5.5,5.54,5.48,5.49,3831,63,5.51456
2021-11-10T05:00:00Z,5.518,5.525,5.44,5.48,4543,87,5.47331
2021-11-11T05:00:00Z,5.498,5.53,5.4,5.43,9531,149,5.46271
2021-11-12T05:00:00Z,5.4824,5.5,5.4,5.44,32740,289,5.42159
2021-11-15T05:00:00Z,5.45,5.5,5.4,5.47,32275,256,5.43527
2021-11-16T05:00:00Z,5.5,5.5,5.44,5.5,22539,82,5.47782
2021-11-17T05:00:00Z,5.5,5.59,5.46,5.58,18898,159,5.53543
2021-11-18T05:00:00Z,5.59,5.59,5.48,5.51,17290,121,5.51156
2021-11-19T05:00:00Z,5.5,5.59,5.45,5.45,18854,95,5.50168
2021-11-22T05:00:00Z,5.5,5.58,5.494,5.53,40434,212,5.50502
2021-11-23T05:00:00Z,5.5399,5.55,5.4,5.4,27899,182,5.49133
2021-11-24T05:00:00Z,5.45,5.49,5.41,5.47,30423,159,5.45368
2021-11-26T05:00:00Z,5.47,5.57,5.4021,5.41,16233,64,5.46586
2021-11-29T05:00:00Z,5.41,5.54,5.41,5.45,5947,121,5.45163
2021-11-30T05:00:00Z,5.56,5.56,5.4,5.48,22343,115,5.41642
2021-12-01T05:00:00Z,5.48,5.5,5.3,5.34,37526,144,5.45309
2021-12-02T05:00:00Z,5.41,5.41,5.17,5.23,32150,144,5.28546
2021-12-03T05:00:00Z,5.3,5.35,5.04,5.04,34256,80,5.2299
2021-12-06T05:00:00Z,5.09,5.2,5.04,5.1,34643,114,5.10199
2021-12-07T05:00:00Z,5.1,5.173,5.1,5.16,8560,80,5.12808
2021-12-08T05:00:00Z,5.25,5.25,5.19,5.24,4199,137,5.23841
2021-12-09T05:00:00Z,5.24,5.4,5.24,5.35,45162,232,5.28514
2021-12-10T05:00:00Z,5.4,5.5,5.3704,5.49,13483,187,5.45017
2021-12-13T05:00:00Z,5.45,5.5,5.45,5.45,32287,263,5.48487
2021-12-14T05:00:00Z,5.45,5.5,5.43,5.44,20388,181,5.45311
2021-12-15T05:00:00Z,5.44,5.5,5.44,5.46,5317,144,5.46316
2021-12-16T05:00:00Z,5.5,5.5,5.47,5.5,13447,163,5.49549
2021-12-17T05:00:00Z,5.5,5.6,5.43,5.47,250969,258,5.47346
2021-12-20T05:00:00Z,5.47,5.6367,5.381,5.45,16767,48,5.48207
2021-12-21T05:00:00Z,5.45,5.53,5.45,5.52,6052,39,5.50232
2021-12-22T05:00:00Z,5.5691,5.605,5.472,5.56,158686,228,5.50271
2021-12-23T05:00:00Z,5.6,5.6,5.465,5.5,168202,722,5.50999
2021-12-27T05:00:00Z,5.5,5.59,5.5,5.53,18418,73,5.51424
2021-12-28T05:00:00Z,5.54,5.54,5.4684,5.49,12646,39,5.50018
2021-12-29T05:00:00Z,5.5,5.5,5.44,5.44,19528,69,5.48046
2021-12-30T05:00:00Z,5.45,5.49,5.44,5.44,5904,48,5.48107
2021-12-31T05:00:00Z,5.47,5.48,5.44,5.48,1856,26,5.45071
2022-01-03T05:00:00Z,5.46,5.46,5.38,5.38,5816,50,5.43554
2022-01-04T05:00:00Z,5.44,5.45,5.39,5.4,2312,50,5.4331
2022-01-05T05:00:00Z,5.3,5.3,5.2,5.29,9508,134,5.25667
2022-01-06T05:00:00Z,5.2114,5.3699,5.2114,5.26,1398,33,5.30089
2022-01-07T05:00:00Z,5.24,5.29,5.1811,5.245,4192,35,5.23196
2022-01-10T05:00:00Z,5.27,5.27,5.2,5.2,2132,38,5.25458
2022-01-11T05:00:00Z,5.21,5.31,5.21,5.31,15140,151,5.2341
2022-01-12T05:00:00Z,5.33,5.34,5.28,5.34,4260,149,5.31037
2022-01-13T05:00:00Z,5.38,5.4,5.34,5.35,99230,202,5.39282
2022-01-14T05:00:00Z,5.35,5.4,5.26,5.34,27437,289,5.3464
2022-01-18T05:00:00Z,5.28,5.44,5.2445,5.36,7397,162,5.33533
2022-01-19T05:00:00Z,5.293,5.32,5.235,5.32,7315,148,5.28766
2022-01-20T05:00:00Z,5.27,5.36,5.27,5.35,5156,46,5.31789
2022-01-21T05:00:00Z,5.42,5.42,5.29,5.33,15578,105,5.34127
2022-01-24T05:00:00Z,5.3,5.32,5.26,5.26,1967,19,5.27334
2022-01-25T05:00:00Z,5.3796,5.3796,5.21,5.21,9220,142,5.25969
2022-01-26T05:00:00Z,5.245,5.2668,5.21,5.23,16716,63,5.23288
2022-01-27T05:00:00Z,5.26,5.3,5.2,5.2,8923,172,5.23398
2022-01-28T05:00:00Z,5.25,5.36,5.17,5.2,33077,88,5.24029
2022-01-31T05:00:00Z,5.18,5.24,5.18,5.2,7159,90,5.20477
2022-02-01T05:00:00Z,5.2,5.3,5.1808,5.3,4060,198,5.21335
2022-02-02T05:00:00Z,5.24,5.3,5.18,5.3,5806,52,5.2248
2022-02-03T05:00:00Z,5.24,5.24,5.19,5.2,12083,140,5.20289
2022-02-04T05:00:00Z,5.17,5.26,5.17,5.26,905,18,5.23002
2022-02-07T05:00:00Z,5.1504,5.28,5.1504,5.23,2457,27,5.2293
2022-02-08T05:00:00Z,5.27,5.27,5.22,5.24,597,14,5.245
2022-02-09T05:00:00Z,5.23,5.25,5.17,5.21,1426,24,5.21804
2022-02-10T05:00:00Z,5.21,5.25,5.21,5.21,723,14,5.218
2022-02-11T05:00:00Z,5.205,5.205,5.15,5.17,2666,57,5.17358
2022-02-14T05:00:00Z,5.29,5.29,5.0794,5.18,11331,104,5.16676
2022-02-15T05:00:00Z,5.18,5.3,5.17,5.24,2036,54,5.21357
2022-02-16T05:00:00Z,5.17,5.2029,5.17,5.2029,562,16,5.18645
2022-02-17T05:00:00Z,5.2,5.2898,5.19,5.269,3580,50,5.2265
2022-02-18T05:00:00Z,5.25,5.2999,5.22,5.23,3538,26,5.25093
2022-02-22T05:00:00Z,5.18,5.23,5.12,5.17,4834,74,5.15099
2022-02-23T05:00:00Z,5.25,5.25,5.125,5.14,4904,65,5.18017
2022-02-24T05:00:00Z,5.1364,5.2157,5.05,5.1672,4197,60,5.16734
2022-02-25T05:00:00Z,5.12,5.16,5.1,5.1,3819,81,5.12071
2022-02-28T05:00:00Z,5.06,5.2,5.06,5.08,10900,83,5.1007
2022-03-01T05:00:00Z,5.08,5.65,5.08,5.6,23974,193,5.4352
2022-03-02T05:00:00Z,5.6,5.65,5.56,5.6,7360,258,5.6071
2022-03-03T05:00:00Z,5.58,5.6427,5.58,5.6,7749,70,5.618
2022-03-04T05:00:00Z,5.55,5.55,5.4307,5.5,29905,75,5.49548
2022-03-07T05:00:00Z,5.5,5.55,5.33,5.39,41195,276,5.43877
2022-03-08T05:00:00Z,5.38,5.38,5.35,5.35,532,16,5.35581
2022-03-09T05:00:00Z,5.4298,5.55,5.4008,5.55,8977,64,5.45515
2022-03-10T05:00:00Z,5.53,5.6494,5.5,5.55,10379,102,5.539
2022-03-11T05:00:00Z,5.58,5.58,5.4727,5.51,15365,84,5.5008
2022-03-14T04:00:00Z,5.5229,5.58,5.51,5.51,5731,58,5.53701
2022-03-15T04:00:00Z,5.51,5.5671,5.47,5.47,20604,112,5.50629
2022-03-16T04:00:00Z,5.5,5.55,5.4,5.5,29710,145,5.49711
2022-03-17T04:00:00Z,5.51,5.6,5.34,5.45,45161,189,5.47158
2022-03-18T04:00:00Z,5.5,5.502,5.33,5.45,66887,143,5.45463
2022-03-21T04:00:00Z,5.5,5.5793,5.5,5.51,32626,174,5.52732
2022-03-22T04:00:00Z,5.58,5.58,5.44,5.5,22442,139,5.50392
2022-03-23T04:00:00Z,5.5,5.57,5.46,5.5,19925,90,5.49738
2022-03-24T04:00:00Z,5.5411,5.5414,5.48,5.5,17642,76,5.50552
2022-03-25T04:00:00Z,5.5,5.53,5.46,5.46,16849,92,5.48824
2022-03-28T04:00:00Z,5.5,5.54,5.46,5.48,19036,113,5.49837
2022-03-29T04:00:00Z,5.51,5.58,5.48,5.53,21067,114,5.51759
2022-03-30T04:00:00Z,5.53,5.53,5.465,5.51,23691,78,5.50247
2022-03-31T04:00:00Z,5.5,5.5415,5.495,5.5,48487,169,5.50151
2022-04-01T04:00:00Z,5.56,5.65,5.55,5.56,18149,151,5.57482
2022-04-04T04:00:00Z,5.54,5.6423,5.54,5.57,12794,70,5.58204
2022-04-05T04:00:00Z,5.5834,5.5834,5.47,5.47,5169,88,5.51821
2022-04-06T04:00:00Z,5.47,5.5,5.4,5.46,11953,136,5.45204
2022-04-07T04:00:00Z,5.5004,5.515,5.45,5.45,2865,83,5.46853
2022-04-08T04:00:00Z,5.49,5.49,5.36,5.39,15489,140,5.41436
2022-04-11T04:00:00Z,5.35,5.35,5.23,5.23,12612,98,5.28153
2022-04-12T04:00:00Z,5.32,5.32,5.18,5.1958,5415,48,5.24094
2022-04-13T04:00:00Z,5.21,5.3,5.13,5.27,8074,163,5.23888
2022-04-14T04:00:00Z,5.35,5.3673,5.25,5.36,4756,37,5.32818
2022-04-18T04:00:00Z,5.29,5.37,5.29,5.34,2718,27,5.33214
2022-04-19T04:00:00Z,5.41,5.4482,5.34,5.43,13634,92,5.39249
2022-04-20T04:00:00Z,5.4153,5.42,5.37,5.37,1568,30,5.4013
2022-04-21T04:00:00Z,5.4399,5.4399,5.3,5.35,8085,41,5.3631
2022-04-22T04:00:00Z,5.3,5.315,5.28,5.295,3048,67,5.30018
2022-04-25T04:00:00Z,5.35,5.48,5.25,5.41,14179,117,5.34502
2022-04-26T04:00:00Z,5.37,5.48,5.31,5.45,7069,101,5.40601
2022-04-27T04:00:00Z,5.47,5.5,5.42,5.49,5755,84,5.46822
2022-04-28T04:00:00Z,5.45,5.74,5.45,5.7,9124,112,5.65172
2022-04-29T04:00:00Z,5.63,5.68,5.6,5.63,10089,105,5.63225
2022-05-02T04:00:00Z,5.57,5.68,5.57,5.66,10345,109,5.65294
2022-05-03T04:00:00Z,5.7,5.7,5.65,5.65,5508,92,5.67007
2022-05-04T04:00:00Z,5.6501,5.7,5.62,5.65,10113,101,5.64787
2022-05-05T04:00:00Z,5.57,5.63,5.55,5.6,3323,36,5.5955
2022-05-06T04:00:00Z,5.6499,5.6499,5.53,5.54,11440,153,5.55943
2022-05-09T04:00:00Z,5.45,5.5,5.25,5.48,15422,170,5.39246
2022-05-10T04:00:00Z,5.45,5.455,5.44,5.44,1347,40,5.44742
2022-05-11T04:00:00Z,5.41,5.4601,5.37,5.3955,16903,84,5.43777
2022-05-12T04:00:00Z,5.4,5.44,5.21,5.41,23527,91,5.35822
2022-05-13T04:00:00Z,5.41,5.42,5.365,5.4,14895,63,5.40625
2022-05-16T04:00:00Z,5.36,5.4,5.36,5.39,11875,90,5.39718
2022-05-17T04:00:00Z,5.4,5.4,5.31,5.35,20176,108,5.37871
2022-05-18T04:00:00Z,5.39,5.4,5.35,5.35,27107,90,5.36249
2022-05-19T04:00:00Z,5.36,5.3918,5.33,5.38,2273,174,5.3568
2022-05-20T04:00:00Z,5.34,5.39,5.3,5.32,20762,125,5.31305
2022-05-23T04:00:00Z,5.3862,5.39,5.38,5.39,4475,81,5.38716
2022-05-24T04:00:00Z,5.4,5.4,5.33,5.36,21864,102,5.3871
2022-05-25T04:00:00Z,5.38,5.4,5.38,5.391,2752,83,5.38835
2022-05-26T04:00:00Z,5.3999,5.4,5.33,5.33,28819,112,5.39589
2022-05-27T04:00:00Z,5.37,5.39,5.37,5.39,15663,161,5.38809
2022-05-31T04:00:00Z,5.345,5.4,5.345,5.4,17005,264,5.38947
2022-06-01T04:00:00Z,5.4,5.4,5.33,5.35,24981,180,5.36337
2022-06-02T04:00:00Z,5.38,5.4,5.38,5.4,73049,315,5.39873
2022-06-03T04:00:00Z,5.4,5.4,5.39,5.4,28066,293,5.39732
2022-06-06T04:00:00Z,5.39,5.4,5.36,5.4,22019,149,5.39508
2022-06-07T04:00:00Z,5.32,5.4,5.26,5.39,23458,425,5.38072
2022-06-08T04:00:00Z,5.4,5.4,5.3,5.33,38142,315,5.36545
2022-06-09T04:00:00Z,5.34,5.35,5.3,5.3,34910,246,5.34579
2022-06-10T04:00:00Z,5.315,5.33,5.25,5.25,18368,235,5.29413
2022-06-13T04:00:00Z,5.25,5.33,5.25,5.26,10163,196,5.27246
2022-06-14T04:00:00Z,5.25,5.3322,5.21,5.26,26187,210,5.27578
2022-06-15T04:00:00Z,5.32,5.35,5.3,5.3,22770,204,5.31062
2022-06-16T04:00:00Z,5.3,5.35,5.3,5.3,34047,182,5.31101
2022-06-17T04:00:00Z,5.3,5.38,5.3,5.35,121442,161,5.34839
2022-06-21T04:00:00Z,5.35,5.35,5.15,5.15,79909,264,5.24613
2022-06-22T04:00:00Z,5.15,5.3112,5.15,5.16,68234,198,5.19812
2022-06-23T04:00:00Z,5.18,5.39,5.18,5.33,67768,394,5.32804
2022-06-24T04:00:00Z,5.35,5.36,5.31,5.35,15793,94,5.34976
2022-06-27T04:00:00Z,5.4,5.51,5.3863,5.5,22032,148,5.41222
2022-06-28T04:00:00Z,5.55,5.69,5.55,5.63,14677,124,5.65117
2022-06-29T04:00:00Z,5.68,5.68,5.625,5.66,29866,89,5.66293
2022-06-30T04:00:00Z,5.6061,5.7,5.6061,5.7,45831,163,5.67151
2022-07-01T04:00:00Z,5.63,5.7,5.63,5.69,12739,156,5.68852
2022-07-05T04:00:00Z,5.6742,6.1,5.65,6.05,46218,311,5.82868
2022-07-06T04:00:00Z,6.12,6.24,6.05,6.21,17568,156,6.19962
2022-07-07T04:00:00Z,6.27,6.27,6.15,6.19,9587,131,6.19928
2022-07-08T04:00:00Z,6.18,6.27,6.1701,6.24,6375,106,6.21714
2022-07-11T04:00:00Z,6.2664,6.2664,6.16,6.22,6164,106,6.202
2022-07-12T04:00:00Z,6.275,6.275,6.02,6.04,8537,137,6.07412
2022-07-13T04:00:00Z,5.74,6.07,5.74,6.0494,4266,49,5.92681
2022-07-14T04:00:00Z,5.9,5.96,5.81,5.96,10530,123,5.86328
2022-07-15T04:00:00Z,5.9792,5.99,5.95,5.99,1984,36,5.97383
2022-07-18T04:00:00Z,6.03,6.08,6,6.01,11304,106,6.01492
2022-07-19T04:00:00Z,5.82,6.09,5.82,6.07,23477,94,5.9372
2022-07-20T04:00:00Z,5.93,6.08,5.93,6.02,2592,96,6.01859
2022-07-21T04:00:00Z,6.055,6.09,5.9901,6.03,2777,66,6.05411
2022-07-22T04:00:00Z,6.05,6.0501,5.97,6,11073,103,6.00445
2022-07-25T04:00:00Z,5.95,6.0998,5.95,6.05,1595,72,6.02719
2022-07-26T04:00:00Z,6.11,6.1517,6.06,6.08,2751,147,6.10734
2022-07-27T04:00:00Z,6.17,6.2,6,6.1,7794,131,6.08582
2022-07-28T04:00:00Z,6.08,6.11,6.01,6.07,4659,124,6.04735
2022-07-29T04:00:00Z,6.13,6.25,6.03,6.08,9692,129,6.15964
2022-08-01T04:00:00Z,6.03,6.09,6.02,6.06,4086,78,6.06128
2022-08-02T04:00:00Z,6.13,6.32,6.1,6.32,10482,129,6.28235
2022-08-03T04:00:00Z,6.24,6.33,6.23,6.24,2310,85,6.24892
2022-08-04T04:00:00Z,6.34,6.34,6.13,6.26,3187,69,6.25896
2022-08-05T04:00:00Z,6.3,7.4,6.3,7.26,60244,295,6.9698
2022-08-08T04:00:00Z,7.35,8.18,7.32,7.49,37742,277,7.60422
2022-08-09T04:00:00Z,7.67,7.67,7.26,7.46,8580,163,7.5
2022-08-10T04:00:00Z,7.5,7.5999,7.34,7.5999,18454,126,7.47764
2022-08-11T04:00:00Z,7.49,7.6,7.42,7.52,3152,72,7.53955
2022-08-12T04:00:00Z,7.564,7.5799,7.43,7.43,3493,77,7.51759
2022-08-15T04:00:00Z,7.3,7.59,7.3,7.59,5206,120,7.50794
2022-08-16T04:00:00Z,7.4,7.55,7.07,7.45,19305,241,7.43609
2022-08-17T04:00:00Z,7.35,7.445,7.31,7.39,3637,130,7.40374
2022-08-18T04:00:00Z,7.36,7.46,7.36,7.39,4138,120,7.40893
2022-08-19T04:00:00Z,7.36,7.4122,7.3,7.41,3709,108,7.37877
2022-08-22T04:00:00Z,7.42,7.45,7.31,7.31,6823,130,7.37695
2022-08-23T04:00:00Z,7.31,7.34,7.12,7.285,10963,129,7.23849
2022-08-24T04:00:00Z,7.28,7.34,7.2,7.2,1422,71,7.264
2022-08-25T04:00:00Z,7.26,7.3444,7.2,7.2,2986,108,7.239
2022-08-26T04:00:00Z,7.18,7.2,7.1,7.1,20137,253,7.12301
2022-08-29T04:00:00Z,7.1,7.18,7.1,7.1,5729,105,7.10972
2022-08-30T04:00:00Z,7.1,7.124,6.95,7.08,21976,269,7.05477
2022-08-31T04:00:00Z,7,7.15,6.96,7,6154,149,7.02791
2022-09-01T04:00:00Z,6.95,6.98,6.8,6.93,12869,257,6.89682
2022-09-02T04:00:00Z,6.83,6.86,6.6484,6.78,43407,459,6.7852
2022-09-06T04:00:00Z,6.68,6.801,6.55,6.65,18356,416,6.63595
2022-09-07T04:00:00Z,6.62,6.7,6.6,6.63,9673,221,6.62914
2022-09-08T04:00:00Z,6.6,6.6,6.5,6.55,15286,282,6.55032
2022-09-09T04:00:00Z,6.53,6.62,6.5,6.6,9306,257,6.58163
2022-09-12T04:00:00Z,6.565,6.565,6.43,6.45,15868,306,6.46757
2022-09-13T04:00:00Z,6.41,6.55,6.31,6.34,6183,252,6.40367
2022-09-14T04:00:00Z,6.1,6.6,5.9,6.54,40089,359,6.41716
2022-09-15T04:00:00Z,6.4671,7.05,6.4671,7.05,43152,412,6.95585
2022-09-16T04:00:00Z,7.07,7.7,6.97,7.61,182730,321,7.56589
2022-09-19T04:00:00Z,7.6,7.91,7.415,7.81,77075,459,7.736
2022-09-20T04:00:00Z,7.69,7.88,7.45,7.76,80130,294,7.68293
2022-09-21T04:00:00Z,7.81,7.81,7.52,7.68,10246,126,7.63073
2022-09-22T04:00:00Z,7.86,7.86,7.24,7.6,23462,338,7.58699
2022-09-23T04:00:00Z,7.68,7.68,6.69,7.32,37759,443,7.21398
2022-09-26T04:00:00Z,7.1527,7.6004,6.54,7.29,39210,548,7.0295
2022-09-27T04:00:00Z,7.49,7.49,7.14,7.14,6178,88,7.21417
2022-09-28T04:00:00Z,7.18,7.18,6.91,6.94,15515,157,7.0138
2022-09-29T04:00:00Z,6.83,7.12,6.83,6.97,9490,165,7.00673
2022-09-30T04:00:00Z,7.11,7.11,6.8827,6.94,15834,305,6.93632
2022-10-03T04:00:00Z,7.12,7.14,6.9,7,5657,124,7.04023
2022-10-04T04:00:00Z,6.99,7.05,6.67,6.67,11205,364,6.83003
2022-10-05T04:00:00Z,6.74,6.75,6.47,6.47,9979,194,6.6515
2022-10-06T04:00:00Z,6.44,6.53,6.03,6.13,23646,387,6.28163
2022-10-07T04:00:00Z,6.17,6.3,6.05,6.05,9780,93,6.16714
2022-10-10T04:00:00Z,6.0287,6.11,6.0287,6.03,3781,158,6.05869
2022-10-11T04:00:00Z,6.1336,6.1336,5.88,5.88,10575,147,5.99108
2022-10-12T04:00:00Z,5.88,6,5.77,6,9236,120,5.94613
2022-10-13T04:00:00Z,5.8901,6.2,5.85,6.19,14240,207,6.03731
2022-10-14T04:00:00Z,6.11,6.12,5.8775,6.005,6045,86,5.97385
2022-10-17T04:00:00Z,6.05,6.505,6,6.35,37219,651,6.24192
2022-10-18T04:00:00Z,6.27,7.09,6.1697,6.58,21690,437,6.62168
2022-10-19T04:00:00Z,6.3999,6.82,6.19,6.74,22206,455,6.59873
2022-10-20T04:00:00Z,6.73,6.8961,6.355,6.6765,19060,354,6.67736
2022-10-21T04:00:00Z,6.68,7.14,6.4,6.6,53746,1086,6.70887
2022-10-24T04:00:00Z,6.5287,6.595,6.4,6.595,2654,57,6.50877
2022-10-25T04:00:00Z,6.59,6.59,6.38,6.5,7747,141,6.47105
2022-10-26T04:00:00Z,6.37,6.89,6.01,6.6,30351,427,6.41417
2022-10-27T04:00:00Z,6.52,6.75,6.4572,6.75,9167,122,6.54715
2022-10-28T04:00:00Z,6.55,6.8699,6.55,6.8585,2410,53,6.70276
2022-10-31T04:00:00Z,6.73,7,6.68,6.85,213147,134,6.84952
2022-11-01T04:00:00Z,6.67,6.8891,6.67,6.79,5691,81,6.81886
2022-11-02T04:00:00Z,6.98,7.03,6.89,6.93,22368,186,6.98171
2022-11-03T04:00:00Z,6.84,6.95,6.77,6.94,5280,73,6.87336
2022-11-04T04:00:00Z,7,7.06,6.94,6.97,8978,95,6.99363
2022-11-07T05:00:00Z,6.94,7.0526,6.94,7.0526,8377,183,6.99625
2022-11-08T05:00:00Z,7.02,7.14,6.975,7.14,8805,105,7.03966
2022-11-09T05:00:00Z,7.03,7.095,6.9902,7,5840,139,7.02162
2022-11-10T05:00:00Z,7.05,7.05,6.79,7.05,20115,202,6.94495
2022-11-11T05:00:00Z,6.81,7.05,6.81,7,8593,139,6.97379
2022-11-14T05:00:00Z,6.9,6.96,6.8,6.87,3581,49,6.89361
2022-11-15T05:00:00Z,6.98,7.11,6.87,7.11,3841,75,6.99578
2022-11-16T05:00:00Z,7.04,7.25,6.85,7.21,119972,211,7.20485
2022-11-17T05:00:00Z,7.18,7.18,6.96,6.96,4072,61,7.12776
2022-11-18T05:00:00Z,7.09,7.175,6.98,7.15,7677,119,7.10539
2022-11-21T05:00:00Z,7.1857,7.1857,7.1,7.12,11219,172,7.14574
2022-11-22T05:00:00Z,7.147,7.28,7,7.1,11866,102,7.13457
2022-11-23T05:00:00Z,7.15,7.15,7.05,7.05,1266,39,7.10082
2022-11-25T05:00:00Z,7.12,7.18,7.12,7.18,517,23,7.1538
2022-11-28T05:00:00Z,7.2736,7.2736,7.1,7.24,5854,77,7.18817
2022-11-29T05:00:00Z,7.39,7.44,7.2,7.3,12151,105,7.37444
2022-11-30T05:00:00Z,7.445,7.445,7.2,7.3,15383,150,7.27329
2022-12-01T05:00:00Z,7.22,7.2973,7.2,7.25,3343,51,7.24355
2022-12-02T05:00:00Z,7.25,7.28,7.165,7.25,15102,157,7.23978
2022-12-05T05:00:00Z,7.19,7.28,7.19,7.28,1471,79,7.23982
2022-12-06T05:00:00Z,7.19,7.29,7.05,7.28,10969,127,7.16074
2022-12-07T05:00:00Z,7.2,7.25,7.04,7.18,28813,353,7.1213
2022-12-08T05:00:00Z,7.15,7.25,6.9372,7.14,18820,231,7.12314
2022-12-09T05:00:00Z,7.05,7.2399,7.05,7.1,1573,63,7.12446
2022-12-12T05:00:00Z,7.12,7.25,7.0725,7.2383,30003,232,7.10594
2022-12-13T05:00:00Z,7.2,7.25,7.16,7.25,6958,89,7.22513
2022-12-14T05:00:00Z,7.25,7.3,7.12,7.3,27195,230,7.25785
2022-12-15T05:00:00Z,7.36,7.36,7.19,7.25,1612,41,7.30841
2022-12-16T05:00:00Z,7.29,7.29,7.02,7.25,45836,187,7.20786
2022-12-19T05:00:00Z,7.19,7.24,7.08,7.12,17237,177,7.12112
2022-12-20T05:00:00Z,7.17,7.49,7.17,7.25,18143,178,7.26325
2022-12-21T05:00:00Z,7.26,7.26,7.2,7.2,5657,106,7.22189
2022-12-22T05:00:00Z,7.2,7.24,7.14,7.23,3094,69,7.18043
2022-12-23T05:00:00Z,7.18,7.48,7.18,7.41,28546,263,7.33728
2022-12-27T05:00:00Z,7.49,8.6,7.487,8.08,124368,811,8.13926
2022-12-28T05:00:00Z,8.22,8.3873,7.99,8,41284,262,8.03974
2022-12-29T05:00:00Z,8.01,8.2,7.81,7.85,32916,371,7.96655
2022-12-30T05:00:00Z,7.85,8,7.84,7.93,7909,138,7.94203
2023-01-03T05:00:00Z,7.94,8.2136,7.825,7.92,25584,272,7.96644
2023-01-04T05:00:00Z,8.03,8.065,7.78,7.86,17608,308,7.92628
2023-01-05T05:00:00Z,7.94,7.94,7.85,7.85,13891,249,7.86934
2023-01-06T05:00:00Z,8,8,7.8,7.94,23909,357,7.88848
2023-01-09T05:00:00Z,7.95,8.1201,7.91,7.91,206923,522,7.98904
2023-01-10T05:00:00Z,8.02,8.02,7.855,7.89,16328,294,7.92237
2023-01-11T05:00:00Z,8.02,8.02,7.92,7.95,65340,436,7.98256
2023-01-12T05:00:00Z,8.02,8.2999,7.95,8.06,76690,685,8.1515
2023-01-13T05:00:00Z,8.12,8.25,8.1,8.17,22909,237,8.1838
2023-01-17T05:00:00Z,8.24,8.29,8.1342,8.18,34049,315,8.20222
2023-01-18T05:00:00Z,8.24,8.28,8.03,8.06,21579,237,8.14023
2023-01-19T05:00:00Z,8.11,8.14,7.96,8.09,16728,424,8.03888
2023-01-20T05:00:00Z,8.15,8.2,8.04,8.2,21484,262,8.15203
2023-01-23T05:00:00Z,8.2,8.2,8.02,8.1,12128,199,8.12811
2023-01-24T05:00:00Z,8,8.15,7.77,8.12,35058,306,8.10264
2023-01-25T05:00:00Z,8.01,8.1,8.01,8.07,7299,120,8.06101
2023-01-26T05:00:00Z,8.055,8.1349,8.055,8.06,5109,146,8.08605
2023-01-27T05:00:00Z,8.04,8.1,8.0128,8.05,8442,175,8.03347
2023-01-30T05:00:00Z,8.14,8.15,8,8,38155,181,8.03045
2023-01-31T05:00:00Z,8.1,8.35,8.08,8.3,67774,475,8.23126
2023-02-01T05:00:00Z,8.3,8.343,8.2,8.24,65555,461,8.24883
2023-02-02T05:00:00Z,8.19,8.45,8.19,8.29,96740,401,8.31278
2023-02-03T05:00:00Z,8.32,8.5,8.32,8.39,58120,501,8.42021
2023-02-06T05:00:00Z,8.57,8.69,8.39,8.68,142714,915,8.532
2023-02-07T05:00:00Z,8.71,9.1,8.71,9.01,161611,735,8.94727
2023-02-08T05:00:00Z,9.01,9.1199,9.01,9.09,212638,319,9.098
2023-02-09T05:00:00Z,9.1,9.8675,9.1,9.72,99927,648,9.48665
2023-02-10T05:00:00Z,9.83,9.83,9.1082,9.26,63352,471,9.45521
2023-02-13T05:00:00Z,9.3,9.3,8.78,9,53247,622,9.03335
2023-02-14T05:00:00Z,8.9,9.1,8.7125,8.75,79510,847,8.87728
2023-02-15T05:00:00Z,8.72,9.01,8.52,8.96,40853,474,8.76991
2023-02-16T05:00:00Z,8.97,9.0801,8.82,8.98,20307,444,8.96345
2023-02-17T05:00:00Z,8.87,9.1399,8.87,9.12,24475,465,9.01825
2023-02-21T05:00:00Z,9.17,9.6,9.15,9.4,68288,686,9.42745
2023-02-22T05:00:00Z,9.5,9.62,9.42,9.62,40636,491,9.5136
2023-02-23T05:00:00Z,9.67,9.75,9.5799,9.72,39093,420,9.69815
2023-02-24T05:00:00Z,9.75,9.76,9.43,9.48,58600,536,9.64355
2023-02-27T05:00:00Z,9.49,9.55,9.0101,9.21,105836,869,9.20994
2023-02-28T05:00:00Z,9.39,9.663,9.39,9.51,18513,426,9.53133
2023-03-01T05:00:00Z,9.55,9.74,9.4,9.53,33298,509,9.54608
2023-03-02T05:00:00Z,9.54,9.65,9.5,9.65,37438,463,9.57439
2023-03-03T05:00:00Z,9.68,10.1,9.68,10.05,156996,849,9.97661
2023-03-06T05:00:00Z,10.4,10.4,9.54,9.99,30550,493,9.89731
2023-03-07T05:00:00Z,9.87,10.1,9.85,10.05,27094,624,9.96092
2023-03-08T05:00:00Z,10.01,10.29,9.99,10.27,66663,568,10.1222
2023-03-09T05:00:00Z,10.28,10.6,10.0035,10.14,81569,742,10.1935
2023-03-10T05:00:00Z,9.97,9.97,9.14,9.79,85732,950,9.5513
2023-03-13T04:00:00Z,9.7,9.7,8.89,8.92,155864,1439,9.03309
2023-03-14T04:00:00Z,8.96,9.1209,8.71,8.8,237931,1352,8.98452
2023-03-15T04:00:00Z,8.67,8.87,8.39,8.76,68700,1039,8.66695
2023-03-16T04:00:00Z,8.75,9.16,8.64,9.08,89320,1193,8.98973
2023-03-17T04:00:00Z,9.08,9.135,8.4,8.69,220572,1506,8.65247
2023-03-20T04:00:00Z,8.72,9.13,8.54,9.01,70095,1068,8.93557
2023-03-21T04:00:00Z,9,9.16,8.755,8.93,70155,958,8.95683
2023-03-22T04:00:00Z,9.14,9.26,8.96,8.99,104540,1016,9.15491
2023-03-23T04:00:00Z,8.99,9.15,8.83,8.83,112858,1140,8.9583
2023-03-24T04:00:00Z,8.64,9.14,8.64,8.98,79492,1098,9.02969
2023-03-27T04:00:00Z,8.88,8.94,8.6,8.6,66467,1028,8.80236
2023-03-28T04:00:00Z,8.6,8.71,8.55,8.66,25174,548,8.67367
2023-03-29T04:00:00Z,8.68,8.78,8.65,8.69,43685,689,8.70203
2023-03-30T04:00:00Z,8.8,8.93,8.73,8.9,36783,589,8.86066
2023-03-31T04:00:00Z,8.89,9.05,8.81,8.81,21645,629,8.91526
2023-04-03T04:00:00Z,8.79,8.79,8.4601,8.66,55649,858,8.62131
2023-04-04T04:00:00Z,8.85,8.86,8.57,8.66,43884,688,8.73076
2023-04-05T04:00:00Z,8.68,8.78,8.61,8.7,39979,533,8.67881
2023-04-06T04:00:00Z,8.73,8.75,8.67,8.74,42301,405,8.71526
2023-04-10T04:00:00Z,8.74,9.03,8.66,8.95,75455,816,8.8601
2023-04-11T04:00:00Z,8.89,8.9689,8.8,8.8,47596,478,8.89599
2023-04-12T04:00:00Z,8.8,8.845,8.65,8.67,19953,993,8.71092
2023-04-13T04:00:00Z,8.6,8.68,8.56,8.56,24810,375,8.60679
2023-04-14T04:00:00Z,8.6,8.6713,8.455,8.51,46866,712,8.50062
2023-04-17T04:00:00Z,8.45,8.59,8.43,8.57,44019,557,8.50829
2023-04-18T04:00:00Z,8.56,8.5857,8.51,8.52,35525,370,8.55314
2023-04-19T04:00:00Z,8.51,8.7,8.4,8.42,15584,318,8.46974
2023-04-20T04:00:00Z,8.42,8.68,8.25,8.25,39787,577,8.32341
2023-04-21T04:00:00Z,8.23,8.25,8,8.09,66234,912,8.08688
2023-04-24T04:00:00Z,8.2,8.2,8,8.09,31801,687,8.08686
2023-04-25T04:00:00Z,8.05,8.3275,8.0219,8.21,259792,1573,8.21963
2023-04-26T04:00:00Z,8.22,8.38,8.03,8.16,160300,1166,8.22847
2023-04-27T04:00:00Z,8.2,8.76,8.2,8.65,207963,1400,8.40522
2023-04-28T04:00:00Z,8.58,8.795,8.58,8.68,49712,673,8.72211
2023-05-01T04:00:00Z,8.75,8.75,8.53,8.57,44937,652,8.65169
2023-05-02T04:00:00Z,8.55,8.55,8.25,8.39,25013,663,8.39363
2023-05-03T04:00:00Z,8.355,8.9,8.33,8.77,68830,941,8.70627
2023-05-04T04:00:00Z,8.85,8.85,8.42,8.48,27184,414,8.58963
2023-05-05T04:00:00Z,8.48,8.63,8.4,8.59,34271,503,8.4952
2023-05-08T04:00:00Z,8.63,8.86,8.55,8.82,28403,487,8.75481
2023-05-09T04:00:00Z,8.735,8.82,8.455,8.53,49468,559,8.6334
2023-05-10T04:00:00Z,8.87,8.87,8.34,8.37,27279,378,8.51964
2023-05-11T04:00:00Z,8.6099,8.6099,8.3491,8.41,14043,387,8.44863
2023-05-12T04:00:00Z,8.535,8.55,8.44,8.48,11820,324,8.49128
2023-05-15T04:00:00Z,8.4478,8.5,8.32,8.32,12954,402,8.39992
2023-05-16T04:00:00Z,8.35,8.435,8.01,8.11,99336,1167,8.19571
2023-05-17T04:00:00Z,8.1,8.52,8.0521,8.48,96250,861,8.2639
2023-05-18T04:00:00Z,8.45,8.52,8.28,8.36,18378,389,8.37551
2023-05-19T04:00:00Z,8.35,8.5384,8.33,8.39,42599,653,8.39989
2023-05-22T04:00:00Z,8.45,8.63,8.2745,8.57,54207,874,8.58033
2023-05-23T04:00:00Z,8.63,8.98,8.53,8.75,201678,1684,8.76233
2023-05-24T04:00:00Z,8.89,8.89,8.45,8.57,99566,976,8.67228
2023-05-25T04:00:00Z,8.6,8.6322,8.35,8.36,22757,437,8.42595
2023-05-26T04:00:00Z,8.37,8.432,8.1,8.13,54294,745,8.23825
2023-05-30T04:00:00Z,8.2,8.3421,8.1,8.16,31546,545,8.18153
2023-05-31T04:00:00Z,8.1,8.49,8.08,8.29,72704,903,8.24613
2023-06-01T04:00:00Z,8.38,8.84,8.31,8.64,62566,1215,8.61239
2023-06-02T04:00:00Z,8.7331,9.06,8.64,8.86,435883,1000,8.85809
2023-06-05T04:00:00Z,8.92,9.1,8.825,9.05,163517,852,9.00339
2023-06-06T04:00:00Z,9.12,9.12,8.89,9.02,102406,738,9.01713
2023-06-07T04:00:00Z,8.98,9.06,8.83,8.99,29899,715,8.96986
2023-06-08T04:00:00Z,8.87,9.08,8.8,8.89,41294,876,8.89722
2023-06-09T04:00:00Z,8.92,9.16,8.9,9.16,40314,914,9.07815
2023-06-12T04:00:00Z,9.1,9.12,8.6,8.65,161780,1098,8.89468
2023-06-13T04:00:00Z,8.68,8.69,8.37,8.41,161486,1403,8.54548
2023-06-14T04:00:00Z,8.56,8.56,8.29,8.34,67906,947,8.35311
2023-06-15T04:00:00Z,8.36,8.7,8.32,8.7,62995,916,8.58533
2023-06-16T04:00:00Z,8.7474,8.8,8.52,8.74,172505,1138,8.69217
2023-06-20T04:00:00Z,8.61,9.015,8.61,8.83,186057,1349,8.88468
2023-06-21T04:00:00Z,8.75,8.86,8.675,8.75,69141,1132,8.73528
2023-06-22T04:00:00Z,8.66,8.75,8.61,8.69,55632,953,8.6638
2023-06-23T04:00:00Z,8.6,8.85,8.21,8.39,1181928,2215,8.40085
2023-06-26T04:00:00Z,8.29,8.535,8.29,8.48,42156,904,8.44113
2023-06-27T04:00:00Z,8.505,8.68,8.505,8.64,74437,1084,8.61496
2023-06-28T04:00:00Z,8.64,8.64,8.33,8.4,62353,839,8.40703
2023-06-29T04:00:00Z,8.4,8.45,8.305,8.35,48406,1008,8.3683
2023-06-30T04:00:00Z,8.35,8.37,8.1,8.15,65544,661,8.18771
2023-07-03T04:00:00Z,8.18,8.18,7.98,8.12,101753,822,8.01704
2023-07-05T04:00:00Z,8.18,8.23,8.02,8.08,34832,912,8.10986
2023-07-06T04:00:00Z,8.07,8.14,8,8.07,49105,1016,8.0747
2023-07-07T04:00:00Z,8.01,8.115,7.97,8.04,72220,925,8.0426
2023-07-10T04:00:00Z,8.06,8.1,8,8.01,41816,521,8.04652
2023-07-11T04:00:00Z,8.05,8.07,8,8.07,37554,457,8.03041
2023-07-12T04:00:00Z,8.12,8.135,8.075,8.12,31068,464,8.10997
2023-07-13T04:00:00Z,8.18,8.19,8.1,8.15,24538,437,8.15009
2023-07-14T04:00:00Z,8.13,8.13,8,8.03,29961,389,8.05167
2023-07-17T04:00:00Z,8,8.17,8,8.08,16378,404,8.1035
2023-07-18T04:00:00Z,8.15,8.18,8.1,8.13,38447,647,8.13259
2023-07-19T04:00:00Z,8.09,8.15,8,8.14,51622,832,8.03228
2023-07-20T04:00:00Z,8.14,8.15,8.01,8.15,44594,816,8.09234
2023-07-21T04:00:00Z,8.13,8.4,8.06,8.33,54681,673,8.22638
2023-07-24T04:00:00Z,8.38,8.4,8.25,8.35,43191,569,8.33195
2023-07-25T04:00:00Z,8.33,8.3499,8.28,8.32,21418,387,8.31862
2023-07-26T04:00:00Z,8.35,8.38,8.288,8.29,24911,516,8.32126
2023-07-27T04:00:00Z,8.35,8.35,8.26,8.32,28724,523,8.29604
2023-07-28T04:00:00Z,8.36,8.48,8.29,8.33,28141,277,8.36268
2023-07-31T04:00:00Z,8.345,8.41,8.19,8.37,64814,645,8.31756
2023-08-01T04:00:00Z,8.4,8.4,8.07,8.17,58235,1046,8.18468
2023-08-02T04:00:00Z,8.09,8.17,7.81,7.89,494382,2164,7.94847
2023-08-03T04:00:00Z,7.9,8.09,7.84,7.99,160953,1230,7.94646
2023-08-04T04:00:00Z,8.015,8.18,7.99,8.13,75196,783,8.10514
2023-08-07T04:00:00Z,8.14,8.42,8.13,8.37,151622,1239,8.32439
2023-08-08T04:00:00Z,8.3,8.37,8.29,8.34,31238,425,8.32575
2023-08-09T04:00:00Z,8.4399,8.44,8.15,8.15,130466,1228,8.22842
2023-08-10T04:00:00Z,8.17,8.27,8.17,8.24,33224,434,8.24122
2023-08-11T04:00:00Z,8.205,8.37,8.175,8.31,75280,691,8.29375
2023-08-14T04:00:00Z,8.285,8.69,8.285,8.5,142544,980,8.47196
2023-08-15T04:00:00Z,8.44,8.779,8.44,8.55,38164,392,8.554
2023-08-16T04:00:00Z,8.6,8.735,8.6,8.63,45861,633,8.67119
2023-08-17T04:00:00Z,8.64,8.6403,8.47,8.53,40058,443,8.52749
2023-08-18T04:00:00Z,8.5,8.72,8.5,8.58,144479,1214,8.60344
2023-08-21T04:00:00Z,8.67,8.854,8.6,8.76,47297,629,8.76923
2023-08-22T04:00:00Z,8.75,8.97,8.64,8.92,83687,951,8.8033
2023-08-23T04:00:00Z,9,9.2299,8.93,9.01,54029,562,9.05278
2023-08-24T04:00:00Z,8.95,9.07,8.75,8.82,126347,999,8.82256
2023-08-25T04:00:00Z,8.875,9.0241,8.875,8.95,15756,281,8.96307
2023-08-28T04:00:00Z,9.025,9.08,8.82,8.85,23450,308,8.88009
2023-08-29T04:00:00Z,8.83,8.9675,8.77,8.82,50779,562,8.85624
2023-08-30T04:00:00Z,8.835,8.92,8.66,8.74,118271,623,8.75671
2023-08-31T04:00:00Z,8.79,8.99,8.79,8.83,60884,547,8.90006
2023-09-01T04:00:00Z,8.965,8.985,8.83,8.83,28835,747,8.87737
2023-09-05T04:00:00Z,8.87,8.87,8.75,8.76,14599,407,8.77315
2023-09-06T04:00:00Z,8.8,8.9,8.76,8.79,26898,577,8.82026
2023-09-07T04:00:00Z,8.84,8.89,8.77,8.79,37844,391,8.81001
2023-09-08T04:00:00Z,8.79,8.81,8.445,8.52,227104,790,8.66927
2023-09-11T04:00:00Z,8.62,8.7,8.5,8.54,147748,1420,8.65711
2023-09-12T04:00:00Z,8.6,8.6,8.44,8.47,27715,412,8.50097
2023-09-13T04:00:00Z,8.5,8.53,8.25,8.3,74317,801,8.35031
2023-09-14T04:00:00Z,8.35,8.6,8.15,8.51,91950,973,8.46223
2023-09-15T04:00:00Z,8.49,8.52,8.1603,8.3,303816,1432,8.32452
2023-09-18T04:00:00Z,8.179,8.31,8.14,8.19,60137,719,8.2037
2023-09-19T04:00:00Z,8.25,8.42,8.18,8.22,43975,646,8.28804
2023-09-20T04:00:00Z,8.28,8.28,8,8,62298,738,8.03219
2023-09-21T04:00:00Z,8.01,8.165,8.001,8.07,64641,614,8.07205
2023-09-22T04:00:00Z,8.16,8.19,8.01,8.02,23813,474,8.06732
2023-09-25T04:00:00Z,8.06,8.06,7.9,7.93,119308,977,7.98568
2023-09-26T04:00:00Z,7.88,7.92,7.8,7.86,84152,425,7.83059
2023-09-27T04:00:00Z,7.851,7.9499,7.84,7.93,77142,436,7.90428
2023-09-28T04:00:00Z,7.86,8,7.8,7.81,30689,659,7.88599
2023-09-29T04:00:00Z,7.99,7.99,7.53,7.55,59135,817,7.68424
2023-10-02T04:00:00Z,7.67,7.7467,7.6,7.62,42047,1086,7.66247
2023-10-03T04:00:00Z,7.62,7.85,7.32,7.38,115505,1113,7.60653
2023-10-04T04:00:00Z,7.45,7.47,7.32,7.34,40847,623,7.37927
2023-10-05T04:00:00Z,7.49,7.49,7.37,7.38,157597,910,7.40915
2023-10-06T04:00:00Z,7.415,7.505,7.3,7.32,58934,573,7.38588
2023-10-09T04:00:00Z,7.3,7.34,7.25,7.31,32130,504,7.31196
2023-10-10T04:00:00Z,7.4299,7.4698,7.26,7.28,52212,835,7.37549
2023-10-11T04:00:00Z,7.26,7.31,6.96,6.99,66368,710,7.11322
2023-10-12T04:00:00Z,7.06,7.15,6.95,6.98,51961,703,7.02475
2023-10-13T04:00:00Z,7.06,7.0618,6.73,6.89,61076,932,6.92209
2023-10-16T04:00:00Z,6.95,7.2599,6.94,6.97,78518,862,7.03477
2023-10-17T04:00:00Z,6.94,7.105,6.94,6.96,278520,1339,7.01665
2023-10-18T04:00:00Z,6.9,6.93,6.66,6.7,72017,1110,6.77614
2023-10-19T04:00:00Z,6.7999,6.89,6.52,6.56,57909,576,6.63282
2023-10-20T04:00:00Z,6.6,6.62,6.25,6.46,571447,1196,6.414
2023-10-23T04:00:00Z,6.5,6.91,6.44,6.56,173935,2224,6.68533
2023-10-24T04:00:00Z,6.65,7.16,6.65,6.88,83301,1053,6.88675
2023-10-25T04:00:00Z,6.96,7.7,6.96,7.52,120586,1483,7.40601
2023-10-26T04:00:00Z,7.44,7.67,7.21,7.46,127742,1176,7.43933
2023-10-27T04:00:00Z,7.53,7.6,7.03,7.14,91015,864,7.27388
2023-10-30T04:00:00Z,7.26,7.73,7.26,7.66,100113,1166,7.52616
2023-10-31T04:00:00Z,7.62,7.84,7.4352,7.72,82513,816,7.73865
2023-11-01T04:00:00Z,7.85,7.85,7.56,7.73,87321,1076,7.69421
2023-11-02T04:00:00Z,7.74,7.98,7.66,7.7,96744,1074,7.82885
2023-11-03T04:00:00Z,7.72,7.91,7.51,7.83,97589,1172,7.77053
2023-11-06T05:00:00Z,7.73,7.94,7.73,7.77,97543,1148,7.81328
2023-11-07T05:00:00Z,7.7,7.84,7.67,7.76,79217,812,7.76959
2023-11-08T05:00:00Z,7.72,7.98,7.65,7.97,117830,1000,7.85579
2023-11-09T05:00:00Z,7.87,7.97,7.41,7.43,106015,1156,7.62369
2023-11-10T05:00:00Z,7.39,7.63,7.2,7.39,92979,1164,7.3303
2023-11-13T05:00:00Z,7.29,7.42,7.07,7.16,64309,620,7.20015
2023-11-14T05:00:00Z,7.27,7.335,7.18,7.26,81043,780,7.2611
2023-11-15T05:00:00Z,7.18,7.4194,7.18,7.21,40848,438,7.28804
2023-11-16T05:00:00Z,7.16,7.305,6.995,7.05,44663,825,7.08125
2023-11-17T05:00:00Z,7.06,7.06,6.85,6.89,100581,829,6.91236
2023-11-20T05:00:00Z,6.9,7.1,6.9,7.09,73803,618,7.02589
2023-11-21T05:00:00Z,7.03,7.16,7,7.07,105722,571,7.06069
2023-11-22T05:00:00Z,7.1369,7.35,7.0621,7.28,69657,646,7.23126
2023-11-24T05:00:00Z,7.37,7.37,7.23,7.27,10143,186,7.28857
2023-11-27T05:00:00Z,7.25,7.27,7.1,7.23,24085,480,7.2121
2023-11-28T05:00:00Z,7.255,7.315,7.14,7.18,51655,484,7.24424
2023-11-29T05:00:00Z,7.31,7.35,7.25,7.28,33184,474,7.29246
2023-11-30T05:00:00Z,7.35,7.3539,7.27,7.32,27045,268,7.30236
2023-12-01T05:00:00Z,7.3199,7.63,7.3199,7.55,63870,1039,7.51893
2023-12-04T05:00:00Z,7.61,7.73,7.55,7.61,19030,549,7.63607
2023-12-05T05:00:00Z,7.62,7.68,7.58,7.64,25896,637,7.63763
2023-12-06T05:00:00Z,7.75,7.85,7.7,7.77,42486,584,7.76485
2023-12-07T05:00:00Z,7.8,7.96,7.7,7.92,34318,649,7.86242
2023-12-08T05:00:00Z,7.96,8.26,7.9056,8.08,44414,831,8.09146
2023-12-11T05:00:00Z,8.2,8.31,8,8.23,58407,906,8.15434
2023-12-12T05:00:00Z,8.23,8.61,8.2,8.35,101476,1173,8.39596
2023-12-13T05:00:00Z,8.35,8.6,8.2346,8.58,61474,1008,8.47272
2023-12-14T05:00:00Z,8.67,8.7305,8.31,8.34,56348,1200,8.43659
2023-12-15T05:00:00Z,8.37,8.445,8.25,8.38,157618,1041,8.36272
2023-12-18T05:00:00Z,8.5,8.6,8.38,8.45,85376,794,8.48864
2023-12-19T05:00:00Z,8.38,8.52,8.2501,8.38,39055,520,8.38208
2023-12-20T05:00:00Z,8.31,8.66,8.31,8.51,35995,551,8.53344
2023-12-21T05:00:00Z,8.49,8.6,8.47,8.55,25433,354,8.52227
2023-12-22T05:00:00Z,8.47,8.59,8.45,8.58,23138,594,8.56566
2023-12-26T05:00:00Z,8.67,8.785,8.59,8.61,21064,310,8.66013
2023-12-27T05:00:00Z,8.65,8.65,8.4401,8.54,57134,866,8.51615
2023-12-28T05:00:00Z,8.44,8.61,8.4,8.48,26765,324,8.51293
2023-12-29T05:00:00Z,8.39,8.4598,8.34,8.4,13209,310,8.40605
2024-01-02T05:00:00Z,8.45,8.45,8.3,8.4,31900,583,8.34343
2024-01-03T05:00:00Z,8.3,8.56,8.28,8.34,65013,601,8.34725
2024-01-04T05:00:00Z,8.34,8.35,8.21,8.3,78441,667,8.28372
2024-01-05T05:00:00Z,8.3,8.3845,8.11,8.18,24864,311,8.24164
2024-01-08T05:00:00Z,8.1,8.17,8.08,8.14,11377,230,8.12807
2024-01-09T05:00:00Z,8.08,8.08,7.99,8.01,26167,403,8.01678
2024-01-10T05:00:00Z,8.09,8.09,8.01,8.09,20128,219,8.06747
2024-01-11T05:00:00Z,8.05,8.1,7.99,8.05,15559,737,8.03903
2024-01-12T05:00:00Z,8.12,8.1549,8,8.02,21470,233,8.02553
2024-01-16T05:00:00Z,8.01,8.12,8.01,8.09,16751,203,8.07779
2024-01-17T05:00:00Z,8.09,8.23,8.09,8.23,13292,182,8.15529
2024-01-18T05:00:00Z,8.24,8.24,8.035,8.16,22389,293,8.12543
2024-01-19T05:00:00Z,8.25,8.25,8.12,8.24,11850,317,8.21675
2024-01-22T05:00:00Z,8.28,8.625,8.28,8.55,37756,613,8.44193
2024-01-23T05:00:00Z,8.61,8.83,8.55,8.82,64171,496,8.61565
2024-01-24T05:00:00Z,8.82,8.82,8.6419,8.82,23886,400,8.77987
2024-01-25T05:00:00Z,8.82,8.94,8.8,8.85,20070,268,8.84883
2024-01-26T05:00:00Z,8.87,8.95,8.76,8.86,16012,194,8.89529
2024-01-29T05:00:00Z,8.9356,8.9356,8.73,8.84,11774,152,8.82433
2024-01-30T05:00:00Z,8.86,8.86,8.8,8.85,24186,306,8.81845
2024-01-31T05:00:00Z,8.86,8.95,8.69,8.77,68771,370,8.90889
2024-02-01T05:00:00Z,8.79,8.8699,8.57,8.8,90959,438,8.82452
2024-02-02T05:00:00Z,8.85,8.905,8.74,8.82,13633,305,8.8367
2024-02-05T05:00:00Z,8.73,8.73,8.619,8.66,10750,220,8.66253
2024-02-06T05:00:00Z,8.62,8.91,8.62,8.89,19549,226,8.77114
2024-02-07T05:00:00Z,8.79,8.86,8.79,8.82,8915,169,8.83259
2024-02-08T05:00:00Z,8.8,8.85,8.8,8.85,11194,104,8.84004
2024-02-09T05:00:00Z,8.7725,8.84,8.76,8.82,35251,370,8.80346
2024-02-12T05:00:00Z,8.8,8.8,8.61,8.73,27924,579,8.74358
2024-02-13T05:00:00Z,8.61,8.72,8.15,8.26,41715,444,8.43674
2024-02-14T05:00:00Z,8.26,8.38,8.21,8.34,16766,222,8.30055
2024-02-15T05:00:00Z,8.3,8.77,8.27,8.76,25739,285,8.56263
2024-02-16T05:00:00Z,8.81,8.87,8.65,8.7,41948,376,8.77102
2024-02-20T05:00:00Z,8.73,8.8293,8.58,8.59,26303,338,8.67499
2024-02-21T05:00:00Z,8.64,8.64,8.49,8.6,18943,239,8.56131
2024-02-22T05:00:00Z,8.54,8.54,8.4,8.5,11230,167,8.47364
2024-02-23T05:00:00Z,8.63,8.63,8.44,8.54,13002,197,8.54568
2024-02-26T05:00:00Z,8.61,8.7,8.5268,8.7,11736,227,8.64021
2024-02-27T05:00:00Z,8.74,8.87,8.674,8.78,10321,268,8.75673
2024-02-28T05:00:00Z,8.69,8.8499,8.69,8.73,14393,240,8.73727
2024-02-29T05:00:00Z,8.83,8.88,8.65,8.82,41591,302,8.77625
2024-03-01T05:00:00Z,8.88,9.34,8.75,9.34,28558,495,9.11791
2024-03-04T05:00:00Z,9.41,9.48,9.22,9.25,28034,367,9.36377
2024-03-05T05:00:00Z,9.25,9.405,9.17,9.3,24859,415,9.29119
2024-03-06T05:00:00Z,9.35,9.45,9.24,9.32,19529,229,9.33209
2024-03-07T05:00:00Z,9.2808,9.2808,8.94,8.99,31390,381,9.06652
2024-03-08T05:00:00Z,8.99,8.99,8.7599,8.8,35721,441,8.844
2024-03-11T04:00:00Z,8.75,8.78,8.65,8.74,27176,407,8.74315
2024-03-12T04:00:00Z,8.75,8.75,8.65,8.67,29038,469,8.67661
2024-03-13T04:00:00Z,8.62,8.64,8.4424,8.53,18848,326,8.54336
2024-03-14T04:00:00Z,8.56,8.61,8.23,8.38,35899,467,8.34949
2024-03-15T04:00:00Z,8.32,8.47,8.115,8.42,104143,1120,8.34871
2024-03-18T04:00:00Z,8.34,8.68,8.34,8.55,25166,422,8.52311
2024-03-19T04:00:00Z,8.55,8.55,8.32,8.44,17310,313,8.44433
2024-03-20T04:00:00Z,8.33,8.59,8.33,8.59,31214,344,8.4849
2024-03-21T04:00:00Z,8.61,8.61,8.32,8.48,33374,383,8.43712
2024-03-22T04:00:00Z,8.525,8.62,8.3,8.4,39022,480,8.42279
2024-03-25T04:00:00Z,8.48,8.68,8.35,8.47,29247,350,8.488
2024-03-26T04:00:00Z,8.45,8.45,8.365,8.39,10949,219,8.39879
2024-03-27T04:00:00Z,8.4,8.4,8.19,8.3,44464,366,8.26438
2024-03-28T04:00:00Z,8.295,8.35,8.2,8.34,40973,422,8.27955
2024-04-01T04:00:00Z,8.4,8.4,8.14,8.16,26774,396,8.20752
2024-04-02T04:00:00Z,8.12,8.28,8,8.22,44117,442,8.07104
2024-04-03T04:00:00Z,8.26,8.54,8.23,8.46,47581,505,8.39312
2024-04-04T04:00:00Z,8.51,8.51,8.16,8.37,55863,526,8.3681
2024-04-05T04:00:00Z,8.21,8.37,8.21,8.26,12036,248,8.28919
2024-04-08T04:00:00Z,8.35,8.35,8.06,8.2,14539,265,8.19389
2024-04-09T04:00:00Z,8.21,8.32,8.05,8.32,46290,437,8.18008
2024-04-10T04:00:00Z,8.14,8.38,8.1,8.37,25467,401,8.29123
2024-04-11T04:00:00Z,8.5488,8.5488,8.38,8.48,17989,412,8.46018
2024-04-12T04:00:00Z,8.46,8.46,8.2,8.24,28691,455,8.25145
2024-04-15T04:00:00Z,8.39,8.51,8.22,8.51,26659,404,8.4
2024-04-16T04:00:00Z,8.55,8.6,8.39,8.6,14813,483,8.54923
2024-04-17T04:00:00Z,8.59,8.6,8.22,8.41,24594,536,8.37998
2024-04-18T04:00:00Z,8.57,8.595,8.27,8.43,63005,552,8.44763
2024-04-19T04:00:00Z,8.35,8.74,8.35,8.63,43146,461,8.56145
2024-04-22T04:00:00Z,8.6,8.75,8.58,8.74,24571,418,8.69476
2024-04-23T04:00:00Z,8.75,8.88,8.75,8.8,10848,203,8.79792
2024-04-24T04:00:00Z,8.7,8.805,8.363,8.7,35247,493,8.63984
2024-04-25T04:00:00Z,8.65,8.8,8.3,8.53,36010,374,8.56691
2024-04-26T04:00:00Z,8.6,8.6328,8.49,8.58,14785,200,8.57891
2024-04-29T04:00:00Z,8.25,8.96,8.25,8.96,36781,493,8.77285
2024-04-30T04:00:00Z,8.82,8.97,8.6606,8.9,40017,542,8.86919
2024-05-01T04:00:00Z,8.97,8.97,8.675,8.92,90584,973,8.87779
2024-05-02T04:00:00Z,8.93,8.95,8.9009,8.93,14762,277,8.92997
2024-05-03T04:00:00Z,8.95,9.15,8.9,9.12,19463,322,9.04442
2024-05-06T04:00:00Z,9.1904,9.34,9.12,9.29,17235,410,9.2547
2024-05-07T04:00:00Z,9.25,9.305,9.14,9.17,25532,445,9.20593
2024-05-08T04:00:00Z,9.17,9.17,8.72,8.93,22404,671,8.95182
2024-05-09T04:00:00Z,8.7,8.7,8,8.16,73759,905,8.11623
2024-05-10T04:00:00Z,8.05,8.1519,7.99,8,32635,476,8.01568
2024-05-13T04:00:00Z,8.13,8.13,8,8.06,10008,294,8.05379
2024-05-14T04:00:00Z,8.19,8.19,8,8,18444,434,8.01851
2024-05-15T04:00:00Z,8.05,8.0662,8,8,23234,263,8.00733
2024-05-16T04:00:00Z,8,8.085,7.9101,7.99,79029,530,7.99591
2024-05-17T04:00:00Z,8.07,8.07,7.92,7.95,25864,433,7.98981
2024-05-20T04:00:00Z,8.01,8.04,7.95,8,178244,893,8.00694
2024-05-21T04:00:00Z,8,8.1397,7.98,8,238838,555,8.00378
2024-05-22T04:00:00Z,8.03,8.185,8,8.08,66311,837,8.0755
2024-05-23T04:00:00Z,8.115,8.115,7.78,7.86,135786,985,7.97924
2024-05-24T04:00:00Z,7.82,8.12,7.82,8,79955,631,7.99145
2024-05-28T04:00:00Z,8,8.16,7.92,8,144738,1310,8.01325
2024-05-29T04:00:00Z,7.985,8.075,7.95,8,111325,881,7.99799
2024-05-30T04:00:00Z,8.17,8.17,7.94,8,53874,730,8.0257
2024-05-31T04:00:00Z,8,8.09,8,8.02,78440,768,8.01384
2024-06-03T04:00:00Z,7.98,8.04,7.98,7.99,28815,466,7.9977
2024-06-04T04:00:00Z,8.015,8.015,7.91,7.94,44490,560,7.9635
2024-06-05T04:00:00Z,8.04,8.07,7.99,8.07,177582,1655,8.03295
2024-06-06T04:00:00Z,8.02,8.06,7.99,8,153788,1125,8.04294
2024-06-07T04:00:00Z,8,8.045,7.995,8,69143,875,8.02043
2024-06-10T04:00:00Z,7.98,8.07,7.95,8,169940,1366,8.02647
2024-06-11T04:00:00Z,7.965,8.0955,7.965,8.05,90629,1071,8.04588
2024-06-12T04:00:00Z,8.09,8.16,8.04,8.06,122181,1222,8.10194
2024-06-13T04:00:00Z,8.03,8.07,7.98,8.05,63655,621,8.03192
2024-06-14T04:00:00Z,7.98,8.08,7.98,8,75648,818,8.00624
2024-06-17T04:00:00Z,7.97,8.11,7.97,8.06,21432,502,8.04939
2024-06-18T04:00:00Z,8.2,8.2,8.04,8.04,107010,893,8.09568
2024-06-20T04:00:00Z,7.98,8.25,7.98,8.15,64785,962,8.1418
2024-06-21T04:00:00Z,8.18,8.25,8.12,8.17,62268,590,8.16729
2024-06-24T04:00:00Z,8.15,8.27,8.15,8.15,37522,561,8.20245
2024-06-25T04:00:00Z,8.25,8.25,8.08,8.09,16046,681,8.10676
2024-06-26T04:00:00Z,8.03,8.06,7.95,7.95,55924,897,8.01094
2024-06-27T04:00:00Z,7.98,8.19,7.98,8.19,34323,870,8.14374
2024-06-28T04:00:00Z,8.21,8.32,8.08,8.24,440955,2119,8.21204
2024-07-01T04:00:00Z,8.19,8.23,8.01,8.18,28121,784,8.14522
2024-07-02T04:00:00Z,8.24,8.26,8.035,8.22,56772,865,8.16493
2024-07-03T04:00:00Z,8.29,8.29,7.98,8,46391,753,8.03595
2024-07-05T04:00:00Z,8,8.03,7.98,8.03,50514,524,7.99983
2024-07-08T04:00:00Z,8.09,8.3,8.09,8.14,26654,914,8.20123
2024-07-09T04:00:00Z,8.1,8.27,8.01,8.04,27401,493,8.09697
2024-07-10T04:00:00Z,8.05,8.14,7.99,8.14,75111,815,8.04336
2024-07-11T04:00:00Z,8.25,8.34,8.11,8.34,50527,761,8.24647
2024-07-12T04:00:00Z,8.35,8.445,8.18,8.37,53396,677,8.34131
2024-07-15T04:00:00Z,8.44,8.55,8.24,8.5,57401,466,8.42229
2024-07-16T04:00:00Z,8.61,8.68,8.47,8.6,51687,837,8.56006
2024-07-17T04:00:00Z,8.6,8.71,8.56,8.69,39859,797,8.6387
2024-07-18T04:00:00Z,8.61,8.66,8.44,8.53,24682,500,8.52999
2024-07-19T04:00:00Z,8.57,8.57,8.3,8.3,17235,423,8.38203
2024-07-22T04:00:00Z,8.148,8.43,8.12,8.31,40913,590,8.31879
2024-07-23T04:00:00Z,8.31,8.4761,8.31,8.44,25464,462,8.42692
2024-07-24T04:00:00Z,8.4,8.665,8.38,8.47,120443,1858,8.51372
2024-07-25T04:00:00Z,8.55,8.64,8.35,8.54,86578,1369,8.54984
2024-07-26T04:00:00Z,8.65,8.65,8.49,8.6,67601,873,8.56404
2024-07-29T04:00:00Z,8.6,8.98,8.492,8.6,194845,1804,8.74597
2024-07-30T04:00:00Z,8.7,8.81,8.55,8.78,96533,2095,8.71198
2024-07-31T04:00:00Z,8.635,8.78,8.34,8.48,207605,1652,8.57955
2024-08-01T04:00:00Z,8.4,8.44,8.16,8.35,112269,1829,8.30877
2024-08-02T04:00:00Z,8.2,8.5,8.19,8.36,86829,1651,8.37483
2024-08-05T04:00:00Z,8.2,8.2,7.94,8,84969,1253,8.03131
2024-08-06T04:00:00Z,7.95,8.08,7.95,8.01,50230,692,8.00352
2024-08-07T04:00:00Z,8,8.24,7.95,7.97,58779,700,8.00256
2024-08-08T04:00:00Z,7.9584,8.04,7.84,7.91,49881,815,7.90846
2024-08-09T04:00:00Z,7.9,7.93,7.79,7.8,26203,423,7.85104
2024-08-12T04:00:00Z,7.77,7.83,7.64,7.71,65499,751,7.72847
2024-08-13T04:00:00Z,7.72,7.775,7.69,7.71,48835,562,7.73676
2024-08-14T04:00:00Z,7.72,7.7784,7.62,7.7,28732,452,7.68751
2024-08-15T04:00:00Z,7.83,7.97,7.7,7.71,76277,1278,7.85896
2024-08-16T04:00:00Z,7.7,7.8,7.65,7.69,115102,804,7.70078
2024-08-19T04:00:00Z,7.71,7.84,7.6,7.75,42604,723,7.73036
2024-08-20T04:00:00Z,7.79,7.79,7.67,7.72,33522,606,7.73011
2024-08-21T04:00:00Z,7.75,7.97,7.7,7.96,102507,557,7.84572
2024-08-22T04:00:00Z,7.97,7.99,7.9,7.95,21567,271,7.96025
2024-08-23T04:00:00Z,8.15,8.24,8.11,8.18,29882,623,8.15817
2024-08-26T04:00:00Z,8.25,8.3,8.06,8.12,66832,574,8.20268
2024-08-27T04:00:00Z,8.18,8.26,8.075,8.21,26399,645,8.20158
2024-08-28T04:00:00Z,8.1,8.23,8.09,8.09,25363,512,8.13129
2024-08-29T04:00:00Z,8.16,8.2499,8.14,8.17,24256,458,8.1726
2024-08-30T04:00:00Z,8.145,8.29,8.145,8.29,47303,674,8.18449
2024-09-03T04:00:00Z,8.25,8.255,8,8,42241,613,8.07434
2024-09-04T04:00:00Z,7.97,8.13,7.97,8.06,13884,326,8.06197
2024-09-05T04:00:00Z,8.06,8.06,8,8.01,7683,254,8.02225
2024-09-06T04:00:00Z,8,8.07,7.96,7.96,40842,561,7.99251
2024-09-09T04:00:00Z,8,8.11,8,8.03,13835,377,8.03535
2024-09-10T04:00:00Z,8.02,8.08,8,8.04,11091,407,8.03259
2024-09-11T04:00:00Z,8,8.045,7.9,7.91,89218,596,7.95656
2024-09-12T04:00:00Z,7.905,7.92,7.77,7.8,50351,682,7.80638
2024-09-13T04:00:00Z,7.88,7.9,7.78,7.78,42381,840,7.80815
2024-09-16T04:00:00Z,7.74,7.96,7.74,7.9,39347,624,7.8256
2024-09-17T04:00:00Z,7.98,8.05,7.88,8.02,24207,739,8.0062
2024-09-18T04:00:00Z,8,8.09,7.99,7.99,20460,505,8.01265
2024-09-19T04:00:00Z,8.15,8.15,7.99,8.03,20138,692,8.03425
2024-09-20T04:00:00Z,8.05,8.065,7.93,7.93,96575,912,7.99482
2024-09-23T04:00:00Z,8.085,8.14,7.99,8,19951,477,8.0141
2024-09-24T04:00:00Z,8.04,8.159,7.97,8.02,42085,546,8.00471
2024-09-25T04:00:00Z,8,8.01,7.97,7.99,16424,326,7.99118
2024-09-26T04:00:00Z,8.07,8.07,7.95,7.98,31123,321,7.99184
2024-09-27T04:00:00Z,8.05,8.2079,8.05,8.1,50077,566,8.13682
2024-09-30T04:00:00Z,8.12,8.3685,8.12,8.28,55491,493,8.29431
2024-10-01T04:00:00Z,8.31,8.38,8.2,8.22,34023,453,8.30656
2024-10-02T04:00:00Z,8.24,8.35,8.17,8.17,28204,472,8.27037
2024-10-03T04:00:00Z,8.19,8.38,8.17,8.32,31664,493,8.32871
2024-10-04T04:00:00Z,8.4,8.4,8.21,8.22,16692,494,8.2453
2024-10-07T04:00:00Z,8.26,8.39,8.22,8.23,40118,494,8.31552
2024-10-08T04:00:00Z,8.24,8.35,8.1577,8.29,15798,246,8.25516
2024-10-09T04:00:00Z,8.255,8.42,8.255,8.28,18149,297,8.31375
2024-10-10T04:00:00Z,8.29,8.465,8.25,8.42,89470,478,8.40298
2024-10-11T04:00:00Z,8.46,8.67,8.41,8.62,34003,299,8.57849
2024-10-14T04:00:00Z,8.798,8.97,8.64,8.74,52615,502,8.80095
2024-10-15T04:00:00Z,8.8,8.815,8.74,8.74,16318,424,8.75765
2024-10-16T04:00:00Z,8.82,8.99,8.4892,8.89,53930,692,8.80199
2024-10-17T04:00:00Z,8.97,9.54,8.82,9.46,65902,692,9.34021
2024-10-18T04:00:00Z,9.44,9.44,9.1883,9.26,30856,260,9.38959
2024-10-21T04:00:00Z,9.3,9.39,9.26,9.35,28104,598,9.35587
2024-10-22T04:00:00Z,9.32,9.32,9.09,9.1,13253,415,9.13012
2024-10-23T04:00:00Z,9.06,9.07,9,9.05,8199,292,9.04364
2024-10-24T04:00:00Z,9.01,9.06,8.8,9.05,85434,326,8.85745
2024-10-25T04:00:00Z,9.04,9.14,8.92,8.92,11544,236,8.98149
2024-10-28T04:00:00Z,8.92,9.3,8.92,9.25,22002,328,9.21877
2024-10-29T04:00:00Z,9.153,9.3223,9.153,9.23,15186,284,9.23623
2024-10-30T04:00:00Z,9.28,9.37,9.11,9.18,7516,111,9.24449
2024-10-31T04:00:00Z,9.02,9.08,8.89,8.95,11821,213,8.95583
2024-11-01T04:00:00Z,8.97,8.97,8.77,8.83,12321,348,8.83447
2024-11-04T05:00:00Z,8.89,9.4,8.89,9.4,23940,473,9.28516
2024-11-05T05:00:00Z,9.4,9.425,9.31,9.35,20326,348,9.36418
2024-11-06T05:00:00Z,9.4,9.58,9.34,9.55,79725,1382,9.54386
2024-11-07T05:00:00Z,9.55,9.55,8.69,9.33,83971,966,9.37056
2024-11-08T05:00:00Z,9.4,9.41,9.285,9.36,34842,572,9.37158
2024-11-11T05:00:00Z,9.4,9.4,8.66,8.96,45104,981,8.91059
2024-11-12T05:00:00Z,8.81,8.99,8.65,8.85,44938,604,8.82187
2024-11-13T05:00:00Z,8.95,9,8.815,8.91,17788,493,8.91199
2024-11-14T05:00:00Z,8.82,8.82,8.7,8.74,15437,271,8.74499
2024-11-15T05:00:00Z,8.81,8.95,8.8,8.88,43142,761,8.88382
2024-11-18T05:00:00Z,8.91,9.12,8.78,8.82,55191,490,8.96933
2024-11-19T05:00:00Z,8.82,9.14,8.78,8.97,62035,520,8.85688
2024-11-20T05:00:00Z,8.86,9.02,8.83,9,44485,456,8.89824
2024-11-21T05:00:00Z,9.09,9.14,8.94,9.01,46554,473,9.04779
2024-11-22T05:00:00Z,9,9.28,8.9556,8.98,78126,470,9.03776
2024-11-25T05:00:00Z,9.2,9.2,8.86,8.88,26005,374,9.01426
2024-11-26T05:00:00Z,8.95,9.06,8.84,8.86,18691,485,8.92112
2024-11-27T05:00:00Z,8.86,9,8.8,8.87,27420,585,8.90305
2024-11-29T05:00:00Z,8.89,8.95,8.81,8.83,13311,363,8.87518
2024-12-02T05:00:00Z,8.86,8.94,8.7,8.84,38311,644,8.8085
2024-12-03T05:00:00Z,8.83,8.95,8.7,8.77,65327,701,8.8016
2024-12-04T05:00:00Z,8.78,8.83,8.77,8.83,20159,389,8.80279
2024-12-05T05:00:00Z,8.85,8.875,8.4,8.7,35391,444,8.61109
2024-12-06T05:00:00Z,8.5861,8.655,8.43,8.51,23578,406,8.54363
2024-12-09T05:00:00Z,8.5,8.595,8.28,8.48,35811,417,8.45652
2024-12-10T05:00:00Z,8.7,8.72,8.354,8.4,90463,648,8.57785
2024-12-11T05:00:00Z,8.43,8.5,8.24,8.36,24709,396,8.37779
2024-12-12T05:00:00Z,8.44,8.44,8.25,8.32,18212,335,8.33158
2024-12-13T05:00:00Z,8.29,8.46,8.16,8.36,13934,321,8.36459
2024-12-16T05:00:00Z,8.34,8.7,8.3,8.55,22227,522,8.534
2024-12-17T05:00:00Z,8.505,8.56,8.4,8.46,22983,485,8.47073
2024-12-18T05:00:00Z,8.54,8.655,8.2807,8.3,492799,535,8.43705
2024-12-19T05:00:00Z,8.39,8.46,8.28,8.39,240718,416,8.42831
2024-12-20T05:00:00Z,8.35,8.75,8.35,8.47,49065,276,8.4372
2024-12-23T05:00:00Z,8.4,8.48,8.33,8.34,17209,337,8.35425
2024-12-24T05:00:00Z,8.42,8.49,8.35,8.46,8220,148,8.44363
2024-12-26T05:00:00Z,8.38,8.5,8.36,8.44,20092,337,8.40939
2024-12-27T05:00:00Z,8.365,8.43,8.305,8.38,15477,484,8.37344
2024-12-30T05:00:00Z,8.39,8.56,8.39,8.46,14360,316,8.46081
2024-12-31T05:00:00Z,8.49,8.5267,8.31,8.37,20855,348,8.39678
2025-01-02T05:00:00Z,8.359,8.37,8.21,8.21,13416,305,8.28357
2025-01-03T05:00:00Z,8.12,8.33,8.12,8.18,23071,533,8.1941
2025-01-06T05:00:00Z,8.17,8.17,8,8.01,35104,664,8.06656
2025-01-07T05:00:00Z,8,8.08,7.96,8.02,31465,545,8.004
2025-01-08T05:00:00Z,7.97,8.12,7.97,8.06,23937,435,8.02974
2025-01-10T05:00:00Z,8.06,8.06,7.74,8.01,65948,642,7.98049
2025-01-13T05:00:00Z,7.99,8.085,7.98,8.05,22200,333,8.03771
2025-01-14T05:00:00Z,8.04,8.15,8.04,8.1,33293,381,8.10093
2025-01-15T05:00:00Z,8.23,8.31,8.1507,8.31,15845,232,8.27738
2025-01-16T05:00:00Z,8.35,8.375,8.16,8.21,30318,554,8.22915
2025-01-17T05:00:00Z,8.35,8.35,8.01,8.16,19695,392,8.15517
2025-01-21T05:00:00Z,8.2,8.22,8.09,8.11,19736,512,8.16043
2025-01-22T05:00:00Z,8.05,8.13,7.98,7.98,38182,618,8.00472
2025-01-23T05:00:00Z,7.9,8.035,7.89,7.95,54056,506,7.96444
2025-01-24T05:00:00Z,7.9,8.03,7.79,7.99,31955,396,7.9155
2025-01-27T05:00:00Z,8.06,8.08,7.74,7.89,29669,431,7.89474
2025-01-28T05:00:00Z,7.95,8.1725,7.88,8.13,48111,760,8.1018
2025-01-29T05:00:00Z,8.11,8.26,8.089,8.23,18390,577,8.19039
2025-01-30T05:00:00Z,8.22,8.4,8.16,8.25,19323,369,8.30103
2025-01-31T05:00:00Z,8.19,8.2501,8.1,8.1,70274,556,8.11626
2025-02-03T05:00:00Z,8.1,8.155,7.91,7.99,33256,692,8.05784
2025-02-04T05:00:00Z,7.93,8,7.91,7.94,15459,360,7.95157
2025-02-05T05:00:00Z,8.01,8.08,7.995,8.05,8717,328,8.04813
2025-02-06T05:00:00Z,8.165,8.19,7.98,8.03,11825,356,8.04659
2025-02-07T05:00:00Z,7.9,8.1191,7.9,8.02,21662,417,8.04609
2025-02-10T05:00:00Z,8,8.075,8,8.03,11226,274,8.02481
2025-02-11T05:00:00Z,7.95,8.03,7.9,7.96,16632,396,7.95997
2025-02-12T05:00:00Z,7.9,8.1064,7.73,7.77,18496,356,7.81872
2025-02-13T05:00:00Z,7.79,7.93,7.75,7.9,16487,310,7.83689
2025-02-14T05:00:00Z,7.97,8,7.87,7.87,14301,271,7.92812
2025-02-18T05:00:00Z,7.83,7.95,7.77,7.88,25349,314,7.85327
2025-02-19T05:00:00Z,7.915,7.95,7.72,7.89,18457,435,7.86704
2025-02-20T05:00:00Z,7.9,7.9,7.67,7.67,12301,296,7.72037
2025-02-21T05:00:00Z,7.76,7.76,7.6,7.66,23136,458,7.69104
2025-02-24T05:00:00Z,7.73,7.88,7.6,7.83,40671,494,7.7656
2025-02-25T05:00:00Z,7.88,8,7.87,8,84256,813,7.99108
2025-02-26T05:00:00Z,7.98,7.98,7.77,7.78,7839,197,7.80882
2025-02-27T05:00:00Z,7.73,7.805,7.52,7.66,22679,415,7.62059
2025-02-28T05:00:00Z,7.735,7.86,7.625,7.77,19152,286,7.75406
2025-03-03T05:00:00Z,7.73,7.99,7.71,7.84,32293,379,7.82993
2025-03-04T05:00:00Z,7.7015,7.83,7.54,7.57,28647,375,7.64452
2025-03-05T05:00:00Z,7.57,7.61,7.405,7.54,21098,336,7.52408
2025-03-06T05:00:00Z,7.41,7.48,7.29,7.48,15699,407,7.40489
2025-03-07T05:00:00Z,7.49,7.49,7.205,7.46,18323,281,7.37395
2025-03-10T04:00:00Z,7.49,7.49,7.27,7.37,18134,281,7.33654
2025-03-11T04:00:00Z,7.33,7.825,7.33,7.8,29072,402,7.57031
2025-03-12T04:00:00Z,7.65,7.89,7.51,7.81,23874,549,7.7216
2025-03-13T04:00:00Z,7.87,7.87,7.37,7.43,40182,440,7.54418
2025-03-14T04:00:00Z,7.375,7.47,7.06,7.29,39470,483,7.27442
2025-03-17T04:00:00Z,7.35,7.61,7.255,7.6,129639,752,7.40274
2025-03-18T04:00:00Z,7.7,7.72,7.2499,7.58,37345,523,7.4845
2025-03-19T04:00:00Z,7.71,7.71,7.45,7.53,14699,401,7.53743
2025-03-20T04:00:00Z,7.5,7.58,7.385,7.41,14269,331,7.41989
2025-03-21T04:00:00Z,7.45,7.98,7.39,7.88,58490,331,7.67099
2025-03-24T04:00:00Z,7.98,8.17,7.8801,7.97,68176,513,7.99691
2025-03-25T04:00:00Z,7.83,7.83,7.54,7.71,19916,412,7.67855
2025-03-26T04:00:00Z,7.8354,8.22,7.76,7.96,1064535,721,8.0033
2025-03-27T04:00:00Z,8.04,8.0498,7.935,8,42190,610,7.98875
2025-03-28T04:00:00Z,7.95,8.17,7.86,8.05,146539,1029,7.98916
2025-03-31T04:00:00Z,7.89,8.24,7.89,7.92,60818,465,7.97532
2025-04-01T04:00:00Z,8,8,7.68,7.97,194856,987,7.81475
2025-04-02T04:00:00Z,7.86,8,7.8,7.95,38148,532,7.92523
2025-04-03T04:00:00Z,7.81,7.82,7.635,7.71,55986,747,7.73398
2025-04-04T04:00:00Z,7.65,7.71,7.28,7.57,71989,869,7.49137
2025-04-07T04:00:00Z,7.4,7.87,7.4,7.68,61068,834,7.59406
2025-04-08T04:00:00Z,7.86,8,7.55,7.72,57874,978,7.68452
2025-04-09T04:00:00Z,7.64,8.62,7.64,8.11,62675,802,8.05913
2025-04-10T04:00:00Z,8.07,8.15,7.8,7.98,33963,601,7.97156
2025-04-11T04:00:00Z,7.9309,8.04,7.8,7.89,24077,436,7.91425
2025-04-14T04:00:00Z,7.88,8.135,7.84,7.95,36472,546,7.97239
2025-04-15T04:00:00Z,7.99,8.06,7.95,7.97,29869,445,7.99084
2025-04-16T04:00:00Z,8.01,8.09,7.955,8.05,28729,601,8.02104
2025-04-17T04:00:00Z,8.02,8.1,7.94,8.09,25431,447,8.05044
2025-04-21T04:00:00Z,8.04,8.04,7.77,7.93,17569,288,7.89748
2025-04-22T04:00:00Z,7.93,8.31,7.93,8.24,23245,435,8.19445
2025-04-23T04:00:00Z,8.3,8.3,7.9759,8.16,31172,488,8.10856
2025-04-24T04:00:00Z,8.0173,8.45,8.01,8.45,55185,703,8.24508
2025-04-25T04:00:00Z,8.37,8.37,8.11,8.28,24827,386,8.26189
2025-04-28T04:00:00Z,8.33,8.44,8.2108,8.35,40921,778,8.34931
2025-04-29T04:00:00Z,8.32,8.655,8.27,8.52,20595,426,8.46253
2025-04-30T04:00:00Z,8.52,8.76,8.44,8.65,30818,564,8.64036
2025-05-01T04:00:00Z,8.59,8.61,8.34,8.44,24266,483,8.49634
2025-05-02T04:00:00Z,8.36,8.965,8.36,8.84,29056,407,8.71373
2025-05-05T04:00:00Z,8.68,8.94,8.65,8.93,20214,441,8.86499
2025-05-06T04:00:00Z,8.82,8.95,8.73,8.95,23317,425,8.89004
2025-05-07T04:00:00Z,9.12,9.12,8.87,9,29942,445,8.97592
2025-05-08T04:00:00Z,9.05,9.05,8.82,8.89,25586,408,8.88326
2025-05-09T04:00:00Z,8.91,9,8.855,9,18139,399,8.96533
2025-05-12T04:00:00Z,9.15,9.15,8.87,9.05,31113,382,9.04983
2025-05-13T04:00:00Z,9.02,9.4,9.0196,9.34,47614,756,9.25292
2025-05-14T04:00:00Z,9.26,9.4,9.195,9.3,26667,491,9.29351
2025-05-15T04:00:00Z,9.32,10.57,9.32,10.46,73244,974,9.93781
2025-05-16T04:00:00Z,10.62,10.75,10.19,10.3,116585,1622,10.5554
2025-05-19T04:00:00Z,10.29,10.49,10.03,10.4,25670,415,10.2767
2025-05-20T04:00:00Z,10.38,11.2999,10.38,11.23,90128,1046,10.983
2025-05-21T04:00:00Z,11.26,11.84,11.02,11.34,115034,1161,11.3931
2025-05-22T04:00:00Z,11.35,11.85,11.06,11.3,62285,1194,11.2771
2025-05-23T04:00:00Z,11.16,11.85,11.1075,11.83,45893,978,11.6625
2025-05-27T04:00:00Z,11.91,13.58,11.91,12.48,142547,2031,12.4741
2025-05-28T04:00:00Z,12.52,13.05,12.41,12.56,94725,1453,12.6812
2025-05-29T04:00:00Z,12.51,13.05,12.4221,12.99,61002,947,12.8008
2025-05-30T04:00:00Z,12.99,12.99,12.67,12.86,47248,754,12.8249
2025-06-02T04:00:00Z,12.9,13.045,12.45,12.6,53209,779,12.7308
2025-06-03T04:00:00Z,12.52,13.11,12.52,13.01,114963,1456,12.8768
2025-06-04T04:00:00Z,13.0054,13.02,12.76,12.94,43033,954,12.9087
2025-06-05T04:00:00Z,12.7657,13.325,12.7488,13.06,36932,1148,13.1108
2025-06-06T04:00:00Z,13.12,13.64,13.11,13.33,50989,1108,13.3708
2025-06-09T04:00:00Z,13.47,13.84,13.28,13.6,44401,714,13.5518
2025-06-10T04:00:00Z,13.61,13.99,13.55,13.97,53975,982,13.8674
2025-06-11T04:00:00Z,13.99,14.275,13.705,13.84,53200,1153,13.9097
2025-06-12T04:00:00Z,13.91,14.3,13.75,13.87,58250,1253,13.9163
2025-06-13T04:00:00Z,13.83,13.83,13.2628,13.6,42109,998,13.573
2025-06-16T04:00:00Z,13.77,13.89,13.49,13.77,24294,684,13.7297
2025-06-17T04:00:00Z,13.75,14.14,13.745,13.87,47363,873,13.9453
2025-06-18T04:00:00Z,13.87,14.34,13.7328,13.98,58014,1168,14.0527
2025-06-20T04:00:00Z,14.04,14.19,13.72,14.05,100433,1103,14.0108
2025-06-23T04:00:00Z,13.99,14.008,13.18,13.42,88206,1838,13.4783
2025-06-24T04:00:00Z,13.55,13.72,13.18,13.72,52037,760,13.437
2025-06-25T04:00:00Z,13.78,13.8857,12.8,13.35,103729,1661,13.3257
2025-06-26T04:00:00Z,13.38,14.38,13.1686,14.32,51826,1140,13.976
2025-06-27T04:00:00Z,14.3,14.3,13.71,14,847576,1550,14.0018
2025-06-30T04:00:00Z,14,14,13.53,13.54,108901,1550,13.7716
2025-07-01T04:00:00Z,13.7,14.36,13.27,14.08,70991,900,13.967
2025-07-02T04:00:00Z,13.97,15.34,13.76,15.22,104908,1440,14.8586
2025-07-03T04:00:00Z,15.39,16.62,15.39,16.57,103710,1327,16.1907
2025-07-07T04:00:00Z,16.5,16.795,15.955,16.2,130036,2138,16.3595
2025-07-08T04:00:00Z,16.16,16.16,15.01,15.25,135483,1692,15.5077
2025-07-09T04:00:00Z,15.21,16,14.73,14.76,190020,1199,15.1304
2025-07-10T04:00:00Z,14.69,15.0151,14.485,14.54,59924,814,14.6997
2025-07-11T04:00:00Z,14.43,14.83,14.36,14.59,57206,823,14.6249
2025-07-14T04:00:00Z,14.63,14.91,14.31,14.38,34000,831,14.5268
2025-07-15T04:00:00Z,14.49,14.5999,14.1,14.11,59440,1112,14.3668
2025-07-16T04:00:00Z,14.12,14.3699,14.05,14.31,37135,987,14.2673
2025-07-17T04:00:00Z,14.37,14.91,14.225,14.55,68369,1221,14.5108
2025-07-18T04:00:00Z,14.64,14.7,14.32,14.32,38672,841,14.436
2025-07-21T04:00:00Z,14.36,14.405,14.01,14.13,37659,574,14.1669
2025-07-22T04:00:00Z,14.09,14.72,14.01,14.43,57652,806,14.3985
2025-07-23T04:00:00Z,14.57,14.57,14.26,14.54,31123,697,14.4668
2025-07-24T04:00:00Z,14.53,14.61,14.35,14.4,20412,512,14.4272
2025-07-25T04:00:00Z,14.51,14.6,14.3822,14.57,16904,389,14.5437
2025-07-28T04:00:00Z,14.6,14.6,14.0985,14.43,44925,1068,14.4408
2025-07-29T04:00:00Z,14.65,14.75,14.33,14.37,52418,1214,14.4814
2025-07-30T04:00:00Z,14.46,14.55,13.93,13.93,48676,1380,14.2074
2025-07-31T04:00:00Z,13.86,14.4,13.8,13.98,43903,990,14.0036
2025-08-01T04:00:00Z,13.8,13.8,13.3001,13.36,71653,1523,13.5493
2025-08-04T04:00:00Z,13.38,13.99,13.38,13.85,45346,952,13.7471
2025-08-05T04:00:00Z,13.92,14.4242,13.2901,14.07,93857,1320,13.8454
2025-08-06T04:00:00Z,14,14.57,13.725,14.51,40774,724,14.3036
2025-08-07T04:00:00Z,14.55,14.66,13.87,13.9,67597,1137,14.0801
2025-08-08T04:00:00Z,13.7,13.9042,13.2,13.52,48980,646,13.526
2025-08-11T04:00:00Z,13.44,13.63,13.235,13.59,53796,1155,13.4528
2025-08-12T04:00:00Z,13.69,13.9,13.2525,13.82,60453,1184,13.7496
2025-08-13T04:00:00Z,13.96,14.33,13.815,14.23,32848,694,14.1771
2025-08-14T04:00:00Z,14.13,14.28,13.7,13.71,38057,645,13.8722
2025-08-15T04:00:00Z,13.76,13.99,13.66,13.92,32225,792,13.8247
2025-08-18T04:00:00Z,14,14.23,13.855,14.1,170639,1841,14.0608
2025-08-19T04:00:00Z,14.2,14.35,13.82,14.17,61056,918,14.1225
2025-08-20T04:00:00Z,14.24,14.24,13.8,13.89,118643,1746,13.9803
2025-08-21T04:00:00Z,13.81,14.155,13.7856,14.07,105159,1571,13.9313
2025-08-22T04:00:00Z,14.1,14.36,14.0244,14.12,195598,2453,14.173
2025-08-25T04:00:00Z,14.01,14.17,13.96,14.01,49469,1633,14.0267
2025-08-26T04:00:00Z,14.105,14.14,13.98,14.09,26873,1260,14.075
2025-08-27T04:00:00Z,14.02,14.27,14.02,14.17,49008,1199,14.1615
2025-08-28T04:00:00Z,14.21,14.5,14.21,14.47,47268,1036,14.4061
2025-08-29T04:00:00Z,14.5,14.5,14.28,14.35,43215,1078,14.407
2025-09-02T04:00:00Z,14.22,14.5,13.96,14.02,104498,1673,14.2155
2025-09-03T04:00:00Z,14.01,14.2,13.97,14.01,31137,896,14.0386
2025-09-04T04:00:00Z,14.14,14.365,13.91,14.25,44875,1296,14.2163
2025-09-05T04:00:00Z,14.4,14.45,14,14.03,63420,1968,14.2401
2025-09-08T04:00:00Z,14.15,14.49,14,14.4,101075,1865,14.3794
2025-09-09T04:00:00Z,14.34,14.4,14.17,14.34,41965,1462,14.3145
2025-09-10T04:00:00Z,14.28,14.4,14.055,14.08,35361,869,14.202
2025-09-11T04:00:00Z,14.06,14.425,13.9998,14.4,41488,1570,14.3633
2025-09-12T04:00:00Z,14.39,14.42,14.295,14.34,39367,803,14.3631
2025-09-15T04:00:00Z,14.28,14.41,14.27,14.28,37596,913,14.3378
2025-09-16T04:00:00Z,14.26,14.41,14.26,14.34,72317,955,14.3402
2025-09-17T04:00:00Z,14.4,14.75,14.29,14.37,170186,1922,14.4867
2025-09-18T04:00:00Z,14.67,14.95,14.38,14.53,70705,1464,14.6479
2025-09-19T04:00:00Z,14.52,14.72,14.19,14.43,423590,1255,14.4377
2025-09-22T04:00:00Z,14.43,14.48,13.91,14.32,67407,1202,14.2729
2025-09-23T04:00:00Z,14.32,14.58,14.32,14.39,52541,1150,14.4335
2025-09-24T04:00:00Z,14.36,14.4,14.075,14.17,27830,658,14.2165
2025-09-25T04:00:00Z,14.17,14.8023,13.99,14.17,79967,1604,14.2094
2025-09-26T04:00:00Z,14.19,14.57,14.14,14.57,41669,900,14.4866
2025-09-29T04:00:00Z,14.57,14.65,14.44,14.58,42979,1007,14.5738
2025-09-30T04:00:00Z,14.54,14.815,14.47,14.62,47683,1132,14.6182
2025-10-01T04:00:00Z,14.47,14.65,14.24,14.24,34370,1340,14.392
2025-10-02T04:00:00Z,14.23,14.655,13.9349,14.56,49084,1000,14.2945
2025-10-03T04:00:00Z,14.72,14.8,14.53,14.7,51135,1339,14.6603
2025-10-06T04:00:00Z,14.62,14.9042,14.36,14.44,37524,922,14.5393
2025-10-07T04:00:00Z,14.43,14.87,14.215,14.85,58898,1272,14.6863
2025-10-08T04:00:00Z,14.93,15.195,14.9,15.07,49581,874,15.0534
2025-10-09T04:00:00Z,15.01,15.2,14.91,15.05,40104,927,15.0492
2025-10-10T04:00:00Z,15.03,15.4,14.96,15.15,57696,1061,15.1392
2025-10-13T04:00:00Z,15.36,16.5069,15.36,16.13,182368,2459,16.0662
2025-10-14T04:00:00Z,16.02,16.18,15.64,15.77,66705,1282,15.925
2025-10-15T04:00:00Z,15.85,16.25,15.795,15.9,82006,1273,15.9206
2025-10-16T04:00:00Z,16,16.23,15.23,15.23,73156,1744,15.5133
2025-10-17T04:00:00Z,15.16,15.41,14.52,14.58,102382,1306,14.9293
2025-10-20T04:00:00Z,14.59,14.77,14.35,14.71,54308,965,14.6268
2025-10-21T04:00:00Z,14.66,14.9,14.59,14.65,52720,766,14.7456
2025-10-22T04:00:00Z,14.58,14.75,14.55,14.73,65442,1114,14.6718
2025-10-23T04:00:00Z,14.78,15,14.74,15,60112,878,14.904
2025-10-24T04:00:00Z,15.05,15.29,14.58,14.68,43645,818,14.841
2025-10-27T04:00:00Z,14.87,15.1982,14.55,14.7,114333,1539,14.7685
2025-10-28T04:00:00Z,14.7,14.85,14.52,14.65,63549,1070,14.6481
2025-10-29T04:00:00Z,14.56,14.7475,14.23,14.3,52429,1217,14.4609
2025-10-30T04:00:00Z,14.26,14.5,13.81,13.92,37086,845,14.0167
2025-10-31T04:00:00Z,13.81,14.345,13.81,14.24,39305,713,14.1704
2025-11-03T05:00:00Z,14.38,14.48,13.825,14.14,40406,1191,14.1558
2025-11-04T05:00:00Z,14.13,14.18,13.82,14.05,35887,828,13.9722
2025-11-05T05:00:00Z,14.05,14.75,14.03,14.63,53144,1088,14.5669
2025-11-06T05:00:00Z,14.74,14.94,14.345,14.6,59057,1493,14.5778
2025-11-07T05:00:00Z,13.95,14.35,12.6,13.02,260910,2922,13.206
2025-11-10T05:00:00Z,13.25,13.73,13.04,13.46,157378,1970,13.4093
2025-11-11T05:00:00Z,13.41,13.65,12.765,12.9,54719,1617,12.986
2025-11-12T05:00:00Z,12.99,13.11,12.71,12.74,71857,1733,12.8311
2025-11-13T05:00:00Z,12.62,13.2,12.5,12.76,76377,1150,12.7518
2025-11-14T05:00:00Z,12.71,13.043,12.5,12.63,39956,976,12.6819
2025-11-17T05:00:00Z,12.67,12.8,12.47,12.52,33303,760,12.5754
2025-11-18T05:00:00Z,12.5,13.005,12.15,12.93,41197,693,12.7736
2025-11-19T05:00:00Z,12.88,12.89,12.345,12.37,34338,873,12.5075
2025-11-20T05:00:00Z,12.44,12.91,12.44,12.58,54239,926,12.6072
2025-11-21T05:00:00Z,12.57,13.02,12.35,12.9,123384,1560,12.8912
2025-11-24T05:00:00Z,12.56,12.9,12.54,12.78,41793,811,12.7062
2025-11-25T05:00:00Z,12.82,13,12.64,12.99,46941,814,12.9528
2025-11-26T05:00:00Z,12.88,13,12.73,12.94,38300,1091,12.92
2025-11-28T05:00:00Z,12.91,13,12.775,13,38224,638,12.9547
2025-12-01T05:00:00Z,12.74,13,12.74,12.83,44381,999,12.8494
2025-12-02T05:00:00Z,12.95,12.95,12.68,12.71,26626,774,12.744
2025-12-03T05:00:00Z,12.81,12.98,12.65,12.77,60552,1115,12.7479
2025-12-04T05:00:00Z,12.63,12.9,12.63,12.74,25424,792,12.7635
2025-12-05T05:00:00Z,12.55,12.79,12.55,12.69,23533,534,12.6898
2025-12-08T05:00:00Z,12.56,12.82,12.56,12.79,88796,950,12.7924
2025-12-09T05:00:00Z,12.8,12.815,12.63,12.65,101604,1116,12.7459
2025-12-10T05:00:00Z,12.62,12.8,12.455,12.6,91930,1278,12.6337
2025-12-11T05:00:00Z,12.55,12.81,12.41,12.72,214252,1905,12.774
2025-12-12T05:00:00Z,12.72,12.8,12.4,12.73,61553,1494,12.6827
2025-12-15T05:00:00Z,12.8,12.95,12.355,12.8,77853,1330,12.7754
2025-12-16T05:00:00Z,12.72,12.8,12.48,12.71,58971,1144,12.7591
2025-12-17T05:00:00Z,12.71,12.8,12.26,12.3,65835,1369,12.3882
2025-12-18T05:00:00Z,12.3,12.7414,12.29,12.65,51292,1683,12.6074
2025-12-19T05:00:00Z,12.66,12.8,12.6094,12.8,97869,961,12.7567
2025-12-22T05:00:00Z,12.8,14.045,12.7257,13.9,120672,1276,13.2952
2025-12-23T05:00:00Z,13.93,13.97,13.09,13.28,101477,1357,13.3997
2025-12-24T05:00:00Z,13.3,13.765,13.285,13.61,59007,2554,13.5294
2025-12-26T05:00:00Z,13.57,14.14,13.57,13.9,49546,978,13.884
2025-12-29T05:00:00Z,13.95,14.1499,13.52,13.62,68861,1174,13.8039
2025-12-30T05:00:00Z,13.61,14.05,13.57,13.78,66660,1098,13.8366
2025-12-31T05:00:00Z,13.74,13.75,13.1201,13.45,79556,1977,13.4406
