timestamp,open,high,low,close,volume,tradeCount,vwap
2016-01-04T05:00:00Z,25.02,25.44,24.06,24.08,289326,2496,24.3824
2016-01-05T05:00:00Z,24.19,24.455,23.58,23.88,223360,2301,23.9078
2016-01-06T05:00:00Z,23.71,24.19,23.4,23.82,234484,1658,23.8559
2016-01-07T05:00:00Z,23.38,23.93,22.81,23.04,301216,2614,23.2321
2016-01-08T05:00:00Z,23.02,23.35,22.035,22.19,622545,3555,22.2803
2016-01-11T05:00:00Z,22.33,22.67,21.84,22.01,184480,1484,22.1117
2016-01-12T05:00:00Z,22.16,22.41,21.34,21.59,215462,1843,21.6207
2016-01-13T05:00:00Z,21.65,21.73,20.85,20.93,444001,2676,21.368
2016-01-14T05:00:00Z,21.03,21.36,20.53,21.21,363939,2831,21.0301
2016-01-15T05:00:00Z,20.67,21.59,20.65,21.57,356163,2329,21.169
2016-01-19T05:00:00Z,21.65,21.68,20.96,21.22,437012,2410,21.3046
2016-01-20T05:00:00Z,20.98,21.74,20.65,21.46,300238,3031,21.0534
2016-01-21T05:00:00Z,21.52,21.6299,20.28,20.3,250883,2450,20.6528
2016-01-22T05:00:00Z,20.58,21.06,20.37,20.71,397844,3286,20.7071
2016-01-25T05:00:00Z,20.64,20.74,19.88,20.01,194200,1732,20.0771
2016-01-26T05:00:00Z,20.13,20.49,20.07,20.32,358560,2876,20.2996
2016-01-27T05:00:00Z,20.31,20.37,19.94,20.14,223519,1870,20.1182
2016-01-28T05:00:00Z,20.29,20.45,20.115,20.29,188313,1788,20.3098
2016-01-29T05:00:00Z,20.31,21.24,20.31,21.24,336383,2005,21.0346
2016-02-01T05:00:00Z,21,21,20.47,20.6,196921,2069,20.6646
2016-02-02T05:00:00Z,20.44,20.77,19.94,20.1,201675,1508,20.1323
2016-02-03T05:00:00Z,20.24,20.33,19.62,20.02,170703,1637,19.9681
2016-02-04T05:00:00Z,19.98,20.87,19.87,20.28,182112,1685,20.4739
2016-02-05T05:00:00Z,20.17,20.42,19.7,19.75,247446,1854,19.8708
2016-02-08T05:00:00Z,19.56,20.27,19.29,19.58,244081,2313,19.6663
2016-02-09T05:00:00Z,19.32,19.71,19.16,19.24,146789,1679,19.346
2016-02-10T05:00:00Z,19.32,19.6,18.77,18.79,249402,1859,18.9976
2016-02-11T05:00:00Z,18.32,18.84,18.23,18.78,308601,2413,18.6059
2016-02-12T05:00:00Z,18.98,19.365,18.96,19.07,239856,1951,19.0958
2016-02-16T05:00:00Z,19.28,19.37,19.01,19.28,173813,1598,19.2326
2016-02-17T05:00:00Z,19.35,20.21,19.0992,20.12,245321,1849,20.0131
2016-02-18T05:00:00Z,25.38,26.99,24.02,25.17,946336,7720,25.5383
2016-02-19T05:00:00Z,25.1,25.34,24.54,25.02,370456,3498,24.9184
2016-02-22T05:00:00Z,24.2,24.91,23.59,24.15,536243,4508,24.158
2016-02-23T05:00:00Z,24.01,24.64,23.91,24.26,297397,2919,24.1876
2016-02-24T05:00:00Z,24.09,24.57,23.63,24.52,315785,2957,24.2679
2016-02-25T05:00:00Z,24.5,25.06,24.27,25.02,223623,2474,24.7908
2016-02-26T05:00:00Z,25.11,25.28,24.365,24.95,218663,2521,24.8277
2016-02-29T05:00:00Z,24.93,25.35,24.71,24.715,286063,2292,24.9915
2016-03-01T05:00:00Z,24.95,25.38,24.92,25.3,229150,2038,25.1648
2016-03-02T05:00:00Z,25.46,26.13,25.06,26.02,306929,2810,25.8096
2016-03-03T05:00:00Z,26.1,26.1748,25.27,25.48,215902,2010,25.6282
2016-03-04T05:00:00Z,25.4,26.22,25.34,26.17,305233,2165,26.0237
2016-03-07T05:00:00Z,26.07,26.5,26,26.04,294487,2039,26.2222
2016-03-08T05:00:00Z,26,26.04,25.18,25.55,230680,2211,25.5673
2016-03-09T05:00:00Z,25.59,25.71,25.24,25.28,236515,1791,25.4824
2016-03-10T05:00:00Z,25.47,25.68,24.86,25.07,294100,2334,25.1052
2016-03-11T05:00:00Z,25.15,25.44,24.97,25.29,222021,2107,25.1945
2016-03-14T04:00:00Z,25.29,25.75,25.16,25.62,206276,1868,25.5317
2016-03-15T04:00:00Z,25.61,26,25.3,25.94,288541,2375,25.6845
2016-03-16T04:00:00Z,25.87,26.01,25.22,25.79,192104,2008,25.6431
2016-03-17T04:00:00Z,25.7,26.89,25.5,26.81,298298,2266,26.5006
2016-03-18T04:00:00Z,26.97,27.04,26.59,26.61,444069,1974,26.7891
2016-03-21T04:00:00Z,26.63,26.77,26.26,26.37,171021,1463,26.4869
2016-03-22T04:00:00Z,26.25,27.49,26.13,27.25,306063,2346,27.0846
2016-03-23T04:00:00Z,27.25,27.46,26,26.05,318096,2388,26.2331
2016-03-24T04:00:00Z,25.75,26.7,25.6,26.6,182347,1598,26.2847
2016-03-28T04:00:00Z,26.72,27.17,26.3007,26.56,138445,1256,26.579
2016-03-29T04:00:00Z,26.43,27.89,26,27.81,219884,1717,27.4654
2016-03-30T04:00:00Z,28.09,28.66,27.71,28.3,215572,2202,28.248
2016-03-31T04:00:00Z,28.35,28.75,27.95,28.6,247702,1963,28.4997
2016-04-01T04:00:00Z,28.35,28.545,27.45,28.28,219571,1940,27.9723
2016-04-04T04:00:00Z,28.36,28.5466,26.497,26.91,306171,2534,27.0639
2016-04-05T04:00:00Z,26.57,26.95,26.4,26.73,204947,1705,26.7045
2016-04-06T04:00:00Z,26.67,26.87,26.51,26.73,220412,2173,26.6998
2016-04-07T04:00:00Z,26.5,26.989,26.26,26.49,394712,1419,26.502
2016-04-08T04:00:00Z,26.78,27.43,26.58,27.14,171261,1767,27.083
2016-04-11T04:00:00Z,27.36,27.9985,26.76,26.93,137908,1419,27.072
2016-04-12T04:00:00Z,27.01,27.38,26.7,26.76,113679,1183,26.9375
2016-04-13T04:00:00Z,26.84,27.43,26.82,27.35,137365,1233,27.1703
2016-04-14T04:00:00Z,27.32,27.54,27,27.35,146175,1295,27.3814
2016-04-15T04:00:00Z,27.37,27.84,27.19,27.68,150919,1369,27.6372
2016-04-18T04:00:00Z,27.69,28.07,27.48,27.95,159534,1619,27.8726
2016-04-19T04:00:00Z,28.09,28.18,27.6,27.97,119477,1156,27.9352
2016-04-20T04:00:00Z,27.88,28.05,27.48,27.9,130806,1384,27.8388
2016-04-21T04:00:00Z,27.96,28.2,27.46,27.93,161875,1473,27.9488
2016-04-22T04:00:00Z,27.99,28.54,27.82,27.99,129125,1008,28.0328
2016-04-25T04:00:00Z,27.99,28.07,27.21,27.47,138162,1136,27.6379
2016-04-26T04:00:00Z,27.55,27.72,27.1,27.62,103806,1026,27.5374
2016-04-27T04:00:00Z,27.75,28.4799,27.38,27.79,107412,1016,27.6867
2016-04-28T04:00:00Z,27.62,28,27.39,27.52,160720,1656,27.6477
2016-04-29T04:00:00Z,27.38,27.38,26.11,26.45,230679,1669,26.5074
2016-05-02T04:00:00Z,26.61,27.01,26.36,26.95,194086,1769,26.7228
2016-05-03T04:00:00Z,26.89,27.2,25,25.12,297131,2641,25.5241
2016-05-04T04:00:00Z,25.07,25.8099,24.77,25.14,307176,2822,25.2248
2016-05-05T04:00:00Z,25.16,25.67,25.16,25.24,332739,2340,25.3553
2016-05-06T04:00:00Z,24.72,29.6299,24.12,29.3,628875,4864,28.1228
2016-05-09T04:00:00Z,29.91,30,26.53,26.85,549962,4863,27.6067
2016-05-10T04:00:00Z,26.84,27.67,26.7001,27.57,242437,2090,27.3055
2016-05-11T04:00:00Z,27.47,28.05,27.2,27.73,249856,2210,27.6641
2016-05-12T04:00:00Z,27.69,28.135,27.61,27.91,161908,1684,27.8803
2016-05-13T04:00:00Z,27.87,28.04,27.33,27.49,183627,1251,27.5096
2016-05-16T04:00:00Z,27.65,28.15,27.65,27.8,248694,1925,27.8687
2016-05-17T04:00:00Z,27.67,28.03,27.43,27.7,442529,2667,27.6529
2016-05-18T04:00:00Z,27.62,28.34,27.4,27.85,164694,2011,27.8889
2016-05-19T04:00:00Z,27.55,27.88,27.18,27.67,135061,1264,27.6084
2016-05-20T04:00:00Z,27.87,28.575,27.58,28.44,246451,1941,28.2709
2016-05-23T04:00:00Z,28.43,28.73,28.3,28.395,148460,1036,28.411
2016-05-24T04:00:00Z,28.64,29.76,28.5301,29.49,184566,1643,29.3681
2016-05-25T04:00:00Z,29.66,29.97,29.57,29.7,207869,1293,29.6989
2016-05-26T04:00:00Z,30.48,30.48,29.17,29.28,123310,1200,29.4468
2016-05-27T04:00:00Z,29.32,30.2,29.32,29.73,183123,1534,29.7311
2016-05-31T04:00:00Z,29.69,30.08,29.4591,29.88,294989,1965,29.8343
2016-06-01T04:00:00Z,29.89,30.2386,29.3,30.14,208449,1807,29.9124
2016-06-02T04:00:00Z,30.1,30.3799,29.5,30.1,185183,1760,29.9596
2016-06-03T04:00:00Z,30.15,31.05,30.06,30.8,179190,1603,30.6326
2016-06-06T04:00:00Z,30.62,31.17,30.35,30.81,200597,1590,30.7438
2016-06-07T04:00:00Z,30.81,31.08,30.52,30.94,193595,1609,30.8405
2016-06-08T04:00:00Z,31.08,31.33,30.63,30.94,220921,1726,31.0168
2016-06-09T04:00:00Z,30.69,31.08,30.32,30.99,124325,1043,30.8517
2016-06-10T04:00:00Z,30.64,31.1867,30.45,30.89,210463,1927,30.9316
2016-06-13T04:00:00Z,30.75,31.08,30.31,30.94,199026,2232,30.9288
2016-06-14T04:00:00Z,30.65,31.06,30.47,30.66,273479,1403,30.6856
2016-06-15T04:00:00Z,30.9,32.19,30.7,31.47,404799,2736,31.4596
2016-06-16T04:00:00Z,31.42,31.42,30.34,31.25,366342,2487,30.9071
2016-06-17T04:00:00Z,31.18,31.88,31.04,31.08,370615,1927,31.2218
2016-06-20T04:00:00Z,31.44,32.04,31.18,31.81,239953,2414,31.8149
2016-06-21T04:00:00Z,31.85,31.96,31.236,31.85,220447,1898,31.7738
2016-06-22T04:00:00Z,31.89,32.46,31.65,31.79,266711,1648,32.023
2016-06-23T04:00:00Z,32.22,32.33,31.75,32.1,180535,1379,32.0343
2016-06-24T04:00:00Z,30.74,31.56,30.4,30.99,1110376,2347,31.0537
2016-06-27T04:00:00Z,30.59,30.73,29.48,30.06,341306,2614,30.0538
2016-06-28T04:00:00Z,30.35,30.5,29.9,30.15,262388,2107,30.1294
2016-06-29T04:00:00Z,30.35,30.74,30.35,30.64,155335,1516,30.5668
2016-06-30T04:00:00Z,30.82,31.57,30.61,31.57,200273,1229,31.3867
2016-07-01T04:00:00Z,31.62,32.25,31.55,32.03,135648,1139,31.8924
2016-07-05T04:00:00Z,31.77,32.02,31.348,31.92,212647,1636,31.6927
2016-07-06T04:00:00Z,31.76,32.53,31.76,32.33,115424,968,32.2656
2016-07-07T04:00:00Z,32.29,32.47,31.9,32.24,112032,1143,32.1983
2016-07-08T04:00:00Z,32.41,33.25,32.41,33.12,146593,1243,33.0131
2016-07-11T04:00:00Z,34.29,35.14,33.87,35.02,312666,2552,34.6757
2016-07-12T04:00:00Z,35.44,35.59,34.9,35.38,274076,2256,35.3444
2016-07-13T04:00:00Z,35.63,35.82,35.3,35.82,284900,2286,35.6035
2016-07-14T04:00:00Z,36.27,36.6,35.62,35.86,334821,2324,35.974
2016-07-15T04:00:00Z,36.09,36.53,35.6,35.77,287854,2511,35.8488
2016-07-18T04:00:00Z,36.41,36.42,35.82,35.95,338631,2579,36.0353
2016-07-19T04:00:00Z,35.93,36.11,35.09,35.48,205421,2343,35.4504
2016-07-20T04:00:00Z,35.55,35.83,35.1,35.29,166836,1686,35.3744
2016-07-21T04:00:00Z,35.29,35.73,35,35.08,293107,2706,35.2784
2016-07-22T04:00:00Z,35.04,35.62,34.78,35.43,296129,2707,35.1887
2016-07-25T04:00:00Z,35.5,35.5,35.11,35.36,148758,1543,35.3083
2016-07-26T04:00:00Z,35.42,35.88,35.42,35.69,279084,2812,35.7216
2016-07-27T04:00:00Z,35.92,36.229,35.37,35.69,313758,2541,35.6122
2016-07-28T04:00:00Z,35.35,35.35,32.68,34.29,534646,4286,34.0107
2016-07-29T04:00:00Z,34.34,35.61,34.05,35.28,434687,3624,35.1282
2016-08-01T04:00:00Z,35.4,36.82,35.28,36.63,351622,3100,36.3946
2016-08-02T04:00:00Z,36.77,36.85,35.84,36.3,326138,3109,36.3182
2016-08-03T04:00:00Z,35.99,36.92,35.99,36.88,293601,2820,36.7005
2016-08-04T04:00:00Z,36.83,37.9,36.83,37.64,471275,3872,37.4881
2016-08-05T04:00:00Z,37.92,38.97,37.69,38.59,435158,4148,38.4522
2016-08-08T04:00:00Z,38.72,39.9999,37.42,37.93,400599,3384,37.8849
2016-08-09T04:00:00Z,38.16,38.45,37.81,38.25,293758,2476,38.2251
2016-08-10T04:00:00Z,38.25,38.36,38,38.12,223516,2309,38.1639
2016-08-11T04:00:00Z,38.16,38.5,37.8,38.29,274154,1817,38.281
2016-08-12T04:00:00Z,38,38.46,37.14,37.46,276427,2256,37.5059
2016-08-15T04:00:00Z,37.33,38,36.75,37.75,234853,1539,37.6551
2016-08-16T04:00:00Z,37.74,38.03,37.64,37.71,240368,2051,37.8498
2016-08-17T04:00:00Z,37.58,37.609,36.96,37.16,144728,1688,37.2543
2016-08-18T04:00:00Z,37.1,37.43,36.89,37.25,187831,1808,37.1899
2016-08-19T04:00:00Z,37.16,37.2,36.72,36.93,205343,1278,37.0017
2016-08-22T04:00:00Z,36.91,38.05,36.81,37.97,302681,2438,37.7619
2016-08-23T04:00:00Z,38.17,38.59,38.17,38.48,216089,1665,38.4515
2016-08-24T04:00:00Z,38.35,38.56,38.22,38.4,221524,1583,38.3934
2016-08-25T04:00:00Z,38.23,38.91,38.23,38.91,168816,1707,38.7285
2016-08-26T04:00:00Z,38.87,39.195,37.83,38.25,254571,2145,38.4403
2016-08-29T04:00:00Z,38.45,39.34,38.28,39.11,183180,1536,39.0686
2016-08-30T04:00:00Z,39.02,39.51,38.84,39.28,237381,1641,39.2203
2016-08-31T04:00:00Z,39.33,39.62,38.01,38.16,244349,1563,38.5179
2016-09-01T04:00:00Z,38.29,38.65,37.82,38.65,172788,1562,38.3699
2016-09-02T04:00:00Z,38.95,38.99,37.94,38.41,240196,2172,38.2941
2016-09-06T04:00:00Z,38.34,38.94,38,38.31,216372,1970,38.3364
2016-09-07T04:00:00Z,38.3,38.54,38.12,38.5,197067,1455,38.3919
2016-09-08T04:00:00Z,38.5,38.71,38.05,38.46,139847,1290,38.3817
2016-09-09T04:00:00Z,38.02,38.15,35.81,35.85,345491,2621,36.3534
2016-09-12T04:00:00Z,35.54,36.21,34.57,36.16,259673,2074,35.7926
2016-09-13T04:00:00Z,35.64,36.1958,34.975,35.43,151785,1461,35.3965
2016-09-14T04:00:00Z,35.59,35.61,34.96,35.1,129910,1396,35.1777
2016-09-15T04:00:00Z,35.1,35.57,34.85,35.52,140575,1174,35.3801
2016-09-16T04:00:00Z,35.44,35.83,35.405,35.74,634645,1798,35.6581
2016-09-19T04:00:00Z,35.83,36.17,35.68,36.03,185388,1470,35.9384
2016-09-20T04:00:00Z,36.27,36.44,35.91,36.22,288642,2155,36.2106
2016-09-21T04:00:00Z,36.29,37.23,36.29,37.22,322968,2564,36.9529
2016-09-22T04:00:00Z,37.58,38.25,37.35,38.25,196640,1542,38.0254
2016-09-23T04:00:00Z,38.2,38.2,37.6,37.6,128616,1206,37.7365
2016-09-26T04:00:00Z,37.5,37.9599,37.31,37.36,134742,1236,37.5145
2016-09-27T04:00:00Z,37.25,37.88,37.15,37.82,150361,1449,37.6711
2016-09-28T04:00:00Z,37.97,38.06,37.45,38,123446,1232,37.8221
2016-09-29T04:00:00Z,37.8,37.8,37.19,37.22,136100,1337,37.396
2016-09-30T04:00:00Z,37.43,37.66,36.845,37.15,216349,1457,37.1961
2016-10-03T04:00:00Z,37,37.21,36.71,37.03,138031,1188,36.9663
2016-10-04T04:00:00Z,37,37.32,36.5,36.81,109893,1134,36.8653
2016-10-05T04:00:00Z,37.09,37.58,36.81,37.3,91654,960,37.2784
2016-10-06T04:00:00Z,37.16,38.25,36.9,38.18,125398,1336,37.8915
2016-10-07T04:00:00Z,38.12,38.12,37.195,37.48,213549,1133,37.5109
2016-10-10T04:00:00Z,37.74,38.57,37.74,38.48,155373,1386,38.4208
2016-10-11T04:00:00Z,38.42,38.42,36.78,37.32,158730,1686,37.331
2016-10-12T04:00:00Z,37.32,38.39,37.0601,38.33,171093,1644,37.9755
2016-10-13T04:00:00Z,37.93,37.93,37.275,37.44,212287,1452,37.4885
2016-10-14T04:00:00Z,37.8,37.92,37.26,37.37,131744,1475,37.4854
2016-10-17T04:00:00Z,37.5,37.84,37.29,37.35,136546,1308,37.4672
2016-10-18T04:00:00Z,37.82,37.82,36.71,36.72,144920,1522,37.0334
2016-10-19T04:00:00Z,36.79,36.9,36.1,36.64,220272,1958,36.6419
2016-10-20T04:00:00Z,36.41,36.49,35.36,35.38,320117,3463,35.624
2016-10-21T04:00:00Z,35.03,35.69,34.54,35.5,194629,1873,35.4516
2016-10-24T04:00:00Z,35.77,36.32,35.58,35.8,171931,1817,35.8754
2016-10-25T04:00:00Z,35.8,36.642,35.12,35.33,143403,1258,35.3962
2016-10-26T04:00:00Z,35.05,35.64,34.58,34.65,306117,2960,34.9642
2016-10-27T04:00:00Z,36.64,38.11,34.945,35.96,430706,3784,36.456
2016-10-28T04:00:00Z,36.12,37.714,36.12,37.36,247001,2625,37.2707
2016-10-31T04:00:00Z,37.45,38.95,37.3,38.9,292783,1898,38.5963
2016-11-01T04:00:00Z,39,39.45,38.25,39.1,247874,2224,38.8447
2016-11-02T04:00:00Z,39,39.8,38.75,39.2,248151,2143,39.3856
2016-11-03T04:00:00Z,39.25,39.65,38.55,38.6,313210,1926,38.9308
2016-11-04T04:00:00Z,38.8,39.05,38.45,38.65,392923,3200,38.7652
2016-11-07T05:00:00Z,39.25,39.8,38.975,39.2,257956,2313,39.3523
2016-11-08T05:00:00Z,39.45,40.65,39.25,40.65,278264,2375,40.3134
2016-11-09T05:00:00Z,40.35,43.25,40.255,42.95,500992,4913,42.4683
2016-11-10T05:00:00Z,43.6,44.3,42.85,43.3,407066,4080,43.4216
2016-11-11T05:00:00Z,43.3,43.9,42.6,42.95,431530,4063,43.0248
2016-11-14T05:00:00Z,44.25,44.25,42.3,42.95,580736,4571,42.9984
2016-11-15T05:00:00Z,43,44.15,42.65,44.05,281727,2450,43.6028
2016-11-16T05:00:00Z,44.1,44.6,43,44.5,344865,2992,44.0773
2016-11-17T05:00:00Z,44.85,45.55,44.6,44.85,214800,2062,44.9045
2016-11-18T05:00:00Z,45.05,45.8,44.6,45.55,282380,2229,45.3105
2016-11-21T05:00:00Z,45.55,46,44.75,45.8,192636,1967,45.4925
2016-11-22T05:00:00Z,46.25,46.7,45.8,46.55,293315,3119,46.2962
2016-11-23T05:00:00Z,46.35,47.25,46.25,46.9,192819,1782,46.901
2016-11-25T05:00:00Z,47.2,48.05,46.7997,47.85,113874,1152,47.7031
2016-11-28T05:00:00Z,47.9,48.05,46.85,47,186820,1776,47.3211
2016-11-29T05:00:00Z,46.875,46.9,44.3,45,514905,4518,44.9802
2016-11-30T05:00:00Z,45,45.65,44.6,45,271842,2524,44.9201
2016-12-01T05:00:00Z,45.15,46,44.6,44.65,307412,2868,44.9406
2016-12-02T05:00:00Z,44.2,45.9,43.055,45.3,515456,3698,45.0218
2016-12-05T05:00:00Z,46,46.2,45.1,45.95,238916,2167,45.8219
2016-12-06T05:00:00Z,46.4,46.5,45.275,45.6,357250,2545,45.6774
2016-12-07T05:00:00Z,45.85,45.85,44.7,45.25,284620,2417,45.1123
2016-12-08T05:00:00Z,45.25,45.45,44.6,44.825,365686,3334,45.0063
2016-12-09T05:00:00Z,44.75,44.85,44,44.05,332890,2770,44.2524
2016-12-12T05:00:00Z,43.85,44,43.03,43.6,516468,3911,43.4769
2016-12-13T05:00:00Z,43.8,44.7,42.875,43.15,330489,3048,43.4177
2016-12-14T05:00:00Z,43,43.95,42.69,42.8,209863,2030,43.1118
2016-12-15T05:00:00Z,42.7,43.1,41.9,42.55,378751,2448,42.5292
2016-12-16T05:00:00Z,42.65,43.1999,42.4,42.925,729619,2765,42.8268
2016-12-19T05:00:00Z,43.15,43.6,42.95,43.35,267201,2339,43.2938
2016-12-20T05:00:00Z,43.35,43.95,43,43.85,247790,2315,43.5334
2016-12-21T05:00:00Z,44,44.2212,43.575,43.7,194398,1868,43.8469
2016-12-22T05:00:00Z,43.5,43.825,42.85,43,201574,1682,43.1809
2016-12-23T05:00:00Z,43.1,43.15,42.65,42.9,114289,1073,42.8746
2016-12-27T05:00:00Z,42.7,43.65,42.7,43.15,165287,1647,43.2254
2016-12-28T05:00:00Z,43.25,43.3,42.55,42.8,160367,1670,42.8411
2016-12-29T05:00:00Z,42.85,43.1,42.1927,42.55,176706,1432,42.5048
2016-12-30T05:00:00Z,42.5,42.55,41.45,41.65,284379,2023,41.7843
2017-01-03T05:00:00Z,42,43.2,41.46,43.2,303718,2636,42.8065
2017-01-04T05:00:00Z,43.35,44.05,42.7,44.05,391773,2984,43.4973
2017-01-05T05:00:00Z,44.25,44.7,43.25,43.45,374911,3142,43.6469
2017-01-06T05:00:00Z,43.65,43.65,41.35,41.35,382141,3002,42.1192
2017-01-09T05:00:00Z,41.1,41.7,40.75,41.55,262396,2231,41.3634
2017-01-10T05:00:00Z,41.75,43.6,41.35,43.45,559719,4312,42.9831
2017-01-11T05:00:00Z,43.45,44.15,43.15,44.15,262707,2106,43.681
2017-01-12T05:00:00Z,44.15,44.15,42.5,42.95,310241,1882,43.124
2017-01-13T05:00:00Z,42.9,44.05,42.9,43.25,230263,1853,43.3952
2017-01-17T05:00:00Z,43.2,43.2,41.85,41.85,148477,1274,42.1874
2017-01-18T05:00:00Z,41.95,42.75,41.5,42.7,281472,2435,42.2688
2017-01-19T05:00:00Z,42.6,42.95,41.95,42.1,158252,1373,42.3869
2017-01-20T05:00:00Z,42.2,42.65,41.825,42.2,183295,1356,42.1995
2017-01-23T05:00:00Z,42.05,42.8,42.05,42.8,124585,1235,42.5263
2017-01-24T05:00:00Z,42.95,44.1,42.9,43.9,123070,1432,43.701
2017-01-25T05:00:00Z,44.3,45.05,44.15,44.6,148232,1775,44.5773
2017-01-26T05:00:00Z,44.45,45.05,42.45,43.2,273410,2465,43.1557
2017-01-27T05:00:00Z,43.25,43.55,42.95,43.4,136491,1110,43.356
2017-01-30T05:00:00Z,43.15,43.3,42.3,43.05,208220,1409,42.9726
2017-01-31T05:00:00Z,42.9,44.05,42.8,43.9,172484,1731,43.5572
2017-02-01T05:00:00Z,44.15,44.45,42.85,43.05,167678,1435,43.2094
2017-02-02T05:00:00Z,43,43.95,42.6739,43.4,188499,1667,43.343
2017-02-03T05:00:00Z,43.45,43.45,40.8,41.25,420886,3083,41.4498
2017-02-06T05:00:00Z,41.05,41.65,39.65,41.2,338806,2261,41.0417
2017-02-07T05:00:00Z,40.85,41.4,40.4504,40.95,247592,1900,40.9105
2017-02-08T05:00:00Z,40.95,41.575,40.5,41.4,193696,1773,41.1704
2017-02-09T05:00:00Z,41.45,42.7,41.45,42.55,139370,1256,42.3568
2017-02-10T05:00:00Z,42.8,43.5,42.45,43.45,204640,1706,43.2208
2017-02-13T05:00:00Z,43.8,44.4,42.75,42.9,118312,1192,43.3476
2017-02-14T05:00:00Z,42.6,43.15,42.2,42.9,156373,1519,42.7189
2017-02-15T05:00:00Z,42.85,43.8,42.65,43.8,141288,1318,43.3604
2017-02-16T05:00:00Z,43.85,44.9,43.05,44.3,289300,2644,44.1516
2017-02-17T05:00:00Z,43.8,43.8,38.85,40.3,1003075,6590,40.6426
2017-02-21T05:00:00Z,40.3,41.4,40.3,41.3,258052,2326,40.9671
2017-02-22T05:00:00Z,41.1,41.9,40.5,41.85,474276,3098,41.4572
2017-02-23T05:00:00Z,41.9,42.15,40.55,40.75,322915,3108,41.2733
2017-02-24T05:00:00Z,40.3,41.3,40.3,41.25,295646,2439,40.8639
2017-02-27T05:00:00Z,41.05,42.75,41.05,42.45,460201,3828,42.3566
2017-02-28T05:00:00Z,42.55,42.6,41.45,41.45,423601,2685,41.7472
2017-03-01T05:00:00Z,41.75,42.7,41.75,42.4,213448,1862,42.3289
2017-03-02T05:00:00Z,42.3,42.4,40.7,40.75,170242,1734,41.2298
2017-03-03T05:00:00Z,40.75,41.8,40.45,40.8,191498,1585,40.7355
2017-03-06T05:00:00Z,40.4,40.45,39.844,40.25,182103,1461,40.2584
2017-03-07T05:00:00Z,40.15,40.45,39.45,39.45,187819,1458,39.789
2017-03-08T05:00:00Z,39.65,39.85,38.8,38.8,142966,1371,39.0822
2017-03-09T05:00:00Z,38.8,39.325,38.55,38.7,136366,1224,38.8427
2017-03-10T05:00:00Z,38.95,39.45,38.7,39.25,139997,1517,39.0923
2017-03-13T04:00:00Z,39.25,40.5,39.25,40.25,135322,1545,40.041
2017-03-14T04:00:00Z,40.1,40.5,39.55,40.375,184039,1635,40.31
2017-03-15T04:00:00Z,40.55,41.6,40.375,41.35,145088,1354,41.1389
2017-03-16T04:00:00Z,41.6,42,41.4,41.7,194501,1714,41.6923
2017-03-17T04:00:00Z,41.6,42.5,41.6,42.5,471800,1491,42.1766
2017-03-20T04:00:00Z,42.25,42.25,41.65,41.85,172331,1277,41.901
2017-03-21T04:00:00Z,42,42,40.75,41.05,255565,1873,41.1453
2017-03-22T04:00:00Z,40.9,41.15,39.75,39.8,211860,1744,39.988
2017-03-23T04:00:00Z,39.8,40.5,39.75,40.25,212875,1573,40.2253
2017-03-24T04:00:00Z,40.3,40.95,39.6,40.1,171774,1074,40.1374
2017-03-27T04:00:00Z,39.5,40.25,39,40.05,105347,1004,39.8919
2017-03-28T04:00:00Z,39.75,40.65,38.9,40.4,181051,1429,40.2112
2017-03-29T04:00:00Z,40.15,40.2,39.9,40.2,117732,851,40.0873
2017-03-30T04:00:00Z,40.2,41.15,40.2,41.05,213402,1036,40.8075
2017-03-31T04:00:00Z,41.05,41.4,40.7,41.2,315053,1566,41.1817
2017-04-03T04:00:00Z,41.25,41.4,38.825,39.55,255422,2069,39.5327
2017-04-04T04:00:00Z,39.45,40.15,39.45,39.55,132085,1263,39.6294
2017-04-05T04:00:00Z,39.75,40.15,39.1,39.2,201546,1739,39.4347
2017-04-06T04:00:00Z,39.25,39.9,39.075,39.6,154108,1203,39.4921
2017-04-07T04:00:00Z,39.55,39.85,39.3,39.7,296787,1179,39.6464
2017-04-10T04:00:00Z,39.7,40.22,39.5,39.95,110980,1112,39.871
2017-04-11T04:00:00Z,39.8,40.45,39.8,40.45,99702,983,40.3052
2017-04-12T04:00:00Z,40.35,40.35,39.05,39.1,157576,1603,39.4034
2017-04-13T04:00:00Z,39.05,39.1,37.3,37.3,300712,2611,37.7754
2017-04-17T04:00:00Z,37.35,37.6,36.7,36.85,433770,3600,37.0002
2017-04-18T04:00:00Z,36.35,37.15,36.005,37,268148,2548,36.8198
2017-04-19T04:00:00Z,37,37.65,36.9,37.2,267880,2523,37.2196
2017-04-20T04:00:00Z,37.25,38.35,37.25,38.15,212356,1850,37.8497
2017-04-21T04:00:00Z,38.15,38.425,37.825,38.3,185522,1442,38.19
2017-04-24T04:00:00Z,38.9,39.1,38.45,38.6,169489,1599,38.6682
2017-04-25T04:00:00Z,39,39.45,39,39.1,126705,1367,39.1885
2017-04-26T04:00:00Z,38.9,39.5,37.5,39.1,214208,1976,39.1411
2017-04-27T04:00:00Z,39.1,39.55,38.75,39.5,222138,1721,39.3062
2017-04-28T04:00:00Z,39.5,39.564,38.65,39.25,215310,2084,39.1522
2017-05-01T04:00:00Z,39.2,39.95,38.75,39.15,476298,2563,39.3096
2017-05-02T04:00:00Z,39.15,39.55,38.525,38.9,218237,2016,38.9339
2017-05-03T04:00:00Z,38.7,39,38.4,38.9,199958,1716,38.7274
2017-05-04T04:00:00Z,38.95,39.35,38.55,39,307304,2345,39.045
2017-05-05T04:00:00Z,32.7,35.75,31.205,34.425,1183222,7585,34.1459
2017-05-08T04:00:00Z,34.15,34.15,32.85,33.15,305970,3128,33.3256
2017-05-09T04:00:00Z,33.1,33.5,32.1,32.3,304147,2719,32.733
2017-05-10T04:00:00Z,32.35,32.5,31.65,31.7,342801,3180,31.879
2017-05-11T04:00:00Z,31.5,31.65,30.675,31.55,467380,3485,31.1983
2017-05-12T04:00:00Z,31.5,32.4,31.4,32.025,281374,1897,32.0369
2017-05-15T04:00:00Z,32.15,32.3,31.75,32.1,141008,1259,32.0112
2017-05-16T04:00:00Z,32.25,32.4,31.95,32.1,210822,1747,32.1471
2017-05-17T04:00:00Z,31.75,31.95,31,31.05,263222,1947,31.3306
2017-05-18T04:00:00Z,30.95,31.275,30.85,30.9,147526,1697,31.0191
2017-05-19T04:00:00Z,31.05,31.45,30.8,31.4,242806,2354,31.2129
2017-05-22T04:00:00Z,31.55,31.95,31.35,31.85,258386,2529,31.7309
2017-05-23T04:00:00Z,31.9,32.5,31.5,32.35,261143,2152,32.2152
2017-05-24T04:00:00Z,32.5,32.65,32.15,32.4,217668,2200,32.4154
2017-05-25T04:00:00Z,32.55,32.65,31.775,32.05,169725,2193,32.0513
2017-05-26T04:00:00Z,31.95,31.95,31.43,31.55,175869,1444,31.5853
2017-05-30T04:00:00Z,31.4,31.6,31,31.25,276728,2058,31.1969
2017-05-31T04:00:00Z,31.25,31.9,30.4,31.1,1393330,5689,31.0008
2017-06-01T04:00:00Z,31.1,31.9,30.85,31.85,319917,2465,31.6466
2017-06-02T04:00:00Z,31.85,32.75,31.85,32.7,310222,2703,32.5421
2017-06-05T04:00:00Z,32.85,32.95,32.55,32.75,187296,1758,32.7649
2017-06-06T04:00:00Z,32.5,33.5,32.1,33.25,338038,3170,33.0997
2017-06-07T04:00:00Z,33.4,33.65,33.05,33.35,481322,4265,33.3367
2017-06-08T04:00:00Z,33.4,34.575,33.35,34.4,362652,3021,34.1731
2017-06-09T04:00:00Z,34.6,35.175,34,35.05,344305,4488,34.8758
2017-06-12T04:00:00Z,34.9,35.35,34.175,34.4,421191,2593,34.703
2017-06-13T04:00:00Z,34.55,34.8,34.35,34.5,186044,1898,34.5134
2017-06-14T04:00:00Z,34.5,34.7,33.85,34.45,306085,2967,34.2734
2017-06-15T04:00:00Z,34.05,34.65,34.05,34.5,163569,1602,34.4871
2017-06-16T04:00:00Z,34.4,34.8,34.35,34.8,380811,1680,34.5967
2017-06-19T04:00:00Z,34.95,35.225,34.5,35.15,158958,1931,34.9049
2017-06-20T04:00:00Z,35,35.15,34.85,35,157215,1532,34.9772
2017-06-21T04:00:00Z,35.15,35.5381,34.65,34.7,178634,1514,34.8278
2017-06-22T04:00:00Z,34.6,35,34.45,34.5,291598,2239,34.6087
2017-06-23T04:00:00Z,34.65,34.725,34.35,34.45,1308278,2408,34.475
2017-06-26T04:00:00Z,34.5,35.1,34.45,34.65,311224,2569,34.7167
2017-06-27T04:00:00Z,34.6,35.05,34.05,34.3,402798,3237,34.4606
2017-06-28T04:00:00Z,34.55,35.15,34.5,34.85,204212,1752,34.8819
2017-06-29T04:00:00Z,34.9,35.275,34.45,35.1,189555,2002,35.0314
2017-06-30T04:00:00Z,35.15,35.75,35.15,35.65,143907,1572,35.5777
2017-07-03T04:00:00Z,35.7,35.95,35.35,35.85,79590,803,35.7066
2017-07-05T04:00:00Z,35.8,36.075,35.75,35.8,170299,1830,35.8527
2017-07-06T04:00:00Z,35.55,36,35.55,35.7,299726,2396,35.7336
2017-07-07T04:00:00Z,35.65,35.925,35,35.2,226734,2394,35.4687
2017-07-10T04:00:00Z,35,35.05,34.05,34.45,387921,3197,34.5407
2017-07-11T04:00:00Z,34.4,34.95,33.9,34.2,273043,2230,34.2787
2017-07-12T04:00:00Z,33.95,34.05,32.45,33.3,771062,5524,33.0692
2017-07-13T04:00:00Z,33.4,33.85,32.85,33.35,304768,2425,33.3698
2017-07-14T04:00:00Z,33.35,33.75,33.2,33.4,376889,2065,33.3429
2017-07-17T04:00:00Z,33.35,34,33.25,34,274998,2283,33.7013
2017-07-18T04:00:00Z,33.8,34,32.5,32.5,312668,2252,32.9711
2017-07-19T04:00:00Z,32.6,33.15,32.35,32.95,350943,2670,32.8387
2017-07-20T04:00:00Z,33.1,33.1,32.4,32.85,207425,1760,32.6875
2017-07-21T04:00:00Z,33.1,33.1,31.35,31.5,337263,2615,31.8592
2017-07-24T04:00:00Z,31.5,31.55,30.8,30.9,373526,3523,31.0328
2017-07-25T04:00:00Z,30.9,32,30.65,31.65,646963,4907,31.2628
2017-07-26T04:00:00Z,31.85,31.85,30.55,30.7,559184,4567,31.0165
2017-07-27T04:00:00Z,30.75,31.45,28.05,29.45,1067556,7204,29.9193
2017-07-28T04:00:00Z,29.2,30,28.555,29.95,636404,3402,29.2963
2017-07-31T04:00:00Z,30.05,30.05,29.475,29.85,291234,2090,29.8445
2017-08-01T04:00:00Z,30,30.45,29.9,30.2,395714,3383,30.2198
2017-08-02T04:00:00Z,30.25,30.4,29.05,29.15,257368,2628,29.34
2017-08-03T04:00:00Z,29.3,29.8,29.15,29.55,227644,2001,29.5604
2017-08-04T04:00:00Z,29.55,30,29.55,29.85,174779,1695,29.8719
2017-08-07T04:00:00Z,29.8,30.43,29.7,29.8,164486,1548,29.8212
2017-08-08T04:00:00Z,29.75,30.175,29.55,29.8,443953,3369,29.9563
2017-08-09T04:00:00Z,29.55,29.8,29,29.15,188840,1573,29.2669
2017-08-10T04:00:00Z,28.95,29.25,28.5,28.5,300445,2257,28.7187
2017-08-11T04:00:00Z,28.7,29.1,28.45,28.75,231709,1877,28.7804
2017-08-14T04:00:00Z,29.05,29.25,28.9,29.15,251427,1833,29.0603
2017-08-15T04:00:00Z,29.15,29.2,28.05,28.15,150963,1633,28.4104
2017-08-16T04:00:00Z,28.2,28.5,27.4,27.75,300085,2932,27.7598
2017-08-17T04:00:00Z,27.6,27.95,26.975,27,268608,2576,27.385
2017-08-18T04:00:00Z,26.75,27.125,25.61,26.95,302201,2460,26.8907
2017-08-21T04:00:00Z,26.85,27.175,26.75,26.85,166018,1334,26.9035
2017-08-22T04:00:00Z,27,28.2135,26.925,27.35,202175,1831,27.2514
2017-08-23T04:00:00Z,27.2,28.2,27.2,27.7,265741,2122,27.8344
2017-08-24T04:00:00Z,27.8,28,27.45,27.85,213925,1915,27.7453
2017-08-25T04:00:00Z,27.85,28.2,27.65,28.15,186900,1627,28.006
2017-08-28T04:00:00Z,28.1,28.65,28.1,28.3,350911,2775,28.3948
2017-08-29T04:00:00Z,28.15,28.7,27.95,28.65,296688,2281,28.4175
2017-08-30T04:00:00Z,28.6,29.3,28.55,29.25,272548,2765,29.0533
2017-08-31T04:00:00Z,29.4,29.55,29.15,29.25,235727,1828,29.3368
2017-09-01T04:00:00Z,29.3,29.5,29.15,29.3,127024,1320,29.2766
2017-09-05T04:00:00Z,29.2,29.5,28.3,28.35,194610,1936,28.5852
2017-09-06T04:00:00Z,28.55,28.95,28.5,28.9,122281,1364,28.7822
2017-09-07T04:00:00Z,29.05,29.05,28.05,28.3,133508,1713,28.3867
2017-09-08T04:00:00Z,28.35,28.85,28.15,28.65,106990,1179,28.6124
2017-09-11T04:00:00Z,28.9,28.95,28.6,28.75,105805,1164,28.785
2017-09-12T04:00:00Z,28.9,29,28.5,28.525,192977,1621,28.6414
2017-09-13T04:00:00Z,28.5,29.55,28.5,29.2,362887,2823,28.9687
2017-09-14T04:00:00Z,29.2,29.2,28.4,28.5,130825,1218,28.5722
2017-09-15T04:00:00Z,28.6,29,28.45,29,488875,1819,28.8438
2017-09-18T04:00:00Z,29.05,29.15,28.675,29,181596,1987,28.9732
2017-09-19T04:00:00Z,28.95,29.05,28.5,28.85,287510,2014,28.8441
2017-09-20T04:00:00Z,28.8,29.3,28.8,29.2,234766,1586,29.1162
2017-09-21T04:00:00Z,29.1,29.5,29.1,29.3,151573,1343,29.3232
2017-09-22T04:00:00Z,29.05,29.65,29.05,29.6,213889,1663,29.5455
2017-09-25T04:00:00Z,29.6,29.9,29.45,29.9,167345,1291,29.7511
2017-09-26T04:00:00Z,29.85,30.35,29.85,30.2,312609,2053,30.24
2017-09-27T04:00:00Z,30.4,31.35,30.25,30.8,419153,2255,30.7026
2017-09-28T04:00:00Z,30.85,31.05,30.55,30.95,338704,2784,30.848
2017-09-29T04:00:00Z,31.05,31.15,30.25,31.15,266188,1386,30.9216
2017-10-02T04:00:00Z,31.15,31.475,30.95,31.3,153726,1432,31.2897
2017-10-03T04:00:00Z,31.45,31.85,31.25,31.8,138157,1463,31.6108
2017-10-04T04:00:00Z,31.75,32.05,31.2,31.25,182559,1915,31.4485
2017-10-05T04:00:00Z,31.25,31.6,31.15,31.3,153235,1562,31.3468
2017-10-06T04:00:00Z,31.15,31.53,31.1,31.35,278154,1760,31.2911
2017-10-09T04:00:00Z,31.35,31.575,31.2,31.5,101346,1024,31.4554
2017-10-10T04:00:00Z,31.75,32.05,31.65,31.85,178600,1982,31.8572
2017-10-11T04:00:00Z,31.9,32.2,31.8,32.1,167748,1627,32.0437
2017-10-12T04:00:00Z,32.15,32.3,31.95,32.3,156597,1272,32.2027
2017-10-13T04:00:00Z,32.4,32.6,32.2,32.5,206193,1861,32.4453
2017-10-16T04:00:00Z,32.5,32.75,32.3,32.55,231257,1916,32.563
2017-10-17T04:00:00Z,32.5,32.625,31.95,32.1,172621,1486,32.1946
2017-10-18T04:00:00Z,32.6,33.25,32.2,32.75,204747,2124,32.8736
2017-10-19T04:00:00Z,32.55,32.85,31.73,32.6,175670,1413,32.6193
2017-10-20T04:00:00Z,32.95,33.025,32.55,32.55,185270,1746,32.707
2017-10-23T04:00:00Z,32.6,32.95,32.55,32.85,135661,1185,32.781
2017-10-24T04:00:00Z,32.85,33.1,32.65,33,106772,1124,32.9508
2017-10-25T04:00:00Z,32.7,32.8,32.3,32.5,142749,1787,32.5377
2017-10-26T04:00:00Z,32.7,33.15,32.45,32.7,119185,1393,32.7092
2017-10-27T04:00:00Z,32.75,33,32.35,32.55,158280,1544,32.5931
2017-10-30T04:00:00Z,32.2,32.9,31.3,31.8,281581,1954,31.9625
2017-10-31T04:00:00Z,32,33.325,32,33.25,235185,1761,33.0996
2017-11-01T04:00:00Z,33.45,33.95,32.5,32.5,244257,2254,33.1813
2017-11-02T04:00:00Z,32.4,32.9,31.85,32.7,190097,1732,32.5436
2017-11-03T04:00:00Z,33.4,34.2,32.3,33,414082,3199,32.8757
2017-11-06T05:00:00Z,33,33.55,32.825,33.25,225855,2503,33.1992
2017-11-07T05:00:00Z,33.4,33.45,32.25,32.5,366983,3380,32.6829
2017-11-08T05:00:00Z,32.6,32.75,32.15,32.2,346405,2491,32.4309
2017-11-09T05:00:00Z,31.95,32.25,30.95,31.15,353585,3507,31.3559
2017-11-10T05:00:00Z,31.1,31.3,30.5,30.5,322019,3066,30.8517
2017-11-13T05:00:00Z,30.25,30.825,29.95,30.55,190270,1852,30.4499
2017-11-14T05:00:00Z,30.45,30.9,30.3,30.7,116190,1406,30.608
2017-11-15T05:00:00Z,30.45,31.1,30.3,30.8,123680,1398,30.831
2017-11-16T05:00:00Z,30.9,31.9,30.85,31.75,236448,1746,31.707
2017-11-17T05:00:00Z,31.5,32.05,30.7,31.65,187476,1747,31.6685
2017-11-20T05:00:00Z,31.7,32.05,31.5,31.75,113755,1179,31.6846
2017-11-21T05:00:00Z,31.8,32.5,31.6,32.45,165067,1461,32.2829
2017-11-22T05:00:00Z,32.45,32.822,32.25,32.4,129667,1753,32.4626
2017-11-24T05:00:00Z,32.4,32.4,31.95,32.35,52883,695,32.2122
2017-11-27T05:00:00Z,32.3,32.4,31.7,31.7,103360,1291,31.9349
2017-11-28T05:00:00Z,31.75,32.7,31.7,32.65,146504,1671,32.3431
2017-11-29T05:00:00Z,32.7,33.05,32.3,32.75,203690,1888,32.6356
2017-11-30T05:00:00Z,32.95,33.25,32.75,32.9,257200,2128,33.0025
2017-12-01T05:00:00Z,32.9,33.5,31.7,33.05,229804,2418,32.9135
2017-12-04T05:00:00Z,33.25,33.25,31.2,31.95,478668,3059,31.7862
2017-12-05T05:00:00Z,32,32,31.025,31.05,435138,2161,31.4097
2017-12-06T05:00:00Z,31.1,31.575,31.1,31.25,342705,1862,31.3243
2017-12-07T05:00:00Z,31.3,31.8,30.9,31.25,387712,2545,31.3717
2017-12-08T05:00:00Z,31.35,31.95,31.1,31.45,384179,2519,31.5206
2017-12-11T05:00:00Z,31.55,31.75,30.7,30.75,148250,1628,31.0662
2017-12-12T05:00:00Z,30.9,31,30.175,30.4,193256,1809,30.4709
2017-12-13T05:00:00Z,30.4,30.65,29.975,30.05,208066,2040,30.2334
2017-12-14T05:00:00Z,30.1,30.3,29.5,29.85,277440,2258,29.8061
2017-12-15T05:00:00Z,30.1,30.95,30.05,30.8,1474343,3471,30.4926
2017-12-18T05:00:00Z,31.1,31.9,31.1,31.7,226313,1921,31.5548
2017-12-19T05:00:00Z,31.65,31.85,31.075,31.5,267258,2231,31.5483
2017-12-20T05:00:00Z,31.5,32,31,31.8,164478,1511,31.6714
2017-12-21T05:00:00Z,31.85,32.65,31.45,32.4,148550,1483,32.2344
2017-12-22T05:00:00Z,32.35,32.4,31.7,32.1,181868,1425,32.0349
2017-12-26T05:00:00Z,32.05,32.425,32,32.25,130374,1140,32.2886
2017-12-27T05:00:00Z,32.35,32.95,32.25,32.8,248590,1847,32.7111
2017-12-28T05:00:00Z,32.75,33.1,32.5,33.05,196484,1441,32.8885
2017-12-29T05:00:00Z,32.95,33.35,32.8,33,295842,2128,33.0216
2018-01-02T05:00:00Z,33.25,33.8,32.905,33.7,210480,1897,33.492
2018-01-03T05:00:00Z,33.65,34.025,33.2,33.75,357987,2678,33.6883
2018-01-04T05:00:00Z,33.7,33.95,32.95,33.25,251633,1855,33.248
2018-01-05T05:00:00Z,33.4,33.9,33.2,33.55,113322,1329,33.5239
2018-01-08T05:00:00Z,33.6,33.95,33.4,33.85,264928,1502,33.7473
2018-01-09T05:00:00Z,33.85,35.05,33.8,35.05,438084,2868,34.7392
2018-01-10T05:00:00Z,34.8,35,34.25,34.55,494598,3543,34.6276
2018-01-11T05:00:00Z,34.65,36,34.35,35.9,520421,3990,35.6772
2018-01-12T05:00:00Z,35.9,36.55,35.75,36.5,405238,3159,36.1834
2018-01-16T05:00:00Z,36.85,37.2,36.45,36.45,376349,3544,36.7505
2018-01-17T05:00:00Z,36.85,37.55,36.6,37.15,510348,3524,37.0366
2018-01-18T05:00:00Z,37.05,37.39,36.25,36.6,332145,1870,36.4826
2018-01-19T05:00:00Z,36.5,37.65,36.5,37.45,307308,2228,37.2422
2018-01-22T05:00:00Z,37.3,38.45,36.9,38.35,346827,3281,37.8496
2018-01-23T05:00:00Z,38.45,38.5,38.025,38.2,427013,3073,38.2877
2018-01-24T05:00:00Z,38.35,38.65,37.8,38.05,501200,3707,38.1593
2018-01-25T05:00:00Z,38.35,38.35,37.7,38.1,249891,1670,38.0291
2018-01-26T05:00:00Z,38.35,38.8,37.55,37.9,263272,1364,37.8067
2018-01-29T05:00:00Z,37.75,38.35,37.275,37.35,253152,2420,37.6636
2018-01-30T05:00:00Z,37.05,38.2672,36.85,37.25,295153,2676,37.2915
2018-01-31T05:00:00Z,37.55,38.2,37,37.1,196160,1764,37.3798
2018-02-01T05:00:00Z,37,37.1,36.2,36.3,215571,2170,36.6597
2018-02-02T05:00:00Z,36.05,37.24,35.2,35.2,201313,1703,35.6416
2018-02-05T05:00:00Z,34.7,35.1,33.7,33.8,205421,1901,34.4104
2018-02-06T05:00:00Z,33.3,34.55,33,34.25,346373,2950,33.8973
2018-02-07T05:00:00Z,34.1,34.15,33.3,33.35,247536,2065,33.5989
2018-02-08T05:00:00Z,33.4,33.4,32.05,32.05,315362,2404,32.6281
2018-02-09T05:00:00Z,32.55,32.7,31.35,31.65,488952,3204,31.7472
2018-02-12T05:00:00Z,31.85,32.35,30.055,31.85,355784,3043,31.7139
2018-02-13T05:00:00Z,31.55,31.7,31.2,31.35,214521,1707,31.3795
2018-02-14T05:00:00Z,31.2,31.85,31.2,31.5,285799,2764,31.5642
2018-02-15T05:00:00Z,31.8,32.2,31.35,31.4,168193,1855,31.5626
2018-02-16T05:00:00Z,31.35,32.15,31.25,31.8,316718,2634,31.8766
2018-02-20T05:00:00Z,31.6,32,31.25,31.4,220230,1775,31.5141
2018-02-21T05:00:00Z,31.5,31.9,31.15,31.75,499626,4003,31.5048
2018-02-22T05:00:00Z,34.65,37.4,34.65,35.35,620673,4870,36.0584
2018-02-23T05:00:00Z,35.8,35.95,34.85,35.45,442242,3102,35.4099
2018-02-26T05:00:00Z,35.65,36.6,35.25,36.45,300031,2476,35.9343
2018-02-27T05:00:00Z,36.4,36.95,35.6,35.65,181801,1786,36.0581
2018-02-28T05:00:00Z,35.85,36,34.7,34.7,223364,1784,35.0792
2018-03-01T05:00:00Z,33.05,34.3,33.05,33.35,302627,3024,33.541
2018-03-02T05:00:00Z,32.9,33.35,32.375,33.15,374459,2248,33.1626
2018-03-05T05:00:00Z,33,33.825,32.7,33.55,217507,1889,33.4035
2018-03-06T05:00:00Z,33.7,34.55,33.45,34.45,196967,1839,34.1956
2018-03-07T05:00:00Z,34.05,34.45,33.7,34.3,131929,1329,34.1516
2018-03-08T05:00:00Z,34.35,34.55,33.05,33.9,127136,1282,33.936
2018-03-09T05:00:00Z,34.15,35,33.95,35,144354,1758,34.6876
2018-03-12T04:00:00Z,35,35.7,34.25,35.25,238016,2151,35.3104
2018-03-13T04:00:00Z,35.3,35.8,35.1,35.25,131056,1493,35.3564
2018-03-14T04:00:00Z,35.5,35.5,34.55,35.15,160681,1717,35.0875
2018-03-15T04:00:00Z,35.15,35.45,34.55,34.8,176214,1745,34.8976
2018-03-16T04:00:00Z,34.8,35.75,34.8,35.45,565387,1999,35.3094
2018-03-19T04:00:00Z,35.05,35.15,34.01,34.95,182011,1724,34.9158
2018-03-20T04:00:00Z,35.1,35.3,34.75,34.95,89184,1033,34.9943
2018-03-21T04:00:00Z,34.95,35.95,34.95,35.5,91710,1069,35.5657
2018-03-22T04:00:00Z,35.2,35.45,34.575,34.6,209117,1918,34.9941
2018-03-23T04:00:00Z,34.75,34.75,33.3,33.35,281597,1920,33.6119
2018-03-26T04:00:00Z,33.95,34.5,33.3,34.45,236764,2292,33.8621
2018-03-27T04:00:00Z,34.5,34.5,33.25,33.4,411724,2591,33.5184
2018-03-28T04:00:00Z,33.55,34.325,33.4,33.8,227114,1915,33.8456
2018-03-29T04:00:00Z,34.1,34.35,33.75,33.85,430279,2240,33.9924
2018-04-02T04:00:00Z,33.8,34,32.9,33.1,409971,2744,33.2418
2018-04-03T04:00:00Z,33.3,33.95,33.05,33.85,200299,1766,33.5404
2018-04-04T04:00:00Z,33.4,34.75,33.4,34.65,193166,1578,34.3554
2018-04-05T04:00:00Z,34.85,35.25,34.725,34.85,190513,1806,34.9498
2018-04-06T04:00:00Z,34.5,34.9,33.55,34,153898,1155,34.0946
2018-04-09T04:00:00Z,34.2,34.9,33.35,33.4,171274,1713,33.6683
2018-04-10T04:00:00Z,33.8,34.405,33.45,33.75,180416,1468,33.7716
2018-04-11T04:00:00Z,33.5,33.8,32.6,33.325,175615,1510,33.4285
2018-04-12T04:00:00Z,33.5,33.6,33.1,33.15,226417,2353,33.2743
2018-04-13T04:00:00Z,33.3,33.925,33.05,33.7,209926,1837,33.6924
2018-04-16T04:00:00Z,33.95,34.5,33.6,34.5,127327,1102,34.3039
2018-04-17T04:00:00Z,34.7,35.45,34.6,35.45,295443,2230,35.0825
2018-04-18T04:00:00Z,35.6,36.15,35.5,35.7,170194,1454,35.809
2018-04-19T04:00:00Z,35.55,35.55,34.65,35.1,146248,1631,35.0855
2018-04-20T04:00:00Z,35.2,36.1,34.8,35.4,269476,1905,35.2525
2018-04-23T04:00:00Z,35.4,35.85,34.725,35.6,184984,1542,35.5722
2018-04-24T04:00:00Z,35.85,36.1,35.3,35.75,313085,3141,35.6747
2018-04-25T04:00:00Z,35.6,35.8,34.8,35.7,157984,1730,35.4749
2018-04-26T04:00:00Z,35.75,35.9,35.4,35.65,115517,1264,35.6545
2018-04-27T04:00:00Z,35.75,35.75,35.25,35.45,106642,1165,35.4445
2018-04-30T04:00:00Z,35.45,35.6,35.05,35.15,160579,1366,35.2001
2018-05-01T04:00:00Z,35.15,35.3,34.7,35.25,352691,2779,35.0458
2018-05-02T04:00:00Z,35.15,35.25,35.15,35.25,5400,2,35.2364
2018-05-03T04:00:00Z,35.05,35.05,35,35,14514,2,35.0043
2018-05-04T04:00:00Z,33.35,35.7,33.35,35.5,187195,2020,35.1735
2018-05-07T04:00:00Z,35.7,37.4,35.55,36.5,341386,2903,36.7127
2018-05-08T04:00:00Z,36.45,37.005,36,36.9,299642,2778,36.5974
2018-05-09T04:00:00Z,36.8,37.1,36.3,36.45,214745,1970,36.5399
2018-05-10T04:00:00Z,36.55,37.1,36.4,37,162434,1538,36.8161
2018-05-11T04:00:00Z,37.15,37.45,36.85,37.3,130255,1518,37.2375
2018-05-14T04:00:00Z,37.25,37.5,36.05,36.15,267227,2286,36.5647
2018-05-15T04:00:00Z,36,36.4,35.55,35.9,260380,2725,35.9174
2018-05-16T04:00:00Z,36.1,37.15,36.1,36.75,177533,1672,36.7164
2018-05-17T04:00:00Z,36.85,37.85,36.5,37.65,211414,1826,37.5249
2018-05-18T04:00:00Z,37.7,38.675,37.6,38.45,282425,2370,38.22
2018-05-21T04:00:00Z,38.45,38.9,38.45,38.55,127964,1377,38.5957
2018-05-22T04:00:00Z,38.55,38.7,38.25,38.3,153614,1488,38.4495
2018-05-23T04:00:00Z,38.2,38.45,36.9987,38.25,146538,1772,38.23
2018-05-24T04:00:00Z,38.2,38.55,37.75,38.5,203649,1223,38.2677
2018-05-25T04:00:00Z,38.75,39.925,38.7,39.85,327373,2755,39.5679
2018-05-29T04:00:00Z,39.55,40,39.25,39.75,520072,2906,39.6858
2018-05-30T04:00:00Z,39.95,40.6,39.75,40.05,750595,3533,40.1178
2018-05-31T04:00:00Z,40.1,40.4,39.3,39.65,319258,2851,39.7005
2018-06-01T04:00:00Z,39.8,40.15,39,39.1,324344,2582,39.3003
2018-06-04T04:00:00Z,39.3,39.75,39,39.65,389328,2887,39.5181
2018-06-05T04:00:00Z,39.65,40.4,39.55,40,265037,2231,39.9555
2018-06-06T04:00:00Z,40.1,40.15,39.505,40,233113,2076,39.8079
2018-06-07T04:00:00Z,39.9,40.15,39.55,39.9,152416,1519,39.8831
2018-06-08T04:00:00Z,39.1,40.45,39.1,40.4,189175,2057,40.2035
2018-06-11T04:00:00Z,40.5,40.7,39.525,40.45,232176,1899,40.4849
2018-06-12T04:00:00Z,40.45,40.45,39.4,40.2,170160,1605,40.2702
2018-06-13T04:00:00Z,40.2,40.2,39.55,39.8,213559,1764,39.84
2018-06-14T04:00:00Z,39.95,40.4,39.55,40.3,385939,2733,40.0753
2018-06-15T04:00:00Z,40.05,40.1,39.55,39.85,359326,1977,39.8533
2018-06-18T04:00:00Z,39.65,40.3,39.65,39.95,253993,1982,39.9568
2018-06-19T04:00:00Z,39.55,40.05,39.3,39.85,238462,2114,39.6843
2018-06-20T04:00:00Z,40,40,39.35,39.65,152949,1453,39.6499
2018-06-21T04:00:00Z,39.65,39.7,39.25,39.5,207097,1963,39.48
2018-06-22T04:00:00Z,39.7,39.75,38.7,38.8,375723,1695,38.9196
2018-06-25T04:00:00Z,38.6,38.7,37.6,37.8,176733,1813,37.885
2018-06-26T04:00:00Z,37.9,38.25,37.6,38.25,283560,1854,37.9913
2018-06-27T04:00:00Z,38.4,39.3,37.95,37.95,202088,1653,38.453
2018-06-28T04:00:00Z,37.8,38.4,37.8,38.2,226484,2100,38.1319
2018-06-29T04:00:00Z,38.3,38.725,37.5,37.5,212834,1614,37.7367
2018-07-02T04:00:00Z,37.35,37.8,36.85,37.8,228414,2217,37.4346
2018-07-03T04:00:00Z,37.95,38.1,37.65,37.95,56146,512,37.9469
2018-07-05T04:00:00Z,38.15,38.7,37.9,38.65,200069,1790,38.2846
2018-07-06T04:00:00Z,38.7,39.2,38.6,38.8,101989,1161,38.8183
2018-07-09T04:00:00Z,38.9,39.15,38.65,38.9,122446,1258,38.8812
2018-07-10T04:00:00Z,38.85,39.25,38.55,38.8,102742,1119,38.7701
2018-07-11T04:00:00Z,38.6,39.05,38.6,38.65,125391,1363,38.7327
2018-07-12T04:00:00Z,38.75,38.95,38.15,38.55,114515,1512,38.5326
2018-07-13T04:00:00Z,38.6,39.25,38.55,39,67127,754,39.0257
2018-07-16T04:00:00Z,39.05,39.2,38.7,38.95,105944,1025,38.9199
2018-07-17T04:00:00Z,39.1,39.275,38.9,39.2,150607,1087,39.0996
2018-07-18T04:00:00Z,39.15,39.45,38.85,39.15,132156,1184,39.1121
2018-07-19T04:00:00Z,39.1,40.05,38.975,39.9,129841,1346,39.7455
2018-07-20T04:00:00Z,39.8,39.85,39.2,39.3,74394,702,39.4849
2018-07-23T04:00:00Z,39.25,39.3,38.5,38.55,92822,1146,38.7376
2018-07-24T04:00:00Z,38.5,39,37.575,37.7,176127,1995,37.9023
2018-07-25T04:00:00Z,37.75,37.75,36.5,36.85,299347,2754,36.8471
2018-07-26T04:00:00Z,38.85,44.3,38.2,41.8,727694,5391,41.5314
2018-07-27T04:00:00Z,41.75,44.1,41.75,43.6,548775,4243,43.0966
2018-07-30T04:00:00Z,43.5,43.5,41.75,42.1,303183,2943,42.2493
2018-07-31T04:00:00Z,42.2,44.05,42.1,43.45,319781,3016,43.413
2018-08-01T04:00:00Z,43.5,43.5,41.85,41.9,159859,1360,42.2067
2018-08-02T04:00:00Z,41.5,43.15,40.95,43.15,217858,2024,42.5482
2018-08-03T04:00:00Z,42.7,43.15,42.25,43.1,235115,2067,42.7102
2018-08-06T04:00:00Z,43.05,44.15,42.7,44.05,175522,2197,43.5899
2018-08-07T04:00:00Z,44.1,44.95,44.1,44.75,168676,1730,44.6366
2018-08-08T04:00:00Z,44.6,44.95,44.1,44.55,197048,1806,44.606
2018-08-09T04:00:00Z,44.55,44.725,43.6,43.6,101556,1432,44.0742
2018-08-10T04:00:00Z,43.35,43.8,43.15,43.35,61261,847,43.4564
2018-08-13T04:00:00Z,43.4,43.9,43.05,43.55,158787,1481,43.3403
2018-08-14T04:00:00Z,43.65,44.65,43.65,44.35,83855,1397,44.2953
2018-08-15T04:00:00Z,44.25,44.25,43.4,44.1,97595,1093,43.9466
2018-08-16T04:00:00Z,44.35,44.6,44.05,44.525,113485,1278,44.3611
2018-08-17T04:00:00Z,44.4,45.25,44.025,44.9,287410,1720,44.8246
2018-08-20T04:00:00Z,44.95,45.7,44.625,45.35,155805,1398,45.3285
2018-08-21T04:00:00Z,45.55,46.6,45.2,46.05,201593,1582,46.1231
2018-08-22T04:00:00Z,46.1,46.4944,45.75,46.1,134586,1278,45.9891
2018-08-23T04:00:00Z,46.25,46.3,45.41,45.75,98966,845,45.8021
2018-08-24T04:00:00Z,45.8,46,45.4,45.7,95468,968,45.6858
2018-08-27T04:00:00Z,45.85,46.3,45.4,45.4,95093,1094,45.6909
2018-08-28T04:00:00Z,45.45,45.75,45,45.3,114717,1269,45.3286
2018-08-29T04:00:00Z,45.45,46.05,45.05,45.85,105937,1162,45.7328
2018-08-30T04:00:00Z,45.85,46.25,45.075,45.3,78666,1026,45.4298
2018-08-31T04:00:00Z,45.05,45.45,44.6,45.4,191315,1173,45.1678
2018-09-04T04:00:00Z,45.3,45.95,44.7,45.8,165385,2051,45.345
2018-09-05T04:00:00Z,45.5,45.75,44.95,45.3,207184,1437,45.3214
2018-09-06T04:00:00Z,45.35,45.775,44.9,45.05,91490,1161,45.1041
2018-09-07T04:00:00Z,44.95,45.15,44.4,44.8,125696,1408,44.7628
2018-09-10T04:00:00Z,44.95,45.25,44.95,45.2,175964,1821,45.147
2018-09-11T04:00:00Z,45.1,45.15,44.825,45.1,142608,1704,45.0365
2018-09-12T04:00:00Z,45.05,45.3,44.7,45.15,300979,1897,45.0116
2018-09-13T04:00:00Z,45.2,45.6,44.9,45.3,119261,1367,45.1862
2018-09-14T04:00:00Z,45.25,46,45,45.8,174498,1506,45.7128
2018-09-17T04:00:00Z,45.85,46.1,45.5,45.75,159127,1621,45.7075
2018-09-18T04:00:00Z,45.8,46.64,45.7,46.5,229270,1761,46.4455
2018-09-19T04:00:00Z,46.4,47.95,46.4,47.55,376315,2127,47.3644
2018-09-20T04:00:00Z,47.85,48.45,47.6,48.35,121816,1460,48.0815
2018-09-21T04:00:00Z,48.55,49.0953,45.65,46.4,500354,2180,46.9344
2018-09-24T04:00:00Z,46.4,46.45,45,46,80466,1192,45.813
2018-09-25T04:00:00Z,46.2,46.35,45.405,45.85,107830,1079,46.0429
2018-09-26T04:00:00Z,46,46.1,45.3,45.8,261457,1389,45.7801
2018-09-27T04:00:00Z,45.9,46.175,45.2,45.75,142452,1627,45.7193
2018-09-28T04:00:00Z,45.7,46.575,45.35,45.6,229859,1227,45.6649
2018-10-01T04:00:00Z,45.89,46.6135,44.95,44.99,179101,1829,45.2104
2018-10-02T04:00:00Z,44.98,45.18,44.45,44.5,98176,961,44.6923
2018-10-03T04:00:00Z,44.62,45.39,44.45,45.08,88932,929,45.0074
2018-10-04T04:00:00Z,45.03,45.24,44.35,44.42,80233,1020,44.6458
2018-10-05T04:00:00Z,44.53,44.53,42.3,42.97,236211,1809,43.1544
2018-10-08T04:00:00Z,42.96,43.2,42.3,42.7,97044,1264,42.7409
2018-10-09T04:00:00Z,42.69,42.7,41.63,41.7,129815,1574,41.9662
2018-10-10T04:00:00Z,41.6,42.5899,41.19,41.28,170676,1523,41.6081
2018-10-11T04:00:00Z,41.27,42.28,40.13,40.19,183086,1960,40.9669
2018-10-12T04:00:00Z,40.89,40.89,39.41,39.75,168855,1600,39.7011
2018-10-15T04:00:00Z,39.74,40.05,39.4,39.8,227992,2068,39.7919
2018-10-16T04:00:00Z,40.18,41.01,39.62,40.86,144209,1413,40.7064
2018-10-17T04:00:00Z,40.75,40.75,39.61,40.35,119468,1362,40.251
2018-10-18T04:00:00Z,40.25,40.26,39.18,39.32,185926,1766,39.6161
2018-10-19T04:00:00Z,39.24,39.94,38.43,38.5,139405,1399,38.8841
2018-10-22T04:00:00Z,38.84,39.15,38.44,38.67,104796,1071,38.6994
2018-10-23T04:00:00Z,38.2,38.39,37.67,37.8,121233,1249,37.9833
2018-10-24T04:00:00Z,37.68,37.68,35.41,35.42,265750,2382,36.301
2018-10-25T04:00:00Z,35.75,36.51,35.62,36.06,158222,1597,36.0535
2018-10-26T04:00:00Z,35.44,36.23,33.8575,35.585,161106,2037,35.6618
2018-10-29T04:00:00Z,36.16,36.8,34.89,35.3,169907,1675,35.8455
2018-10-30T04:00:00Z,35.36,36.04,34.96,35.98,173943,1847,35.7336
2018-10-31T04:00:00Z,36.33,36.37,35.28,35.64,295635,2570,35.7576
2018-11-01T04:00:00Z,34.48,34.6395,33.35,33.6,789051,5539,33.9757
2018-11-02T04:00:00Z,33.6,34.51,32.61,32.86,478151,4009,33.0711
2018-11-05T05:00:00Z,32.8,34.11,32.56,33.82,474464,4687,33.4253
2018-11-06T05:00:00Z,33.66,34.58,33.24,34.54,288767,2190,34.1276
2018-11-07T05:00:00Z,34.82,35.52,34.21,35.41,174761,1546,35.1786
2018-11-08T05:00:00Z,35.4,35.45,34.64,34.69,137058,1548,35.0583
2018-11-09T05:00:00Z,34.51,34.53,33.42,33.53,111946,1185,33.6984
2018-11-12T05:00:00Z,33.52,33.52,32.73,32.84,94950,1050,33.0929
2018-11-13T05:00:00Z,32.96,33.95,32.87,33.67,231857,1555,33.6177
2018-11-14T05:00:00Z,33.98,35.0737,33.98,34.97,262791,2750,34.778
2018-11-15T05:00:00Z,34.83,35.21,34.25,34.87,246822,2288,34.8688
2018-11-16T05:00:00Z,34.5,35.7314,33.8,35.03,227509,1690,34.9113
2018-11-19T05:00:00Z,35.01,35.39,34.63,35.04,153321,1528,35.0332
2018-11-20T05:00:00Z,34.69,34.91,33.87,34.27,123724,1235,34.4846
2018-11-21T05:00:00Z,34.46,35.18,34.35,34.94,134059,956,34.9038
2018-11-23T05:00:00Z,34.7,35.23,34.33,34.77,40467,524,34.8682
2018-11-26T05:00:00Z,35.08,35.44,33.995,34.37,136716,1229,34.4167
2018-11-27T05:00:00Z,34.28,34.53,33.86,34.25,87664,1035,34.1772
2018-11-28T05:00:00Z,34.35,35.35,33.67,35.16,126332,1156,34.9482
2018-11-29T05:00:00Z,35.06,35.64,34.8975,35.35,108733,1145,35.3581
2018-11-30T05:00:00Z,35.3,36.26,35.16,36.16,194163,1840,36.1261
2018-12-03T05:00:00Z,36.85,36.875,35.57,36.58,206644,2034,36.2469
2018-12-04T05:00:00Z,36.44,36.91,35.77,36.07,403210,3654,36.072
2018-12-06T05:00:00Z,35.65,36,34.6323,35.53,276823,2355,35.3909
2018-12-07T05:00:00Z,35.72,36.66,34.65,34.76,164026,2305,35.2218
2018-12-10T05:00:00Z,34.76,35.68,33.98,34.28,221437,2289,34.3296
2018-12-11T05:00:00Z,34.28,35.73,34.04,34.19,186374,2019,34.3073
2018-12-12T05:00:00Z,34.61,35.03,34.037,34.53,198464,1854,34.6192
2018-12-13T05:00:00Z,34.71,35,33.77,34.11,212646,1930,34.3349
2018-12-14T05:00:00Z,33.86,34.9882,33.81,33.93,148950,1363,33.9527
2018-12-17T05:00:00Z,33.91,34.93,33.87,33.93,202683,1986,34.1518
2018-12-18T05:00:00Z,34.14,34.795,34.08,34.33,188371,1858,34.384
2018-12-19T05:00:00Z,34.41,34.91,33.23,33.56,203896,1680,34.0245
2018-12-20T05:00:00Z,33.42,34.35,33.32,34.07,232355,2160,33.9822
2018-12-21T05:00:00Z,34.12,35.07,31.96,34.29,1100176,1887,34.2491
2018-12-24T05:00:00Z,34.04,34.04,32.96,33.1,89014,814,33.4324
2018-12-26T05:00:00Z,33.33,34.58,32.67,34.47,219996,2029,33.8383
2018-12-27T05:00:00Z,34.01,34.78,33.48,34.75,193170,1643,34.3538
2018-12-28T05:00:00Z,34.73,35.54,34.49,35.09,203978,1710,34.9692
2018-12-31T05:00:00Z,35.27,35.59,34.94,35.59,243887,1431,35.4076
2019-01-02T05:00:00Z,35.02,35.7534,33.4161,35.68,186935,2039,35.5105
2019-01-03T05:00:00Z,35.49,35.69,34.66,35.63,178312,1784,35.3366
2019-01-04T05:00:00Z,36.07,37.13,34.07,36.47,240989,1978,36.5427
2019-01-07T05:00:00Z,38.82,38.82,37.06,37.14,174452,2085,37.4796
2019-01-08T05:00:00Z,37.67,38.0404,36.2,36.28,278153,2549,36.5567
2019-01-09T05:00:00Z,36.3,36.62,35.7,36.17,322551,2805,36.062
2019-01-10T05:00:00Z,36.07,36.79,35.8182,36.39,262871,2415,36.2915
2019-01-11T05:00:00Z,36.28,36.65,36.08,36.4,205313,2639,36.3877
2019-01-14T05:00:00Z,36.4,36.6,35.76,36.13,132565,1316,36.1559
2019-01-15T05:00:00Z,36.14,36.34,35.4164,35.91,103578,792,35.8517
2019-01-16T05:00:00Z,35.92,36.51,35.67,35.91,175270,1564,35.9092
2019-01-17T05:00:00Z,35.79,36.22,35.75,36.05,170402,1262,36.0303
2019-01-18T05:00:00Z,36.05,36.83,36.05,36.53,173037,1680,36.5273
2019-01-22T05:00:00Z,36.25,36.81,35.68,35.93,92845,1207,35.9386
2019-01-23T05:00:00Z,36,36.46,35.2,35.44,89639,948,35.5106
2019-01-24T05:00:00Z,35.45,36.26,34.85,35.41,120306,1119,35.1286
2019-01-25T05:00:00Z,35.67,36.14,35.08,35.12,118161,1297,35.4422
2019-01-28T05:00:00Z,34.9,35.18,33.93,34.97,155728,1299,34.9341
2019-01-29T05:00:00Z,34.97,35.59,34.97,35.24,95603,1038,35.3106
2019-01-30T05:00:00Z,35.3,35.49,34.8,35.02,123946,1002,35.0219
2019-01-31T05:00:00Z,35,36.09,34.85,35.65,472855,3628,35.6163
2019-02-01T05:00:00Z,35.65,37.47,35.4,36.53,402902,2253,36.2307
2019-02-04T05:00:00Z,36.53,36.82,35.92,36.82,130695,1406,36.6325
2019-02-05T05:00:00Z,37,37,36.425,36.96,104585,826,36.7668
2019-02-06T05:00:00Z,36.95,37.81,36.94,37.44,188059,1825,37.5419
2019-02-07T05:00:00Z,37.41,37.73,36.99,37,239940,2009,37.2023
2019-02-08T05:00:00Z,36.91,37.27,36.3,36.89,155981,1551,36.7469
2019-02-11T05:00:00Z,36.9,37.225,36.76,36.89,106673,1260,36.9184
2019-02-12T05:00:00Z,37.06,37.78,36.89,37.78,223646,1618,37.4046
2019-02-13T05:00:00Z,37.79,37.92,37.47,37.74,132785,1485,37.645
2019-02-14T05:00:00Z,37.65,38.17,37.4,37.93,405916,2984,37.739
2019-02-15T05:00:00Z,38,38.56,37.99,38.53,128729,1335,38.3927
2019-02-19T05:00:00Z,38.28,39.15,37.74,38.89,169811,1366,38.7687
2019-02-20T05:00:00Z,38.73,39.15,38.58,39.14,318408,1862,38.9456
2019-02-21T05:00:00Z,39.54,42.1293,38.56,41.75,375266,3719,40.4698
2019-02-22T05:00:00Z,41.75,42.26,41.19,42.24,180721,1838,41.9249
2019-02-25T05:00:00Z,42.2,43.48,41.87,42.31,332642,2679,42.4912
2019-02-26T05:00:00Z,42.14,42.3,40.18,40.19,238797,2369,40.7311
2019-02-27T05:00:00Z,40.07,40.47,39.45,40.46,163594,1693,40.0827
2019-02-28T05:00:00Z,40.46,41.17,39.87,40.5,176264,2030,40.4412
2019-03-01T05:00:00Z,40.84,41.28,40.28,40.56,242169,2354,40.5492
2019-03-04T05:00:00Z,40.57,40.93,40,40.11,152485,1765,40.1949
2019-03-05T05:00:00Z,40.25,40.25,39.85,39.94,127081,1432,39.9796
2019-03-06T05:00:00Z,39.95,40.07,39.33,39.33,164351,1452,39.4735
2019-03-07T05:00:00Z,39.3,39.58,38.82,39.21,167384,1915,39.31
2019-03-08T05:00:00Z,39.2,39.38,39.03,39.2,80596,1040,39.2015
2019-03-11T04:00:00Z,39.21,39.58,39.01,39.4,110204,1187,39.393
2019-03-12T04:00:00Z,39.45,39.68,39.01,39.56,155661,1246,39.395
2019-03-13T04:00:00Z,39.73,39.91,39.32,39.55,129791,925,39.5882
2019-03-14T04:00:00Z,39.39,39.9,39.39,39.81,150569,1282,39.7221
2019-03-15T04:00:00Z,39.85,40.25,39.52,39.74,400158,1684,39.7975
2019-03-18T04:00:00Z,39.79,40.54,39.56,40.35,121498,1001,40.2774
2019-03-19T04:00:00Z,40.36,40.66,39.77,40,104208,1168,39.9701
2019-03-20T04:00:00Z,40.04,40.89,39.635,40.06,161699,1569,40.0576
2019-03-21T04:00:00Z,40.12,40.84,39.79,40.22,193927,1171,40.3992
2019-03-22T04:00:00Z,40.09,40.135,39.08,39.08,239272,1775,39.3532
2019-03-25T04:00:00Z,39.1,39.99,39.01,39.71,151271,1579,39.5708
2019-03-26T04:00:00Z,40,40.81,39.535,40.16,228516,1427,40.0012
2019-03-27T04:00:00Z,40.11,40.6,39.66,40.39,107429,1137,40.2787
2019-03-28T04:00:00Z,40.5,40.92,40.22,40.42,131928,1114,40.4924
2019-03-29T04:00:00Z,40.55,40.93,40.28,40.61,223680,1181,40.5751
2019-04-01T04:00:00Z,40.86,41.5,40.59,40.76,102638,1054,40.8094
2019-04-02T04:00:00Z,40.76,40.93,39.92,40.24,113882,1054,40.2335
2019-04-03T04:00:00Z,40.54,40.82,39.92,40.25,149732,1538,40.2322
2019-04-04T04:00:00Z,40.26,41.1,40.26,40.61,88780,883,40.6367
2019-04-05T04:00:00Z,40.65,41,40.63,40.73,208640,1358,40.7469
2019-04-08T04:00:00Z,40.74,41.36,40.5,41.13,176445,1522,40.9109
2019-04-09T04:00:00Z,41,41.01,40.33,40.36,83410,1114,40.6222
2019-04-10T04:00:00Z,40.33,41.02,40.33,40.86,134057,972,40.8307
2019-04-11T04:00:00Z,40.94,41.04,40.62,40.93,43011,996,40.9124
2019-04-12T04:00:00Z,41.14,41.37,40.75,40.75,162215,1332,40.9238
2019-04-15T04:00:00Z,40.87,41.05,40.65,40.94,80181,689,40.895
2019-04-16T04:00:00Z,41.07,41.82,40.74,41.47,129438,1110,41.3809
2019-04-17T04:00:00Z,41.57,41.76,41.08,41.38,84243,822,41.3846
2019-04-18T04:00:00Z,41.3,41.73,40.55,41.04,104493,1025,40.9995
2019-04-22T04:00:00Z,40.98,41.51,40.12,40.18,75837,911,40.3258
2019-04-23T04:00:00Z,40.23,40.4,39.9001,40.15,326951,3345,40.147
2019-04-24T04:00:00Z,40.18,41.18,40.15,40.98,141398,1533,40.8152
2019-04-25T04:00:00Z,40.97,40.97,39.69,39.86,123070,1366,40.0774
2019-04-26T04:00:00Z,40.05,40.395,39.67,39.81,198484,1830,39.8565
2019-04-29T04:00:00Z,39.81,40.27,39.515,40.02,114545,1979,39.9661
2019-04-30T04:00:00Z,40.11,40.4,39.4,39.67,172319,1113,39.6361
2019-05-01T04:00:00Z,39.9,40.53,39.45,39.76,429866,2532,39.8312
2019-05-02T04:00:00Z,39.92,40.22,39.34,40.04,137369,1676,39.8506
2019-05-03T04:00:00Z,39.01,39.95,36.84,37.95,312597,2714,38.1543
2019-05-06T04:00:00Z,37.31,39.51,37.31,39.49,271138,2410,38.9841
2019-05-07T04:00:00Z,39.24,39.73,38.8,39.2,203063,2360,39.1853
2019-05-08T04:00:00Z,39.18,39.3867,37.73,37.75,121759,963,38.0856
2019-05-09T04:00:00Z,37.55,37.89,37.1348,37.66,121901,1332,37.6894
2019-05-10T04:00:00Z,37.74,38.12,37.51,38.1,114931,1503,37.9485
2019-05-13T04:00:00Z,37.69,37.725,36.93,37.13,95751,1320,37.198
2019-05-14T04:00:00Z,37.19,37.51,36.98,37.42,87135,1388,37.3292
2019-05-15T04:00:00Z,37.16,37.57,37.0663,37.51,64193,830,37.3989
2019-05-16T04:00:00Z,37.6,37.9,37.385,37.65,87592,1013,37.7058
2019-05-17T04:00:00Z,37.46,37.5,37.015,37.15,109677,1071,37.1814
2019-05-20T04:00:00Z,36.92,37.45,36.78,37.19,79800,930,37.1514
2019-05-21T04:00:00Z,37.4,37.5,37.07,37.45,60792,932,37.4049
2019-05-22T04:00:00Z,37.25,37.35,36.96,37.2,80369,1005,37.1542
2019-05-23T04:00:00Z,36.95,37.146,36.37,36.92,138366,1346,36.9087
2019-05-24T04:00:00Z,37.11,37.11,36.77,36.93,42392,517,36.9591
2019-05-28T04:00:00Z,36.99,36.99,36.205,36.27,118652,1126,36.3587
2019-05-29T04:00:00Z,36.25,36.25,35.69,36.11,82595,1169,36.0787
2019-05-30T04:00:00Z,36.23,36.4,35.68,36.09,70554,865,36.045
2019-05-31T04:00:00Z,35.77,36.03,35.29,35.7,114450,1055,35.7331
2019-06-03T04:00:00Z,35.84,36.29,35.6,35.99,129069,1398,35.961
2019-06-04T04:00:00Z,36.26,37.54,36.19,37.5,114084,1237,37.3152
2019-06-05T04:00:00Z,37.62,37.755,37.18,37.41,72680,1035,37.4061
2019-06-06T04:00:00Z,37.49,37.635,36.85,37.27,74023,1221,37.2302
2019-06-07T04:00:00Z,37.27,37.78,37.03,37.61,80453,1168,37.4711
2019-06-10T04:00:00Z,37.75,38.36,37.3,37.88,54380,784,37.99
2019-06-11T04:00:00Z,38,38.25,37.75,38.17,68238,793,38.0692
2019-06-12T04:00:00Z,38.1,38.3,37.81,38.26,65108,939,38.1364
2019-06-13T04:00:00Z,38.35,38.72,38.155,38.52,99645,917,38.4508
2019-06-14T04:00:00Z,38.57,38.57,38.23,38.3,65154,793,38.356
2019-06-17T04:00:00Z,38.33,38.35,37.99,38.09,56676,796,38.1146
2019-06-18T04:00:00Z,38.33,39.18,38.33,39.15,88516,919,39.0035
2019-06-19T04:00:00Z,39.4,39.455,38.78,39.31,78111,901,39.1952
2019-06-20T04:00:00Z,39.73,39.95,39.37,39.65,125309,997,39.6903
2019-06-21T04:00:00Z,39.46,39.86,39.02,39.29,258879,1567,39.3529
2019-06-24T04:00:00Z,39.5,39.78,39.09,39.15,101869,1100,39.3016
2019-06-25T04:00:00Z,39.32,39.32,38.6,38.97,66766,712,38.9674
2019-06-26T04:00:00Z,39.03,39.37,38.65,39.06,94151,1383,38.9299
2019-06-27T04:00:00Z,39.2,40.265,39.2,40.08,131123,1297,39.9868
2019-06-28T04:00:00Z,40.07,41.19,40.07,40.36,448038,1993,40.5992
2019-07-01T04:00:00Z,40.87,41.25,39.35,39.51,91485,1045,39.6815
2019-07-02T04:00:00Z,39.5,39.98,39.26,39.86,92867,1207,39.6905
2019-07-03T04:00:00Z,39.88,40.2806,39.88,40.22,34523,418,40.1645
2019-07-05T04:00:00Z,40.06,40.31,39.46,40.16,65180,1058,40.079
2019-07-08T04:00:00Z,40.03,40.19,39.82,40.01,73178,1229,40.0174
2019-07-09T04:00:00Z,39.81,39.91,39.38,39.73,73231,747,39.6794
2019-07-10T04:00:00Z,39.86,39.86,39.22,39.51,101016,1654,39.4833
2019-07-11T04:00:00Z,39.45,39.49,39.04,39.26,112837,1631,39.2239
2019-07-12T04:00:00Z,39.26,39.67,39.16,39.47,161920,2352,39.4171
2019-07-15T04:00:00Z,39.5,39.58,38.86,39.43,164167,1959,39.3404
2019-07-16T04:00:00Z,39.46,39.895,39.46,39.71,68950,1579,39.7315
2019-07-17T04:00:00Z,39.75,39.75,39.27,39.49,174505,2020,39.5098
2019-07-18T04:00:00Z,39.57,39.94,39.315,39.5,128759,2414,39.6192
2019-07-19T04:00:00Z,39.38,39.82,39.14,39.29,120891,1025,39.3877
2019-07-22T04:00:00Z,39.26,39.38,39,39.25,89255,1450,39.2034
2019-07-23T04:00:00Z,39.35,39.89,39.32,39.6,84483,965,39.5878
2019-07-24T04:00:00Z,39.41,40.305,39.41,40.22,166264,2221,39.9275
2019-07-25T04:00:00Z,40.23,40.435,39.5,39.71,178386,2010,39.9075
2019-07-26T04:00:00Z,39,42.36,38.79,41.17,570194,4625,41.3091
2019-07-29T04:00:00Z,41.1,42.05,40.88,41.95,437211,4364,41.5804
2019-07-30T04:00:00Z,41.54,41.8595,41.27,41.46,419161,4256,41.4341
2019-07-31T04:00:00Z,41.23,42.15,41.1,41.44,583747,5747,41.7848
2019-08-01T04:00:00Z,41.58,41.76,40.92,41.17,372856,3490,41.3266
2019-08-02T04:00:00Z,41.16,41.59,40.66,41.33,330892,2905,41.178
2019-08-05T04:00:00Z,40.86,41.27,40.54,41.07,255711,3600,40.9745
2019-08-06T04:00:00Z,41.38,41.94,40.63,41.43,251931,2788,41.3398
2019-08-07T04:00:00Z,41.11,41.96,40.71,41.83,250948,3008,41.6695
2019-08-08T04:00:00Z,42.05,42.87,42.05,42.24,344245,4194,42.3517
2019-08-09T04:00:00Z,42.11,42.93,41.73,42.24,243833,2179,42.1283
2019-08-12T04:00:00Z,41.93,43.02,41.93,42.48,172792,2275,42.5664
2019-08-13T04:00:00Z,42.37,43.21,42.18,42.92,147054,1950,42.9475
2019-08-14T04:00:00Z,42.56,42.83,42.26,42.42,216314,3073,42.5216
2019-08-15T04:00:00Z,42.49,42.49,41.6,41.97,287571,3898,41.9531
2019-08-16T04:00:00Z,41.94,42.51,41.65,42.07,1023939,3596,42.0938
2019-08-19T04:00:00Z,42.45,42.875,42.19,42.22,232734,1846,42.3737
2019-08-20T04:00:00Z,42.14,42.43,41.8,41.94,217807,1770,41.9756
2019-08-21T04:00:00Z,42.17,42.23,41.79,42.07,184306,2512,42.0682
2019-08-22T04:00:00Z,42.11,42.82,41.57,41.76,161266,1900,41.8423
2019-08-23T04:00:00Z,41.68,41.68,39.89,39.99,173883,2213,40.4394
2019-08-26T04:00:00Z,40.31,40.41,39.885,40.2,98134,1673,40.1491
2019-08-27T04:00:00Z,40.29,40.43,39.26,39.27,116491,1778,39.5346
2019-08-28T04:00:00Z,39.27,40.02,39.21,39.91,121757,1840,39.8348
2019-08-29T04:00:00Z,40.3,40.7695,40.26,40.32,94079,1788,40.4121
2019-08-30T04:00:00Z,40.32,40.53,39.995,40.27,176221,1695,40.2415
2019-09-03T04:00:00Z,40.14,40.19,39.04,39.57,185054,1714,39.5264
2019-09-04T04:00:00Z,39.93,39.93,39.46,39.67,308025,1562,39.6661
2019-09-05T04:00:00Z,40.06,41.4,39.87,40.75,159348,1626,40.753
2019-09-06T04:00:00Z,40.91,40.94,40.49,40.61,161259,1071,40.726
2019-09-09T04:00:00Z,40.75,42.015,40.51,41.91,215989,2043,41.6608
2019-09-10T04:00:00Z,41.92,42.83,41.78,42.57,113684,1785,42.4402
2019-09-11T04:00:00Z,42.7,43.67,42.31,43.53,187282,2990,43.1547
2019-09-12T04:00:00Z,43.78,45.47,43.57,44.78,338308,4468,44.883
2019-09-13T04:00:00Z,44.98,47,44.965,46.67,588721,5671,46.1263
2019-09-16T04:00:00Z,46.91,47.23,46.06,46.22,276092,3432,46.5416
2019-09-17T04:00:00Z,46.3,47.08,45.715,46.61,238671,2146,46.3667
2019-09-18T04:00:00Z,46.76,47.13,46.09,46.32,194967,1696,46.3966
2019-09-19T04:00:00Z,46.25,47,46.23,46.24,229298,2540,46.4699
2019-09-20T04:00:00Z,46.22,46.6599,45.9,46.2,511627,2004,46.2147
2019-09-23T04:00:00Z,46.05,46.45,45.93,45.99,87369,1672,46.1112
2019-09-24T04:00:00Z,46,46.595,45.52,45.82,230748,2766,45.7482
2019-09-25T04:00:00Z,45.83,46.72,45.69,46.56,190637,2110,46.381
2019-09-26T04:00:00Z,46.7,46.79,45.66,45.84,110640,1437,45.967
2019-09-27T04:00:00Z,46.05,46.41,45.78,45.9,168055,1854,45.9426
2019-09-30T04:00:00Z,46.09,46.35,45.89,45.94,318618,2183,46.0249
2019-10-01T04:00:00Z,46.22,46.64,45.19,45.32,261712,4416,45.6084
2019-10-02T04:00:00Z,45.05,45.29,44.14,44.76,547282,5324,44.6765
2019-10-03T04:00:00Z,44.65,44.76,43.72,44.5,276239,2822,44.3704
2019-10-04T04:00:00Z,44.49,45.24,43.9,44.52,156632,2171,44.2553
2019-10-07T04:00:00Z,44.27,44.7,44.03,44.29,148818,2111,44.3391
2019-10-08T04:00:00Z,43.85,44.3,43.51,44.09,220980,2969,43.9611
2019-10-09T04:00:00Z,44.34,44.76,44.02,44.12,93193,1664,44.1797
2019-10-10T04:00:00Z,44.15,44.71,44.07,44.11,160759,1922,44.2609
2019-10-11T04:00:00Z,44.33,45.44,44.33,44.45,160902,1899,44.7385
2019-10-14T04:00:00Z,44.15,44.36,44.04,44.19,117660,1502,44.1788
2019-10-15T04:00:00Z,44.15,44.8,44.15,44.68,141844,1690,44.5948
2019-10-16T04:00:00Z,44.44,45.075,44.44,44.94,137373,1745,44.9162
2019-10-17T04:00:00Z,45.22,45.65,45.035,45.18,179788,1626,45.2202
2019-10-18T04:00:00Z,44.98,45.31,44.56,45.23,175959,2309,45.028
2019-10-21T04:00:00Z,45.53,45.99,45.32,45.39,157612,2254,45.6027
2019-10-22T04:00:00Z,45.41,45.6,45.02,45.5,159549,2239,45.4188
2019-10-23T04:00:00Z,45.58,45.73,45.24,45.46,111748,1799,45.4855
2019-10-24T04:00:00Z,45.2,45.54,44.91,45.07,571830,4505,45.1594
2019-10-25T04:00:00Z,48,53.97,47.61,51.42,1038260,9746,51.9022
2019-10-28T04:00:00Z,53.12,54.59,51.2,51.25,813006,9688,52.3107
2019-10-29T04:00:00Z,51.55,53.93,51.39,53.88,685540,7961,53.0879
2019-10-30T04:00:00Z,53.98,54.755,53.48,54.17,330196,4440,54.0984
2019-10-31T04:00:00Z,53.96,54.33,52.9,53.23,335954,3445,53.3329
2019-11-01T04:00:00Z,53.32,55.155,53.285,54.3,319791,4978,54.4723
2019-11-04T05:00:00Z,54.54,54.54,53.41,53.49,297134,3742,53.7775
2019-11-05T05:00:00Z,53.74,54.255,53.11,53.15,378618,2882,53.6215
2019-11-06T05:00:00Z,53.09,53.81,52.45,53.7,180164,2812,53.4799
2019-11-07T05:00:00Z,54.03,54.13,52.83,52.95,190812,2983,53.2554
2019-11-08T05:00:00Z,52.91,53.28,52.23,52.79,160443,2583,52.5996
2019-11-11T05:00:00Z,52.44,52.51,52.03,52.23,231162,2855,52.2291
2019-11-12T05:00:00Z,52.42,52.87,52.24,52.4,296215,3668,52.5178
2019-11-13T05:00:00Z,52.17,52.86,51.511,52.29,189855,2806,52.3798
2019-11-14T05:00:00Z,52.2,52.79,51.83,52.4,225573,2619,52.3562
2019-11-15T05:00:00Z,52.77,53.185,51.925,53,1091954,3998,52.9592
2019-11-18T05:00:00Z,52.9,53.13,52.56,53.01,166033,2446,52.8735
2019-11-19T05:00:00Z,53.07,53.27,52.5,52.52,212116,2962,52.7068
2019-11-20T05:00:00Z,52.39,52.91,51.96,52.27,220498,2495,52.3988
2019-11-21T05:00:00Z,52.46,52.46,51.76,51.85,181011,2328,51.9647
2019-11-22T05:00:00Z,52.15,52.23,51.78,51.82,116422,2201,51.9126
2019-11-25T05:00:00Z,51.95,52.68,51.835,52.24,303690,3290,52.367
2019-11-26T05:00:00Z,52.34,52.79,51.85,52.23,223586,1693,52.3331
2019-11-27T05:00:00Z,52.34,52.8,52.24,52.47,141870,1833,52.4602
2019-11-29T05:00:00Z,52.54,52.77,52.14,52.22,82549,2018,52.352
2019-12-02T05:00:00Z,52.23,52.3425,51.09,51.6,396036,2243,51.5924
2019-12-03T05:00:00Z,51.53,52.36,51.19,52.35,445623,3983,52.179
2019-12-04T05:00:00Z,52.66,53.22,52.44,52.65,244888,3361,52.6923
2019-12-05T05:00:00Z,53.01,53.55,52.6966,53.2,266412,3084,53.2018
2019-12-06T05:00:00Z,53.62,54.57,53.62,54.23,376935,4295,54.2619
2019-12-09T05:00:00Z,53.95,53.98,53.02,53.2,247322,3224,53.2669
2019-12-10T05:00:00Z,53.07,53.43,52.45,52.71,312159,2278,52.7619
2019-12-11T05:00:00Z,52.85,53.19,52.69,53.08,129053,1750,52.9999
2019-12-12T05:00:00Z,53.04,53.46,52.87,53.12,142142,3230,53.1679
2019-12-13T05:00:00Z,53.08,53.31,52.1,52.57,267263,3278,52.5813
2019-12-16T05:00:00Z,52.84,53.03,51.71,51.86,158642,2808,52.0594
2019-12-17T05:00:00Z,51.82,52.2,51.66,52.16,112522,1860,52.0804
2019-12-18T05:00:00Z,52.26,52.26,51.03,51.78,120749,1532,51.6661
2019-12-19T05:00:00Z,51.59,51.695,50.83,51.19,107183,1874,51.1708
2019-12-20T05:00:00Z,51.24,51.73,50.585,51.02,540381,3077,51.0528
2019-12-23T05:00:00Z,51.12,51.29,50.65,50.95,156748,2175,50.9751
2019-12-24T05:00:00Z,50.95,51.41,50.67,51.07,66512,904,51.0551
2019-12-26T05:00:00Z,51.08,51.13,50.625,51.05,96154,1576,50.9977
2019-12-27T05:00:00Z,51.07,51.135,50.34,50.63,129252,2070,50.6569
2019-12-30T05:00:00Z,50.58,51.09,50.07,50.43,270145,2463,50.4618
2019-12-31T05:00:00Z,50.36,51.15,50.325,50.44,184078,2364,50.5309
2020-01-02T05:00:00Z,50.58,50.89,49.87,50.75,160722,1918,50.4514
2020-01-03T05:00:00Z,50.36,50.505,49.935,50.39,274355,3540,50.3003
2020-01-06T05:00:00Z,50.15,50.3,49.16,50.13,157256,2069,50.0406
2020-01-07T05:00:00Z,49.85,49.95,49.43,49.47,218502,1593,49.5456
2020-01-08T05:00:00Z,49.51,50.65,49.51,49.75,209980,2605,50.0051
2020-01-09T05:00:00Z,50,50.99,49.75,50.89,216947,2695,50.6876
2020-01-10T05:00:00Z,50.89,51.66,50.41,51.27,207290,2647,51.1959
2020-01-13T05:00:00Z,51.36,52.04,51.24,52.03,253261,2892,51.8645
2020-01-14T05:00:00Z,51.91,52.79,51.52,52.74,300195,4185,52.6148
2020-01-15T05:00:00Z,52.55,53.11,52.55,53.11,245674,2876,52.9718
2020-01-16T05:00:00Z,53.37,53.6995,53.22,53.66,170194,2234,53.5468
2020-01-17T05:00:00Z,53.99,54.2,53.595,53.82,209509,2328,53.8567
2020-01-21T05:00:00Z,53.72,53.84,53.41,53.7,187403,2057,53.6645
2020-01-22T05:00:00Z,54,55.12,54,55.06,503319,4362,54.7437
2020-01-23T05:00:00Z,55.07,56.53,54.67,56.18,272839,2900,55.9885
2020-01-24T05:00:00Z,56.32,56.32,54.47,54.73,188029,2933,54.9813
2020-01-27T05:00:00Z,53.85,54.86,53.221,54.39,120819,1659,54.4498
2020-01-28T05:00:00Z,54.65,56.42,54.41,56.18,374377,3581,55.9057
2020-01-29T05:00:00Z,56.37,56.58,55.8176,56.02,193873,2478,56.2012
2020-01-30T05:00:00Z,55.65,56.14,55.4,55.77,172254,1650,55.6697
2020-01-31T05:00:00Z,55.58,55.78,54.35,54.52,242246,3105,54.6657
2020-02-03T05:00:00Z,54.65,55.155,53.68,54.18,219240,2210,54.2415
2020-02-04T05:00:00Z,54.87,54.91,53.8,54.18,165984,1968,54.1525
2020-02-05T05:00:00Z,54.61,54.61,53.77,54.55,120997,1973,54.4526
2020-02-06T05:00:00Z,54.69,54.69,54.05,54.52,86628,1249,54.4712
2020-02-07T05:00:00Z,54.59,55.36,54.36,55.33,152396,2269,55.015
2020-02-10T05:00:00Z,55.31,55.895,54.47,55.08,184276,2148,55.0609
2020-02-11T05:00:00Z,55.25,55.99,54.87,55.25,104734,1697,55.2554
2020-02-12T05:00:00Z,55.25,55.25,54.6225,55,179933,2186,54.9978
2020-02-13T05:00:00Z,54.59,55.53,54.38,55.21,160940,2199,55.1792
2020-02-14T05:00:00Z,55.61,55.84,54.991,55.37,185198,2523,55.3928
2020-02-18T05:00:00Z,55.18,55.4,54.63,55,181230,2756,55.0651
2020-02-19T05:00:00Z,55.23,55.56,55,55.03,130316,2470,55.1313
2020-02-20T05:00:00Z,54.89,55.69,54.89,55.5,184502,2886,55.4926
2020-02-21T05:00:00Z,55.48,55.78,54.805,55.34,170426,2074,55.3298
2020-02-24T05:00:00Z,54.04,54.36,52.63,52.66,325803,4184,53.0607
2020-02-25T05:00:00Z,52.68,53.35,51.31,51.59,354532,4068,52.3665
2020-02-26T05:00:00Z,51.73,51.87,50.7546,50.95,111735,1953,51.1797
2020-02-27T05:00:00Z,50.32,50.66,48.71,48.71,216521,3144,49.3588
2020-02-28T05:00:00Z,48.25,52.6,47.8,50.67,795021,5971,49.9865
2020-03-02T05:00:00Z,49.64,52.4,49.64,52.31,460029,5527,50.9958
2020-03-03T05:00:00Z,52.5,54.24,51.58,51.94,319376,3454,52.1626
2020-03-04T05:00:00Z,52.84,55.0033,52.45,54.43,409435,3538,53.7572
2020-03-05T05:00:00Z,53.59,54.97,52.4982,53.33,284355,2580,53.3884
2020-03-06T05:00:00Z,51.99,52.955,50.09,51.655,281350,3847,51.5562
2020-03-09T04:00:00Z,48.72,50.09,48.28,49.6,316530,4063,49.5617
2020-03-10T04:00:00Z,51.05,51.05,48.38,49.2,464733,4983,49.2593
2020-03-11T04:00:00Z,48.1,48.2519,45.69,46.82,374559,4122,46.7162
2020-03-12T04:00:00Z,44.43,45.025,41.12,41.28,373301,4931,42.1704
2020-03-13T04:00:00Z,42.77,43,39.58,40.85,638520,7029,40.7584
2020-03-16T04:00:00Z,37.5,40.96,36.7,38.76,487445,5496,39.3173
2020-03-17T04:00:00Z,38.9,39.99,35.62,37.37,474644,5230,37.4109
2020-03-18T04:00:00Z,35.23,36.77,31.235,31.45,284504,3814,33.6646
2020-03-19T04:00:00Z,31.8,39.825,30.6,39.39,511112,5618,37.0202
2020-03-20T04:00:00Z,39.44,40.99,35.81,36.54,872401,5968,38.8898
2020-03-23T04:00:00Z,37.68,37.89,34.7,36.83,432295,5224,36.2733
2020-03-24T04:00:00Z,38.29,41.18,38.195,40.03,439859,5129,39.5655
2020-03-25T04:00:00Z,39.77,40.53,38.07,39.2,410034,4979,39.2078
2020-03-26T04:00:00Z,39.71,43.445,38.91,42.97,318796,2971,42.5001
2020-03-27T04:00:00Z,41.43,44.14,41.38,42.87,254823,2623,42.529
2020-03-30T04:00:00Z,43.32,43.655,41.66,42.36,532825,3458,42.5084
2020-03-31T04:00:00Z,41.93,43.13,41.48,42.92,429985,5935,42.5115
2020-04-01T04:00:00Z,41.69,41.69,38.78,39.35,330948,5355,39.522
2020-04-02T04:00:00Z,39.09,40.44,38.62,39.78,246013,3716,39.5258
2020-04-03T04:00:00Z,39.69,39.98,37.71,38.32,302801,3152,38.3806
2020-04-06T04:00:00Z,39.53,41.82,39.53,41.53,299829,2964,41.3828
2020-04-07T04:00:00Z,42.58,43.34,40.2,40.55,212794,2523,41.1089
2020-04-08T04:00:00Z,41.33,42.68,40.48,42.19,355033,2820,42.1595
2020-04-09T04:00:00Z,43.2,45.35,43.2,44.94,165333,2935,44.5821
2020-04-13T04:00:00Z,45.29,45.29,42.8079,43.25,121758,2083,43.5581
2020-04-14T04:00:00Z,44.59,46.3,43.5,44.24,175358,2005,44.1455
2020-04-15T04:00:00Z,42.63,44.305,42.19,42.29,212581,3126,42.5721
2020-04-16T04:00:00Z,42.35,44.545,41.28,42.12,195010,2368,41.9976
2020-04-17T04:00:00Z,43.52,44.99,43.52,44.59,171035,2519,44.4256
2020-04-20T04:00:00Z,43.59,44.265,43,43.54,137156,2009,43.6625
2020-04-21T04:00:00Z,42.21,43.04,41.31,42.8,230454,2362,42.3281
2020-04-22T04:00:00Z,44.16,44.16,42.785,43.18,163693,2754,43.2684
2020-04-23T04:00:00Z,43.36,44.525,43.22,44,143826,2413,44.021
2020-04-24T04:00:00Z,44,44.49,43.71,43.95,223291,3114,44.0354
2020-04-27T04:00:00Z,44.23,46.82,43.934,46.35,215235,3250,45.9677
2020-04-28T04:00:00Z,47.41,48.745,46.68,47.82,224961,2984,47.8451
2020-04-29T04:00:00Z,49.41,50.42,48.5,49.18,207356,3052,49.2878
2020-04-30T04:00:00Z,48.12,48.59,46.145,46.289,345047,2961,46.4864
2020-05-01T04:00:00Z,45.98,46.185,44.57,45.49,207848,3045,45.3121
2020-05-04T04:00:00Z,45.04,45.97,44.24,45.85,326979,2707,45.6683
2020-05-05T04:00:00Z,46.67,48.15,46.5,46.91,185046,3368,47.3852
2020-05-06T04:00:00Z,47.44,49.41,45.49,45.98,196760,3197,46.7388
2020-05-07T04:00:00Z,46.11,46.745,41.87,42.99,369995,5529,43.0422
2020-05-08T04:00:00Z,44.08,44.95,43.525,44.09,243848,3603,44.0233
2020-05-11T04:00:00Z,43.44,43.78,42.45,42.73,235416,3548,42.8342
2020-05-12T04:00:00Z,42.78,44.275,40.37,40.42,207821,3217,41.0483
2020-05-13T04:00:00Z,39.93,41.09,38.52,38.77,199607,3680,38.9412
2020-05-14T04:00:00Z,37.92,38.56,36.39,38.03,187791,3018,37.5906
2020-05-15T04:00:00Z,37.91,39.86,37.56,39.22,282380,3285,39.1002
2020-05-18T04:00:00Z,40.84,42.395,40.6656,41.14,308271,3864,41.3865
2020-05-19T04:00:00Z,41.13,41.95,39.92,40.01,247010,4303,40.5649
2020-05-20T04:00:00Z,40.87,41.66,40.69,40.93,300255,3980,41.0513
2020-05-21T04:00:00Z,41.19,42.77,41.19,41.86,182123,3193,41.959
2020-05-22T04:00:00Z,42.03,42.69,40.73,41.5,124055,2513,41.2962
2020-05-26T04:00:00Z,43.15,44.36,42.7,42.92,185862,2962,43.1839
2020-05-27T04:00:00Z,43.15,44.83,43.08,44.45,177732,2741,44.1614
2020-05-28T04:00:00Z,45.12,45.12,43.41,43.66,226961,2721,44.0626
2020-05-29T04:00:00Z,43.15,44.565,41.74,44.01,400937,4538,43.9269
2020-06-01T04:00:00Z,44.13,44.99,43.97,44.38,235287,2759,44.4033
2020-06-02T04:00:00Z,44.79,47.275,44.66,47.19,615483,5451,46.3725
2020-06-03T04:00:00Z,47.9,49.35,47.555,49.19,254957,3823,48.8337
2020-06-04T04:00:00Z,48.9,50.41,45.61,49.89,329075,3752,49.7109
2020-06-05T04:00:00Z,51.71,53.45,50.89,51.5,435112,6034,51.8731
2020-06-08T04:00:00Z,52.38,52.38,50.22,50.48,260474,3320,50.7522
2020-06-09T04:00:00Z,49.75,50.2,48.47,49.68,225173,2979,49.5659
2020-06-10T04:00:00Z,49.63,49.98,48.56,48.57,144739,2015,48.9928
2020-06-11T04:00:00Z,46.27,47.14,45.92,46.01,305473,4806,46.4202
2020-06-12T04:00:00Z,47.61,47.64,43.18,44.24,289148,4177,44.2841
2020-06-15T04:00:00Z,43.01,46.245,42.895,45.55,159129,2849,45.1852
2020-06-16T04:00:00Z,47.14,47.87,46.3,47.08,276798,3436,47.1583
2020-06-17T04:00:00Z,47.27,47.29,46.3,46.78,141372,2148,46.8124
2020-06-18T04:00:00Z,46.59,47.32,46.3,46.92,170779,3391,46.7913
2020-06-19T04:00:00Z,47.5,47.9,46.63,46.97,416667,3612,47.2514
2020-06-22T04:00:00Z,46.71,46.88,45.81,46.85,145103,2982,46.4691
2020-06-23T04:00:00Z,47.25,48.25,47.22,47.47,139934,2859,47.6745
2020-06-24T04:00:00Z,46.96,47.42,45.18,45.25,186874,3410,45.7463
2020-06-25T04:00:00Z,44.87,45.59,43.86,45.58,152556,2671,45.0205
2020-06-26T04:00:00Z,45.34,45.53,44.02,44.99,454028,2030,45.0049
2020-06-29T04:00:00Z,45.48,47.45,45.48,47.4,205384,3339,47.1004
2020-06-30T04:00:00Z,47.16,49.1,47.16,48.01,237944,2748,48.1698
2020-07-01T04:00:00Z,48.08,48.41,46.34,46.55,199996,2358,46.829
2020-07-02T04:00:00Z,47.36,48.25,46.53,46.73,131245,1937,46.9833
2020-07-06T04:00:00Z,47.5,48.38,47.06,47.18,121344,1876,47.3584
2020-07-07T04:00:00Z,46.78,47.435,46.49,46.72,149569,2101,46.7915
2020-07-08T04:00:00Z,46.6,49.66,46.16,47.25,273369,2378,47.1504
2020-07-09T04:00:00Z,47.12,47.4,45.82,46.55,217552,3026,46.5623
2020-07-10T04:00:00Z,46.76,47.99,46.41,47.93,264823,2650,47.6342
2020-07-13T04:00:00Z,48.64,48.9,47.03,47.06,178954,2538,47.4771
2020-07-14T04:00:00Z,47.12,48.52,46.3,48.51,124938,1506,48.2352
2020-07-15T04:00:00Z,49.45,50.79,49.11,50.49,195064,2221,50.3039
2020-07-16T04:00:00Z,50.48,51.39,50.08,50.62,142351,1949,50.5888
2020-07-17T04:00:00Z,50.48,51.05,50.08,50.5,132570,1824,50.4743
2020-07-20T04:00:00Z,50.23,50.76,50.23,50.52,122281,2776,50.538
2020-07-21T04:00:00Z,51.13,51.75,50.93,51.56,183715,2652,51.4333
2020-07-22T04:00:00Z,51.56,52.46,51.37,51.85,98351,1514,51.8377
2020-07-23T04:00:00Z,51.8,52.56,51.235,52.03,146614,3077,51.9718
2020-07-24T04:00:00Z,52.02,52.02,50.65,50.87,105427,2161,51.0068
2020-07-27T04:00:00Z,51.05,52.04,50.84,51.92,80092,1495,51.75
2020-07-28T04:00:00Z,51.82,52.35,51.38,51.58,145408,1974,51.8241
2020-07-29T04:00:00Z,51.69,52.75,51.56,52.69,93652,1614,52.5308
2020-07-30T04:00:00Z,51.99,52.74,51.18,52.3,148095,3280,52.2377
2020-07-31T04:00:00Z,51.89,52.13,50.43,51.72,170611,2296,51.4627
2020-08-03T04:00:00Z,52.05,53.33,51.92,53.1,117959,2106,52.9507
2020-08-04T04:00:00Z,52.98,54.03,52.23,53.97,244997,2541,53.6937
2020-08-05T04:00:00Z,60,61.6399,56.66,61.07,345777,4876,59.7546
2020-08-06T04:00:00Z,62.16,62.8,60.94,62.69,235870,5009,62.0795
2020-08-07T04:00:00Z,62.1,63.93,61.92,62.9,265496,3639,62.9345
2020-08-10T04:00:00Z,63.21,66.26,63.21,65.89,414665,5611,65.3506
2020-08-11T04:00:00Z,67.59,68.49,66.7,67.03,371008,4972,67.4105
2020-08-12T04:00:00Z,67.67,68.61,67.07,68.07,207479,3225,67.8404
2020-08-13T04:00:00Z,67.82,68.92,67.64,68.46,309188,3697,68.2151
2020-08-14T04:00:00Z,68.25,69.43,67.755,68.77,230651,3013,68.6619
2020-08-17T04:00:00Z,69.17,69.64,67.425,67.74,316806,3980,68.1267
2020-08-18T04:00:00Z,67.39,67.765,65.75,66.14,263407,4497,66.5409
2020-08-19T04:00:00Z,65.99,67.225,65.211,65.84,301959,3401,66.1394
2020-08-20T04:00:00Z,65.35,66.51,65.17,66.21,198434,3632,65.9343
2020-08-21T04:00:00Z,66.07,66.54,64.94,66.49,579599,3066,66.2951
2020-08-24T04:00:00Z,67.19,67.58,66.58,67.14,218158,3125,67.2086
2020-08-25T04:00:00Z,67.26,67.26,65.44,66.04,192820,2531,66.0241
2020-08-26T04:00:00Z,66.27,66.53,65.37,65.95,138725,2744,65.9062
2020-08-27T04:00:00Z,66.18,66.985,65.57,65.86,211227,2676,66.1927
2020-08-28T04:00:00Z,66.27,66.47,64.26,64.78,159459,3054,64.8071
2020-08-31T04:00:00Z,64.46,64.46,62.34,62.445,318220,3646,62.8229
2020-09-01T04:00:00Z,62.05,64.31,61.77,64.18,364539,3583,63.8413
2020-09-02T04:00:00Z,64.57,65.25,63.17,64.9,146464,2877,64.5463
2020-09-03T04:00:00Z,64.9,64.9,61.88,62.45,178345,3139,62.5906
2020-09-04T04:00:00Z,63.43,63.58,61.995,62.69,168015,3353,62.7823
2020-09-08T04:00:00Z,62,62.78,60.62,61.43,173880,2936,61.7465
2020-09-09T04:00:00Z,62.05,63.14,61.17,62.98,218750,3090,62.8668
2020-09-10T04:00:00Z,63.46,64.01,62.94,63.29,152074,2571,63.493
2020-09-11T04:00:00Z,63.58,63.67,61.9,62.44,156648,2525,62.6983
2020-09-14T04:00:00Z,63.03,63.53,61.98,63.25,151364,2664,62.954
2020-09-15T04:00:00Z,63.76,64.299,62.87,63.37,112792,1989,63.3625
2020-09-16T04:00:00Z,63.76,63.95,62.935,63.69,227947,3210,63.5794
2020-09-17T04:00:00Z,62.71,64.16,62.12,63.89,156044,2363,63.7426
2020-09-18T04:00:00Z,64.56,65.36,62.66,62.92,779322,2982,63.1796
2020-09-21T04:00:00Z,61.45,61.82,59.54,61.805,330350,4540,61.0048
2020-09-22T04:00:00Z,61.9,62.39,61.17,62,126661,2412,61.8794
2020-09-23T04:00:00Z,62,62.35,60.74,60.81,167654,2313,61.1968
2020-09-24T04:00:00Z,60.78,62.54,60.355,61.95,111989,2343,61.7603
2020-09-25T04:00:00Z,61.79,63.1,61.0812,62.71,208057,3106,62.4325
2020-09-28T04:00:00Z,63.17,65.05,62.88,64.51,172754,2638,64.526
2020-09-29T04:00:00Z,64.35,65.88,64.18,65.56,235513,4797,65.178
2020-09-30T04:00:00Z,65.52,66.77,65.08,65.14,409544,3665,65.5527
2020-10-01T04:00:00Z,65.19,65.96,64.29,65.85,176447,3495,65.4555
2020-10-02T04:00:00Z,64.58,66.49,63.965,66.13,197601,3184,65.9404
2020-10-05T04:00:00Z,66.65,67.975,65.955,67.85,192484,3154,67.6758
2020-10-06T04:00:00Z,68.58,70.76,67.9,70.41,335912,4538,70.0195
2020-10-07T04:00:00Z,71.49,73.15,71.08,72.48,437070,6157,72.1061
2020-10-08T04:00:00Z,72.65,73.215,70.84,73.1,196819,3757,72.5941
2020-10-09T04:00:00Z,73.31,74,71.225,72.7,205207,2732,72.5421
2020-10-12T04:00:00Z,73.25,73.86,71.86,73.07,172113,2880,72.8981
2020-10-13T04:00:00Z,72.34,72.34,70.7617,70.84,182384,2854,71.1379
2020-10-14T04:00:00Z,70.91,71.05,68.14,68.6,189353,3673,69.1309
2020-10-15T04:00:00Z,67.71,70,66.89,69.82,183629,3237,69.2151
2020-10-16T04:00:00Z,69.65,69.915,67.2,68.44,152459,2420,68.7008
2020-10-19T04:00:00Z,68.92,68.92,66.54,67.1,168156,3312,67.2697
2020-10-20T04:00:00Z,67.76,68.21,66.75,67.46,209371,2579,67.3553
2020-10-21T04:00:00Z,67.72,68.01,66.5,66.82,206236,2383,66.9925
2020-10-22T04:00:00Z,67.31,67.59,66.02,67.16,191262,2504,67.0379
2020-10-23T04:00:00Z,67.49,68.39,66.98,66.98,219852,3182,67.4674
2020-10-26T04:00:00Z,66.23,66.345,62.625,62.97,306715,3424,63.2505
2020-10-27T04:00:00Z,62.71,63.45,61.89,62.29,240653,3322,62.5614
2020-10-28T04:00:00Z,61.09,64.04,60.5,63.5,280574,5152,63.1391
2020-10-29T04:00:00Z,63.61,63.85,58.81,59.01,313159,5439,60.0025
2020-10-30T04:00:00Z,58.64,59.77,56.97,57.45,274130,4491,57.987
2020-11-02T05:00:00Z,58.34,60.2,58.24,59.64,189969,3790,59.3312
2020-11-03T05:00:00Z,60.38,61.37,59.765,61.27,179437,2716,60.91
2020-11-04T05:00:00Z,60.49,61.49,59.35,60.63,194183,3641,60.5821
2020-11-05T05:00:00Z,61.13,62.52,60.88,61.08,132592,2399,61.3337
2020-11-06T05:00:00Z,61.54,62.19,60.07,60.29,136382,1612,60.4597
2020-11-09T05:00:00Z,64.7,65.68,61.58,61.82,266352,4581,62.2723
2020-11-10T05:00:00Z,62.53,62.87,61.6,62.71,233746,4195,62.5001
2020-11-11T05:00:00Z,62.6,63.25,60.835,61.8,170534,2637,61.7006
2020-11-12T05:00:00Z,61.78,61.9,60.43,61.44,231755,3727,61.2067
2020-11-13T05:00:00Z,61.68,62.77,61.61,62.51,141030,3401,62.2915
2020-11-16T05:00:00Z,63.39,65.09,63,65,226199,3586,64.6368
2020-11-17T05:00:00Z,64.25,65.715,61.2577,65.42,300181,3448,64.6287
2020-11-18T05:00:00Z,65.68,65.98,64.49,64.88,305099,4061,65.3181
2020-11-19T05:00:00Z,64.83,65.52,64.04,65.46,164384,3388,65.0601
2020-11-20T05:00:00Z,64.84,65.33,64.07,65.26,600591,3614,65.1574
2020-11-23T05:00:00Z,65.97,66.94,65.42,66.33,230342,3223,66.2504
2020-11-24T05:00:00Z,67.13,68.675,65.66,68.5,350284,3516,68.2204
2020-11-25T05:00:00Z,68.51,68.51,65.63,66.16,255226,2954,66.3953
2020-11-27T05:00:00Z,66.21,66.73,65.23,66.4,108893,1387,66.2114
2020-11-30T05:00:00Z,66.05,66.49,64.915,65.46,235333,3362,65.4587
2020-12-01T05:00:00Z,66.29,66.37,64.95,65.04,234733,2624,65.2336
2020-12-02T05:00:00Z,64.99,65.01,63.77,64.14,113591,2470,64.217
2020-12-03T05:00:00Z,64.07,65.49,63.82,64.57,83748,2469,64.7356
2020-12-04T05:00:00Z,64.72,66.105,64.18,64.68,78649,1451,64.6986
2020-12-07T05:00:00Z,64.93,65.42,64.09,65.18,100594,2263,64.9115
2020-12-08T05:00:00Z,64.57,65.68,63.75,65.58,262851,2823,64.9039
2020-12-09T05:00:00Z,65.84,68.59,65.84,68.38,265970,3155,67.87
2020-12-10T05:00:00Z,67.9,69.08,66.585,68.85,372183,5100,68.1696
2020-12-11T05:00:00Z,67.99,69.45,67.99,68.73,215918,2362,68.762
2020-12-14T05:00:00Z,69.14,69.98,68.56,69.04,179983,2768,69.0801
2020-12-15T05:00:00Z,69.82,69.86,68.895,69.83,164880,2255,69.5158
2020-12-16T05:00:00Z,70.19,70.95,69.85,70.64,222350,2380,70.4446
2020-12-17T05:00:00Z,71,71.89,70.64,71.46,116081,2213,71.269
2020-12-18T05:00:00Z,71.69,73.21,71.1,72,1029153,3273,71.9646
2020-12-21T05:00:00Z,70.89,71.62,70.52,71.28,179555,3503,71.1047
2020-12-22T05:00:00Z,71.43,72.12,70.26,71.11,129124,2444,71.0802
2020-12-23T05:00:00Z,71.7,71.74,70.88,71.48,84031,1851,71.3935
2020-12-24T05:00:00Z,71.95,72.29,70.78,71.72,32954,522,71.7206
2020-12-28T05:00:00Z,72.31,72.89,71.27,72.61,126465,1820,72.4328
2020-12-29T05:00:00Z,72.93,73.01,70.8338,71.38,161658,3471,71.7458
2020-12-30T05:00:00Z,71.42,72.49,70.86,71.74,116902,1682,71.6729
2020-12-31T05:00:00Z,71.56,72.48,70.63,71.94,301033,2038,71.8619
2021-01-04T05:00:00Z,73.79,76.05,73.29,75.57,347553,4982,75.0421
2021-01-05T05:00:00Z,76.01,82.28,76.01,81.92,404654,6062,80.8168
2021-01-06T05:00:00Z,83.15,93.15,83.15,92.23,596406,8515,91.3607
2021-01-07T05:00:00Z,93.3,95.07,90.3295,94.92,293997,5327,94.1455
2021-01-08T05:00:00Z,95.84,96,91.3,92.05,284874,4061,92.9722
2021-01-11T05:00:00Z,90.59,93,89.92,91.58,341467,4242,91.3862
2021-01-12T05:00:00Z,92.48,95.485,91.54,95.29,183128,3176,94.3827
2021-01-13T05:00:00Z,95.41,96.3,94.35,94.59,223134,3246,94.7668
2021-01-14T05:00:00Z,92.5,95.688,92.38,95.2,262907,3492,94.6885
2021-01-15T05:00:00Z,94.32,96.35,92.73,96.05,321813,4954,94.7991
2021-01-19T05:00:00Z,97.46,102.295,97.34,100.98,595803,7449,100.33
2021-01-20T05:00:00Z,101.72,103.02,96.44,97.27,427613,6302,99.1834
2021-01-21T05:00:00Z,97.87,97.94,94.3,95.22,223422,3606,95.5458
2021-01-22T05:00:00Z,94.09,96.45,92.99,96.39,192501,3756,95.5916
2021-01-25T05:00:00Z,96.7,97.06,93.22,95.69,161212,3411,95.0477
2021-01-26T05:00:00Z,96.65,96.65,92.77,93.57,149506,2894,93.8148
2021-01-27T05:00:00Z,92.94,93.82,89.7,91.03,233190,3311,91.7018
2021-01-28T05:00:00Z,92.26,92.26,90.06,90.94,234116,3873,91.1391
2021-01-29T05:00:00Z,90.95,90.95,88.63,89.63,235407,4411,89.7476
2021-02-01T05:00:00Z,90.56,92.41,87.72,92.22,193863,3495,90.6056
2021-02-02T05:00:00Z,93.31,95.1,92.15,92.64,216908,3079,93.1134
2021-02-03T05:00:00Z,93.06,93.7,89.82,93.29,161876,3873,92.2776
2021-02-04T05:00:00Z,93.37,94.84,92.545,94.26,145158,3008,94.0496
2021-02-05T05:00:00Z,94.62,95.46,92.81,94.49,159683,3482,94.4258
2021-02-08T05:00:00Z,95.5,98.67,93.765,97.12,200615,4350,96.8439
2021-02-09T05:00:00Z,97.35,97.35,93.4,93.87,278300,4210,94.5544
2021-02-10T05:00:00Z,94.37,98.495,94.1994,97.55,276133,4396,97.2477
2021-02-11T05:00:00Z,98.77,100.71,94.65,97.16,366879,4724,96.9116
2021-02-12T05:00:00Z,96.01,96.01,93.77,95.05,195399,3073,94.847
2021-02-16T05:00:00Z,95.99,97.2,94.71,96.22,266180,4121,96.0403
2021-02-17T05:00:00Z,96.2,99.82,95.63,98.18,275765,5437,97.9251
2021-02-18T05:00:00Z,97.86,98.62,94.215,95.22,163326,3462,95.4101
2021-02-19T05:00:00Z,95.66,96.95,95.1,96.79,120508,2258,96.3088
2021-02-22T05:00:00Z,95.74,97.62,87.4815,95.97,152466,3158,96.0801
2021-02-23T05:00:00Z,95.05,96.27,93.19,95.11,205149,4263,95.1363
2021-02-24T05:00:00Z,95.39,97.91,93.1,97.72,172034,3749,96.9224
2021-02-25T05:00:00Z,93.7,94.4299,88.625,90.28,468134,6480,90.9236
2021-02-26T05:00:00Z,90.65,91.37,86.98,87.35,446903,6846,88.5476
2021-03-01T05:00:00Z,88.38,92.24,87.67,88.06,467868,6589,89.6375
2021-03-02T05:00:00Z,88.1,91.26,83.58,84.1,392440,6628,85.2098
2021-03-03T05:00:00Z,84.35,86.33,82.76,83.56,325609,4805,84.5494
2021-03-04T05:00:00Z,84.13,84.92,79.12,80.27,381327,5660,81.2273
2021-03-05T05:00:00Z,81.82,82.74,78.79,81.42,249258,4440,80.8612
2021-03-08T05:00:00Z,81.88,85.55,81.52,83.63,254812,5282,83.9804
2021-03-09T05:00:00Z,85.275,88.91,85.03,88.7,272772,5568,87.9111
2021-03-10T05:00:00Z,88,92.77,88,92.33,233467,4887,91.4861
2021-03-11T05:00:00Z,93.73,94.715,92.4,93.93,194890,4207,93.7495
2021-03-12T05:00:00Z,93.82,97.4,93.6771,96.98,268907,5086,96.5888
2021-03-15T04:00:00Z,95.55,99.33,94.58,98.37,322351,6342,98.1039
2021-03-16T04:00:00Z,98.87,98.87,95.15,95.7,251309,4886,96.5226
2021-03-17T04:00:00Z,95.82,96.45,90.5903,91.44,674714,7341,91.8894
2021-03-18T04:00:00Z,91.18,91.89,88.15,88.28,580150,5967,88.746
2021-03-19T04:00:00Z,88.25,89.48,85.25,87.34,900298,5729,87.3227
2021-03-22T04:00:00Z,88.32,88.7,85.31,86.31,448020,5122,86.3382
2021-03-23T04:00:00Z,85.88,86.61,82.28,83.35,540094,4730,83.433
2021-03-24T04:00:00Z,84.7,86.74,84.05,84.31,272758,4535,84.9476
2021-03-25T04:00:00Z,83.61,88.64,83.17,88.13,312915,6518,87.3326
2021-03-26T04:00:00Z,89.41,91.72,87.14,91.72,273737,5481,90.4624
2021-03-29T04:00:00Z,91.86,93.32,86.54,87.84,251109,4697,88.228
2021-03-30T04:00:00Z,88.25,89.56,85.55,89.48,181267,4297,88.5554
2021-03-31T04:00:00Z,90.3,93.3399,90.21,91.51,369673,4299,91.494
2021-04-01T04:00:00Z,92.7,93.84,91.145,93.68,244572,4733,92.8189
2021-04-05T04:00:00Z,94.05,95.925,88.56,90.31,354389,5630,90.7792
2021-04-06T04:00:00Z,90.85,92.3277,89.015,89.78,270983,5239,90.3584
2021-04-07T04:00:00Z,89.96,90.49,85.78,86.2,197386,4870,86.7017
2021-04-08T04:00:00Z,87.2,87.2,85.07,86.54,176444,3035,86.438
2021-04-09T04:00:00Z,87,89.845,86.45,89.53,155545,2862,89.0354
2021-04-12T04:00:00Z,89.99,90.15,88.23,89.87,115783,2325,89.7722
2021-04-13T04:00:00Z,89.95,89.95,86.91,89.37,117964,2639,89.0044
2021-04-14T04:00:00Z,89.14,91.15,89.14,89.83,84367,2034,90.1634
2021-04-15T04:00:00Z,90.15,90.2,87.94,90.13,120905,1824,89.4319
2021-04-16T04:00:00Z,91.04,92.08,90.7,91.3,140715,2550,91.3862
2021-04-19T04:00:00Z,91.27,91.6,89.44,90.42,119668,1879,90.2221
2021-04-20T04:00:00Z,90.38,92.49,87.57,89.07,210972,3689,89.0201
2021-04-21T04:00:00Z,88.5,91.44,88.5,91.14,142418,2620,90.8529
2021-04-22T04:00:00Z,91.49,92.67,90.64,91.56,130556,2380,91.5824
2021-04-23T04:00:00Z,92.13,93.46,91.73,92.86,123274,2314,92.803
2021-04-26T04:00:00Z,93.51,94.75,93.295,94.56,90733,2391,94.3144
2021-04-27T04:00:00Z,94.48,96.33,94.15,95.65,176503,3048,95.6286
2021-04-28T04:00:00Z,95.21,95.51,93.42,94.54,97246,2404,94.4604
2021-04-29T04:00:00Z,95.08,95.87,93.5242,94.11,113146,2632,94.2791
2021-04-30T04:00:00Z,93.29,93.31,90.02,91.86,181135,2846,92.0514
2021-05-03T04:00:00Z,92.99,94.04,91.13,92.49,321369,4526,92.6907
2021-05-04T04:00:00Z,92.17,92.34,89.96,91.22,166256,3299,91.0236
2021-05-05T04:00:00Z,91.73,94.26,82.47,83.58,262716,5377,84.5789
2021-05-06T04:00:00Z,83.98,85.525,80.783,82.68,242744,3808,82.2804
2021-05-07T04:00:00Z,83.3,85.98,83.26,83.79,124604,2854,84.06
2021-05-10T04:00:00Z,84.05,84.555,81.42,81.53,185709,2409,81.8696
2021-05-11T04:00:00Z,79.47,81.22,78.505,80.66,129852,3332,80.3705
2021-05-12T04:00:00Z,80.6,80.6,76.78,77.3,169829,4063,77.8976
2021-05-13T04:00:00Z,78,79.72,76.26,77.56,198942,3573,77.8285
2021-05-14T04:00:00Z,78.23,79.76,77.43,79.65,125039,2418,79.1596
2021-05-17T04:00:00Z,78.95,79.865,77.43,78.46,82699,2036,78.3082
2021-05-18T04:00:00Z,78.34,79.81,78.11,79.07,260879,4557,79.0869
2021-05-19T04:00:00Z,77.83,78.99,76.85,78.53,144444,3134,78.2221
2021-05-20T04:00:00Z,78.76,79.54,77.34,79.01,185220,2568,78.4191
2021-05-21T04:00:00Z,79.47,81.44,79.47,79.82,128165,2946,80.2655
2021-05-24T04:00:00Z,80.05,80.14,78.9361,79.31,90829,1821,79.3841
2021-05-25T04:00:00Z,79.81,80.45,77.91,78,135962,2669,78.4139
2021-05-26T04:00:00Z,78.58,79.69,77.88,79.35,273490,4585,79.1799
2021-05-27T04:00:00Z,79.99,80.18,78.66,79.62,245672,2548,79.5896
2021-05-28T04:00:00Z,80.06,80.59,78.43,79.45,118465,1865,79.2975
2021-06-01T04:00:00Z,80.05,81.18,79.19,80.64,177363,3021,80.4776
2021-06-02T04:00:00Z,81.52,81.5825,77.45,77.98,109139,2611,78.6578
2021-06-03T04:00:00Z,77.77,78.8,76.13,76.55,174468,2810,76.573
2021-06-04T04:00:00Z,76.71,77.59,75.56,75.95,211876,3163,76.1358
2021-06-07T04:00:00Z,76.28,77.48,75.62,76.53,148722,3557,76.3968
2021-06-08T04:00:00Z,77,78.15,76.28,77.71,121856,2036,77.6327
2021-06-09T04:00:00Z,77.77,77.865,77.125,77.33,168099,2635,77.4952
2021-06-10T04:00:00Z,77.68,77.68,74.79,74.92,97860,1796,75.3222
2021-06-11T04:00:00Z,75.7,76.405,74.94,76.27,80395,2280,76.1458
2021-06-14T04:00:00Z,76.65,76.65,74.65,74.78,140335,2464,75.2886
2021-06-15T04:00:00Z,75.12,75.85,74.35,75.65,143966,1961,75.4324
2021-06-16T04:00:00Z,75.25,75.65,74.225,75.22,121583,2638,75.1039
2021-06-17T04:00:00Z,75.35,75.35,73.03,74.33,139516,2932,74.2416
2021-06-18T04:00:00Z,72.99,74.13,72.255,73.38,346951,3595,73.2707
2021-06-21T04:00:00Z,73.85,75.22,73.8,74.57,125227,2661,74.4491
2021-06-22T04:00:00Z,74.64,75.79,73.67,75.69,134481,2286,75.0775
2021-06-23T04:00:00Z,76.06,76.2099,74.51,74.97,204184,1955,75.2676
2021-06-24T04:00:00Z,75.6,76.43,74.72,75.71,229935,3372,75.6535
2021-06-25T04:00:00Z,76.2,77.35,75.57,76.56,705696,3271,76.5969
2021-06-28T04:00:00Z,76.5,76.86,75.63,76.07,125210,2573,76.0747
2021-06-29T04:00:00Z,76.39,76.84,75.325,75.9,107300,2191,75.953
2021-06-30T04:00:00Z,75.9,76.61,75.08,76.31,137144,2009,76.1848
2021-07-01T04:00:00Z,76.87,77.175,76.22,76.87,102027,1660,76.8659
2021-07-02T04:00:00Z,77.1,77.18,75.91,77,122784,2466,76.8035
2021-07-06T04:00:00Z,77.25,77.4,74.66,76.18,159166,3134,76.0826
2021-07-07T04:00:00Z,76.29,77.14,75.1,76.37,143713,2549,76.2451
2021-07-08T04:00:00Z,74.98,75.8,73.345,74.48,160505,2910,74.6133
2021-07-09T04:00:00Z,75.48,77.07,74,75.78,69915,1345,75.7969
2021-07-12T04:00:00Z,75.19,77.43,74.78,77.36,177654,3202,76.5964
2021-07-13T04:00:00Z,77.13,77.7293,74.18,74.39,118537,2702,75.3151
2021-07-14T04:00:00Z,74.65,74.65,72.24,72.43,99293,1710,72.7999
2021-07-15T04:00:00Z,72.25,72.9859,71.24,72.17,86089,1608,71.9817
2021-07-16T04:00:00Z,72.61,72.97,71.435,71.8,167844,2417,72.0117
2021-07-19T04:00:00Z,71,71.38,68.8236,70.34,131741,2502,70.1706
2021-07-20T04:00:00Z,70.99,73.59,70.99,72.64,190424,2392,72.6182
2021-07-21T04:00:00Z,73.2,74.655,72.8523,73.33,94515,1616,73.2569
2021-07-22T04:00:00Z,73.18,73.34,71.28,71.89,102681,1589,72.0742
2021-07-23T04:00:00Z,72.39,73.24,71.445,72.66,92038,1293,72.4451
2021-07-26T04:00:00Z,72.87,73.19,71.76,72.05,54486,1165,72.2092
2021-07-27T04:00:00Z,71.44,72.44,70.87,71.62,80328,1734,71.5298
2021-07-28T04:00:00Z,72.11,73.49,70.8901,72.85,90170,1512,72.6549
2021-07-29T04:00:00Z,73.66,74.44,72.85,73.8,72668,1745,73.7938
2021-07-30T04:00:00Z,75.15,76.03,73.94,74.68,130927,1543,74.6994
2021-08-02T04:00:00Z,74.72,76.515,73.13,73.6,121610,2324,73.7559
2021-08-03T04:00:00Z,72.7,74.06,68.4987,71.56,206336,2273,71.2606
2021-08-04T04:00:00Z,70.88,71.925,69.67,70.18,135222,3377,70.2889
2021-08-05T04:00:00Z,70.29,71.61,70.19,71.04,70959,1310,70.9628
2021-08-06T04:00:00Z,71.99,71.99,71.14,71.26,62817,1085,71.3597
2021-08-09T04:00:00Z,71.2,71.275,70.025,70.68,58463,1784,70.8534
2021-08-10T04:00:00Z,71.05,71.65,70.36,71.21,78636,1881,71.2024
2021-08-11T04:00:00Z,71.9,72.73,71.34,72.54,75946,1428,72.1837
2021-08-12T04:00:00Z,72.69,73.305,71.99,72.99,113995,1703,72.7213
2021-08-13T04:00:00Z,73.29,73.65,71.51,73.08,141004,2421,72.762
2021-08-16T04:00:00Z,72.39,73.54,71.73,73.24,127679,2481,73.0362
2021-08-17T04:00:00Z,72.78,72.78,69.7773,70.96,137709,2282,70.9438
2021-08-18T04:00:00Z,70.93,72.01,70.03,70.96,81023,4179,71.2192
2021-08-19T04:00:00Z,71.1,71.14,69.565,70.68,122247,1781,70.6254
2021-08-20T04:00:00Z,70.4,71.88,69.9,71.48,103034,2307,71.2406
2021-08-23T04:00:00Z,72.17,72.97,71.7,72.91,126710,2480,72.6051
2021-08-24T04:00:00Z,73.07,73.39,71.97,73.05,63327,1400,73.032
2021-08-25T04:00:00Z,73.13,74.5011,73.13,74.32,83396,1374,74.1478
2021-08-26T04:00:00Z,74.32,74.52,73.06,73.36,107607,1560,73.5081
2021-08-27T04:00:00Z,73.5,76.51,73.36,76.39,190645,2503,76.0491
2021-08-30T04:00:00Z,76.5,76.5,75.1601,75.39,96990,1661,75.4575
2021-08-31T04:00:00Z,75.15,75.15,73.37,74.66,115771,2210,74.57
2021-09-01T04:00:00Z,74.71,75.78,73.06,75.07,79854,2387,74.8937
2021-09-02T04:00:00Z,75.64,75.7,74.63,75.24,67887,1519,75.2573
2021-09-03T04:00:00Z,74.97,74.97,73.63,73.69,109136,2284,73.8886
2021-09-07T04:00:00Z,73.43,73.43,71.64,71.66,61893,1916,72.1998
2021-09-08T04:00:00Z,71.26,71.625,70.07,71.09,124588,2655,70.899
2021-09-09T04:00:00Z,71.07,71.62,69.78,69.9,136609,3010,70.3688
2021-09-10T04:00:00Z,70.06,70.67,68.59,68.83,101041,1933,69.0472
2021-09-13T04:00:00Z,69.25,70.29,68.94,69.84,125414,2263,69.6447
2021-09-14T04:00:00Z,70.21,70.4,67.1,67.6,87078,1794,67.8114
2021-09-15T04:00:00Z,67.54,68.935,66.67,68.83,135522,1991,68.6263
2021-09-16T04:00:00Z,68.71,69.77,68,68.44,80686,1842,68.4675
2021-09-17T04:00:00Z,68.8,69.03,67.29,68.95,632003,2916,68.8485
2021-09-20T04:00:00Z,67.3,67.7,65.98,67.05,132698,2374,66.8747
2021-09-21T04:00:00Z,67.28,67.56,65.14,66,100291,2540,66.1866
2021-09-22T04:00:00Z,66.5,67.665,66.11,66.92,68927,1752,67.0086
2021-09-23T04:00:00Z,67.42,68.82,66.9,67.96,61595,1755,68.0184
2021-09-24T04:00:00Z,67.72,69.02,65.7601,66.5,127911,2455,67.0378
2021-09-27T04:00:00Z,66.74,68.95,66.17,68.5,124062,2308,68.266
2021-09-28T04:00:00Z,68.12,68.12,66.31,66.75,91971,2013,66.8883
2021-09-29T04:00:00Z,67.14,68.91,66.9,68.91,172543,1869,68.5015
2021-09-30T04:00:00Z,69.49,70.25,68.35,69.65,352963,3302,69.6124
2021-10-01T04:00:00Z,69.92,70.74,68.73,69.41,220992,2674,69.6288
2021-10-04T04:00:00Z,69.23,70.5,69.23,69.83,152342,2661,69.8891
2021-10-05T04:00:00Z,69.99,70.55,68.655,69.74,128031,1985,69.7088
2021-10-06T04:00:00Z,69,70.08,68.72,69.89,125737,2077,69.6559
2021-10-07T04:00:00Z,70.28,72.285,70.28,71.91,215735,2675,71.4966
2021-10-08T04:00:00Z,71.76,72.53,71.17,72.37,80401,1645,72.2532
2021-10-11T04:00:00Z,72.3,74.82,71.97,73.58,97238,2498,73.7684
2021-10-12T04:00:00Z,73.63,73.63,72.37,72.87,78770,1772,72.8991
2021-10-13T04:00:00Z,72.93,74.07,71.84,74.01,93648,2193,73.7106
2021-10-14T04:00:00Z,74.98,75.57,74.34,75.32,185549,2169,75.0147
2021-10-15T04:00:00Z,76.46,76.52,73.96,74.13,184593,2801,74.6511
2021-10-18T04:00:00Z,73.54,73.54,71.69,71.83,109408,2910,72.277
2021-10-19T04:00:00Z,72.24,72.24,71.33,72.06,75199,2503,71.8376
2021-10-20T04:00:00Z,71.97,73.71,71.57,73.64,121566,1232,73.3997
2021-10-21T04:00:00Z,73.62,74.04,73,73.23,122144,2063,73.3312
2021-10-22T04:00:00Z,73.38,74.22,72.36,72.58,89241,1669,72.8403
2021-10-25T04:00:00Z,72.55,74.52,71.76,72.81,356881,4524,72.7368
2021-10-26T04:00:00Z,72.95,73.065,71.5,71.74,150205,3384,71.9879
2021-10-27T04:00:00Z,65.99,67.24,60.28,64.13,594115,8079,65.216
2021-10-28T04:00:00Z,64.24,66.11,63.57,64.63,207359,4334,65.0899
2021-10-29T04:00:00Z,64.63,66.05,64.0526,65.16,145854,4319,65.1311
2021-11-01T04:00:00Z,65.26,67.845,65.26,67.05,147079,2334,67.0188
2021-11-02T04:00:00Z,67.19,70.2,66.98,69.55,224209,3177,68.8406
2021-11-03T04:00:00Z,69.32,74.19,68.11,73.96,299386,5043,72.824
2021-11-04T04:00:00Z,74.36,75.235,72.715,73.41,196150,3147,73.5308
2021-11-05T04:00:00Z,74.44,76.595,74.4,75.61,197575,4740,75.7291
2021-11-08T05:00:00Z,76.22,76.725,74.92,76.59,109241,2402,76.2722
2021-11-09T05:00:00Z,76.47,76.98,75.3701,75.84,140236,2639,76.0169
2021-11-10T05:00:00Z,75.67,76.4,74.215,74.37,107726,2050,74.6414
2021-11-11T05:00:00Z,74.63,76.07,74.25,75.49,68644,1587,75.2681
2021-11-12T05:00:00Z,75.94,76.25,75.21,75.82,70793,2507,75.777
2021-11-15T05:00:00Z,76.29,76.29,73.21,73.82,127468,2481,73.8863
2021-11-16T05:00:00Z,73.86,75.34,73.03,74.46,146741,3409,74.5118
2021-11-17T05:00:00Z,74,75.615,73.35,73.98,156768,2853,74.0795
2021-11-18T05:00:00Z,74.06,74.67,72.62,74.31,156924,2422,73.9663
2021-11-19T05:00:00Z,74,76,72.0092,75.16,142970,2706,75.1193
2021-11-22T05:00:00Z,75.9,78.22,75.38,77.08,144665,2510,77.1048
2021-11-23T05:00:00Z,77.23,79.29,76.4,78.25,227284,3578,78.2081
2021-11-24T05:00:00Z,78.25,79.4,78,78.67,121778,2403,78.7698
2021-11-26T05:00:00Z,76.14,77,71.54,72.4,115931,2514,73.1187
2021-11-29T05:00:00Z,73.4,73.48,71.48,71.8,84442,2675,72.0743
2021-11-30T05:00:00Z,70.09,70.78,67.57,67.9,231989,3586,68.4642
2021-12-01T05:00:00Z,69.63,71.735,69.22,69.5,243401,3822,69.989
2021-12-02T05:00:00Z,69.55,70.51,68.88,69.71,152971,2806,69.6714
2021-12-03T05:00:00Z,70.09,70.33,68.44,69.03,205762,2167,69.1707
2021-12-06T05:00:00Z,70.05,72.66,69.055,72.26,149895,3824,71.7952
2021-12-07T05:00:00Z,73.26,74.11,71.8,72.22,163137,2388,72.5407
2021-12-08T05:00:00Z,72.33,74.07,70.665,73.84,74874,3137,73.4291
2021-12-09T05:00:00Z,73.2,73.8,72.48,72.62,97382,1762,72.8062
2021-12-10T05:00:00Z,73.03,74.06,72.1,72.3,93406,1831,72.4495
2021-12-13T05:00:00Z,71.73,72.38,70.84,71.66,113955,1814,71.7039
2021-12-14T05:00:00Z,71.81,72.245,69.66,69.74,95732,2314,70.2003
2021-12-15T05:00:00Z,69.9,70.32,67.19,69.39,176639,2814,68.9358
2021-12-16T05:00:00Z,70.21,71.24,67.82,68.32,118124,2719,68.677
2021-12-17T05:00:00Z,68.24,68.79,64.4,66.67,1457767,6888,66.8272
2021-12-20T05:00:00Z,65.63,66.46,62.28,64.89,175532,3778,64.1758
2021-12-21T05:00:00Z,65.57,66.46,65.26,65.89,175213,3888,65.7273
2021-12-22T05:00:00Z,65.86,67.23,64.59,67.02,187826,3278,66.7467
2021-12-23T05:00:00Z,67.59,67.9,66.61,66.78,125218,2183,67.0144
2021-12-27T05:00:00Z,66.71,67.795,66.17,67.65,160918,3018,67.4717
2021-12-28T05:00:00Z,67.65,68.5,66.6,68.15,121841,2601,68.0304
2021-12-29T05:00:00Z,68.36,68.44,67.46,67.85,113054,1966,67.8994
2021-12-30T05:00:00Z,67.65,68.435,66.75,66.97,111884,1897,67.3385
2021-12-31T05:00:00Z,67.04,67.8,66.36,66.68,84488,1693,66.7122
2022-01-03T05:00:00Z,66.8,67.75,65.45,66.62,210480,3223,66.516
2022-01-04T05:00:00Z,66.72,68.41,66.72,67.96,199740,3742,67.8725
2022-01-05T05:00:00Z,68.11,68.72,65.97,65.99,132499,3516,67.164
2022-01-06T05:00:00Z,66.03,66.735,65.17,65.23,136612,3604,65.6003
2022-01-07T05:00:00Z,65.06,65.8,63.25,63.58,138555,3005,63.7452
2022-01-10T05:00:00Z,63.38,64.38,62.08,64.15,122316,2487,63.736
2022-01-11T05:00:00Z,64.12,64.38,62.4075,64.27,101360,3074,63.9994
2022-01-12T05:00:00Z,64.34,65.35,62.93,63.52,133743,2464,63.5444
2022-01-13T05:00:00Z,63.39,64.66,62.95,63,232669,2308,63.8932
2022-01-14T05:00:00Z,62.37,62.9,61.22,62.2,188561,3074,61.938
2022-01-18T05:00:00Z,61.24,61.24,59.95,60.01,179860,2944,60.4084
2022-01-19T05:00:00Z,59.85,60.4,58.3,59.13,316004,4325,59.1717
2022-01-20T05:00:00Z,59.14,60.41,57.28,57.37,150949,3143,58.6142
2022-01-21T05:00:00Z,56.69,58.325,56.04,56.46,182494,3316,56.8031
2022-01-24T05:00:00Z,55.69,58.51,54.71,58.18,181011,3994,57.3809
2022-01-25T05:00:00Z,57.24,58.89,55.905,58.08,255922,5400,57.6621
2022-01-26T05:00:00Z,58.8,59.73,55.42,55.99,174197,3544,56.8775
2022-01-27T05:00:00Z,55.41,56.95,52.92,53.26,201078,4574,54.125
2022-01-28T05:00:00Z,53.41,53.89,51.48,53.71,131581,2632,53.0279
2022-01-31T05:00:00Z,54.29,55.51,52.4,54.8,729524,8974,54.6728
2022-02-01T05:00:00Z,55.1,55.445,53.54,54.82,548802,4359,54.7579
2022-02-02T05:00:00Z,55.31,55.59,53.88,53.97,289151,3897,54.3381
2022-02-03T05:00:00Z,53.46,53.96,51.78,52.26,214556,4317,52.371
2022-02-04T05:00:00Z,51.89,52.49,50.225,51.2,416378,3139,51.1609
2022-02-07T05:00:00Z,51.2,52.01,50.85,51.09,199156,3360,51.2791
2022-02-08T05:00:00Z,50.73,52.55,50.73,52.04,188009,3393,52.1252
2022-02-09T05:00:00Z,52.58,53.51,52.35,53.03,380875,5925,52.8008
2022-02-10T05:00:00Z,52.2,53.3575,50.74,51.09,155977,3322,51.6659
2022-02-11T05:00:00Z,51.11,51.81,49.66,49.94,208701,4016,50.2468
2022-02-14T05:00:00Z,49.42,50.585,48.99,49.52,764436,8161,49.6881
2022-02-15T05:00:00Z,50.22,52.37,49.95,52.08,637411,7574,51.1953
2022-02-16T05:00:00Z,51.67,53.38,51.67,52.39,200622,4424,52.2206
2022-02-17T05:00:00Z,51.81,52.36,51.395,52.14,166855,3624,52.1143
2022-02-18T05:00:00Z,52.66,53.2,50.84,51.02,226577,4478,51.3974
2022-02-22T05:00:00Z,50.61,50.61,48.74,49.01,230688,4939,49.4234
2022-02-23T05:00:00Z,46.61,48.72,45.44,45.75,307642,5358,46.2881
2022-02-24T05:00:00Z,44.48,46.73,44.48,46.61,565504,7649,46.3262
2022-02-25T05:00:00Z,46.93,49.395,46.93,48.93,584125,8367,48.5565
2022-02-28T05:00:00Z,48.63,49.36,47.845,48.32,398173,5756,48.3798
2022-03-01T05:00:00Z,47.88,48.93,45.12,47,590791,7488,46.2056
2022-03-02T05:00:00Z,47.55,48.86,47.08,48.66,419294,5470,48.2153
2022-03-03T05:00:00Z,49.12,49.46,48.18,48.69,281022,3884,48.8014
2022-03-04T05:00:00Z,48.11,48.87,46.85,47.94,229337,3648,47.6733
2022-03-07T05:00:00Z,48.14,48.23,46.76,46.94,291551,4706,47.2008
2022-03-08T05:00:00Z,47,49.11,46.87,48.52,491484,4331,48.4411
2022-03-09T05:00:00Z,49.57,49.98,48.74,49.37,361285,4028,49.466
2022-03-10T05:00:00Z,48.37,49.4,46.8916,48.53,183453,3509,48.539
2022-03-11T05:00:00Z,48.79,49,46.52,46.61,172082,2734,46.8715
2022-03-14T04:00:00Z,47.01,48.41,45.02,45.16,162614,3343,45.3639
2022-03-15T04:00:00Z,45.28,47.56,45,47.4,191502,4720,47.0114
2022-03-16T04:00:00Z,48,49.085,47.4,48.6,202476,3583,48.4854
2022-03-17T04:00:00Z,48.21,49.44,48.21,49.18,168953,3282,49.1086
2022-03-18T04:00:00Z,49.18,50.725,48.29,49.26,435343,2963,49.2094
2022-03-21T04:00:00Z,49.13,49.18,47.89,48.2,133906,2640,48.3114
2022-03-22T04:00:00Z,48.4,48.78,47.75,48,162522,2561,48.1194
2022-03-23T04:00:00Z,47.26,47.92,46.62,46.7,157356,3570,46.879
2022-03-24T04:00:00Z,46.73,48.035,45.54,46.11,169309,3581,46.0359
2022-03-25T04:00:00Z,46.27,46.695,44.9776,46.11,129103,3024,46.0595
2022-03-28T04:00:00Z,45.73,46.05,44.61,45.55,164853,2762,45.3779
2022-03-29T04:00:00Z,46.23,47.72,46.23,47.04,227065,4323,47.0609
2022-03-30T04:00:00Z,46.46,47.2,45.51,45.63,158299,3059,45.9316
2022-03-31T04:00:00Z,45.72,46.28,42.92,42.95,375796,5429,43.4483
2022-04-01T04:00:00Z,43.62,44.9,42.64,43.9,348871,5108,43.5596
2022-04-04T04:00:00Z,44.1,45.25,44,44.27,196654,3864,44.4902
2022-04-05T04:00:00Z,44.21,44.76,42.22,42.45,245473,4171,42.8818
2022-04-06T04:00:00Z,41.87,42.42,40.71,41.11,282581,5540,41.1964
2022-04-07T04:00:00Z,41.46,42.26,39.56,40.31,273998,4320,40.2886
2022-04-08T04:00:00Z,40.37,41.09,39.09,39.17,229059,3384,39.5829
2022-04-11T04:00:00Z,39.15,40.705,38.8,40.13,268942,3425,40.098
2022-04-12T04:00:00Z,40.9,41.405,39.46,39.54,234364,4257,39.9406
2022-04-13T04:00:00Z,39.66,40.74,39.66,40.1,197343,2919,40.1858
2022-04-14T04:00:00Z,40.17,40.405,38.92,39.17,182377,3345,39.3406
2022-04-18T04:00:00Z,38.84,39.76,38.35,39.24,258923,4099,38.9911
2022-04-19T04:00:00Z,39.33,41.04,39.25,40.82,180981,3173,40.6783
2022-04-20T04:00:00Z,41.34,41.94,40.52,40.58,247140,3053,40.7818
2022-04-21T04:00:00Z,41.24,41.24,39.97,40.44,220369,3231,40.4449
2022-04-22T04:00:00Z,40.36,41.15,40.02,40.15,147431,2893,40.317
2022-04-25T04:00:00Z,39.99,40.1,38.89,40.1,206657,3192,39.7515
2022-04-26T04:00:00Z,39.66,40.52,38.57,38.73,219259,3497,39.0014
2022-04-27T04:00:00Z,38.7,39.9,38.11,38.59,171485,3355,38.634
2022-04-28T04:00:00Z,39.1,39.605,38.2,39.33,212387,3374,39.1251
2022-04-29T04:00:00Z,39.02,40.11,37.57,37.84,182697,3327,38.1297
2022-05-02T04:00:00Z,38.03,39.5,37.69,39.28,305470,5118,38.8452
2022-05-03T04:00:00Z,39.22,39.89,38.47,39.25,171318,4078,39.2587
2022-05-04T04:00:00Z,41.62,44.64,40.82,43.92,237793,4119,42.7256
2022-05-05T04:00:00Z,43.58,43.61,42,43.42,444843,6482,43.0538
2022-05-06T04:00:00Z,43.12,43.12,41.63,42.69,389506,5580,42.4899
2022-05-09T04:00:00Z,41.91,44.95,41.2811,41.79,294054,4342,42.1848
2022-05-10T04:00:00Z,42.23,42.54,37.86,38.47,286104,5397,38.9688
2022-05-11T04:00:00Z,38.38,40.06,36.97,37.24,237470,4334,37.725
2022-05-12T04:00:00Z,36.92,38.42,36.86,38.32,270098,4248,37.9939
2022-05-13T04:00:00Z,39,39.8,38.36,38.57,221499,3741,38.9135
2022-05-16T04:00:00Z,38.61,39.49,37.09,37.51,185892,3595,37.5976
2022-05-17T04:00:00Z,38.51,39.87,38.14,39.73,237505,3930,39.4366
2022-05-18T04:00:00Z,39.65,41.73,39.01,39.67,326703,5271,40.1584
2022-05-19T04:00:00Z,39.26,39.75,37.48,38.06,843233,9195,38.3409
2022-05-20T04:00:00Z,38.53,39.255,37.425,38.29,323371,4918,38.1955
2022-05-23T04:00:00Z,38.88,40.36,38.68,39.98,483568,6950,39.8028
2022-05-24T04:00:00Z,39.9,40.03,38.35,39.6,246367,6043,39.5359
2022-05-25T04:00:00Z,39.42,40.715,38.99,40.28,385175,6008,40.3312
2022-05-26T04:00:00Z,40.83,42.21,40.52,41.73,430044,6236,41.6125
2022-05-27T04:00:00Z,41.69,42.84,41.69,42.32,246517,5480,42.312
2022-05-31T04:00:00Z,42.02,42.675,40.585,41.76,324303,5310,41.662
2022-06-01T04:00:00Z,41.89,43.13,40.52,41.85,306499,5138,41.5983
2022-06-02T04:00:00Z,42.05,44.25,42,43.88,236737,5665,43.7145
2022-06-03T04:00:00Z,43.5,44.7,43.19,44.43,214938,5389,44.3341
2022-06-06T04:00:00Z,44.77,46.62,44.3,46.55,363487,7742,46.2049
2022-06-07T04:00:00Z,46.18,46.61,45.82,46.48,352416,5735,46.2969
2022-06-08T04:00:00Z,46.31,46.98,45.51,45.79,265793,5862,46.013
2022-06-09T04:00:00Z,46,46.85,45.78,46.3,265548,5350,46.3462
2022-06-10T04:00:00Z,45.26,45.69,44.1,44.33,314200,6235,44.5254
2022-06-13T04:00:00Z,42.67,43.33,41.72,42.24,342664,6053,42.3487
2022-06-14T04:00:00Z,42.38,43.155,41.81,41.94,275979,6191,42.2465
2022-06-15T04:00:00Z,42.37,43.62,41.8,42.14,380711,6526,42.3521
2022-06-16T04:00:00Z,41,41.28,38.48,38.75,391423,7878,39.1701
2022-06-17T04:00:00Z,38.8,41.32,38.76,40.6,731084,6724,40.3719
2022-06-21T04:00:00Z,41.02,41.2493,39.46,40.1,455178,7281,40.3173
2022-06-22T04:00:00Z,39.87,40.44,39.1,39.5,368360,6924,39.7385
2022-06-23T04:00:00Z,39.55,40.245,38.74,39.11,265660,6551,39.1041
2022-06-24T04:00:00Z,39.55,40.54,39.09,39.87,498019,6420,39.9205
2022-06-27T04:00:00Z,40.32,41.46,39.42,41.11,208750,4727,40.8547
2022-06-28T04:00:00Z,41.25,41.62,39.29,39.45,322076,6027,39.7642
2022-06-29T04:00:00Z,39.48,39.48,37.94,38.57,221345,4020,38.5087
2022-06-30T04:00:00Z,37.8,39.145,37.65,38.75,275640,5403,38.6295
2022-07-01T04:00:00Z,38.45,40.09,38.45,39.95,188621,4115,39.6335
2022-07-05T04:00:00Z,39.23,40.09,38.48,40.02,251166,4109,39.752
2022-07-06T04:00:00Z,39.97,40.41,38.72,39.27,143255,3267,39.1421
2022-07-07T04:00:00Z,39.49,40.41,38.885,40.14,126062,3782,40.0488
2022-07-08T04:00:00Z,40.28,40.44,39.2,39.58,154495,3349,39.5655
2022-07-11T04:00:00Z,39.23,40.11,39.2,39.73,139520,3458,39.7413
2022-07-12T04:00:00Z,39.68,40.66,39.29,39.72,127276,3771,39.8923
2022-07-13T04:00:00Z,39.02,39.79,38.56,39.6,107632,2954,39.4643
2022-07-14T04:00:00Z,38.87,40.44,38.46,39.43,123810,3263,39.1689
2022-07-15T04:00:00Z,40.19,40.72,39.345,40.28,171167,3301,40.2522
2022-07-18T04:00:00Z,40.36,41.12,40.36,40.72,166991,3470,40.7074
2022-07-19T04:00:00Z,41.27,43.23,41.27,43.02,170006,3095,42.8815
2022-07-20T04:00:00Z,43.41,43.48,42.35,43.29,170795,4041,43.1808
2022-07-21T04:00:00Z,43.45,43.73,42.3,43.73,144909,3832,43.4206
2022-07-22T04:00:00Z,43.93,44.3,42.98,43.93,157867,3398,43.7753
2022-07-25T04:00:00Z,43.95,44.5,43.29,44.12,179743,4318,44.146
2022-07-26T04:00:00Z,43.85,45.48,43.85,44.59,167580,3278,44.7527
2022-07-27T04:00:00Z,44.63,44.825,43.67,44.49,167455,3852,44.3543
2022-07-28T04:00:00Z,44.73,46.11,44.73,46.09,109489,3575,45.8204
2022-07-29T04:00:00Z,46.15,47.085,45.105,46.79,158363,3078,46.6175
2022-08-01T04:00:00Z,46.29,47.34,45.84,46.9,165758,3785,46.8947
2022-08-02T04:00:00Z,46.54,46.92,45.76,45.81,208691,4372,46.1337
2022-08-03T04:00:00Z,46.55,46.55,42.77,44.47,202704,5277,44.3553
2022-08-04T04:00:00Z,44.27,45.395,43.965,44.04,134366,3807,44.1297
2022-08-05T04:00:00Z,44,44.33,43.34,44.15,160051,3132,44.0953
2022-08-08T04:00:00Z,44.44,45.86,44.21,44.61,148488,3763,44.5722
2022-08-09T04:00:00Z,44.72,44.72,42.93,43.39,212463,3992,43.4026
2022-08-10T04:00:00Z,44.33,45.67,43.52,45.1,184505,3810,45.1056
2022-08-11T04:00:00Z,45.62,47.76,45.62,46.7,178368,5622,46.8337
2022-08-12T04:00:00Z,47.23,48.84,46.1,48.81,193322,4391,48.4351
2022-08-15T04:00:00Z,48.2,48.41,45.1501,48.22,177588,3713,47.9989
2022-08-16T04:00:00Z,47.89,49.11,46.9745,48.86,153933,3941,48.5754
2022-08-17T04:00:00Z,48.9,49.06,47.78,48.63,160998,4049,48.6258
2022-08-18T04:00:00Z,48.59,48.89,48.03,48.84,118355,2606,48.6473
2022-08-19T04:00:00Z,48.4,48.4,45.475,45.91,277593,5780,46.3979
2022-08-22T04:00:00Z,45.59,45.8,44.35,44.56,147916,2995,44.6775
2022-08-23T04:00:00Z,44.98,45.26,44.09,44.66,242768,3210,44.3694
2022-08-24T04:00:00Z,44.53,45.39,44.42,45.07,112211,2443,45.1249
2022-08-25T04:00:00Z,45.14,45.6,44.505,44.88,119220,3381,44.8922
2022-08-26T04:00:00Z,44.99,44.99,42.68,43.01,140593,3796,43.2158
2022-08-29T04:00:00Z,42.65,43.17,42.16,42.9,127409,3453,42.7736
2022-08-30T04:00:00Z,42.87,43.42,42.195,43.35,174965,4683,43.0961
2022-08-31T04:00:00Z,43.44,44.38,41.67,41.85,241707,5159,42.3292
2022-09-01T04:00:00Z,41.4,41.72,39.495,39.99,298049,6281,40.0434
2022-09-02T04:00:00Z,40.53,40.73,39.59,40.01,145692,4489,40.0229
2022-09-06T04:00:00Z,40.98,41.27,39.2,39.67,222520,5297,39.8401
2022-09-07T04:00:00Z,39.74,41.225,39.23,40.58,174489,5153,40.14
2022-09-08T04:00:00Z,39.82,40.61,39.3,40.55,117415,3886,40.3435
2022-09-09T04:00:00Z,40.77,41.97,40.62,41.94,145612,4404,41.5794
2022-09-12T04:00:00Z,42.19,42.945,41.84,42.36,148058,5119,42.3781
2022-09-13T04:00:00Z,41.13,41.19,40.05,40.68,267172,7248,40.8023
2022-09-14T04:00:00Z,40.66,40.96,39.92,40.45,262967,6916,40.4353
2022-09-15T04:00:00Z,40.11,41.02,40.05,40.71,190996,4978,40.6536
2022-09-16T04:00:00Z,40.25,41.5,39.54,41.46,1097609,9096,41.3385
2022-09-19T04:00:00Z,41.25,41.9,41.11,41.85,246276,4717,41.701
2022-09-20T04:00:00Z,41.33,41.58,40.57,41.33,156238,3784,41.3069
2022-09-21T04:00:00Z,41.56,42.3,40.99,41.24,170366,4414,41.4654
2022-09-22T04:00:00Z,41.36,41.63,39.98,40.19,215859,4715,40.2933
2022-09-23T04:00:00Z,39.54,40.22,37.71,38.18,182107,4590,38.6697
2022-09-26T04:00:00Z,37.94,39.16,37.59,37.74,133764,3483,37.9134
2022-09-27T04:00:00Z,37.88,38.1,36.58,37.13,167680,4303,37.1448
2022-09-28T04:00:00Z,37.51,39.94,37.03,39.6,239753,5944,39.3662
2022-09-29T04:00:00Z,38.94,40.09,38.17,39.61,317626,7345,39.6611
2022-09-30T04:00:00Z,39.99,41.84,39.62,40.93,460797,7351,41.1402
2022-10-03T04:00:00Z,41.45,42.54,41.16,41.29,274251,8302,41.6166
2022-10-04T04:00:00Z,42.1,45.1,41.925,45.03,276779,6442,44.6409
2022-10-05T04:00:00Z,44.57,44.98,43.97,44.29,257675,7244,44.4618
2022-10-06T04:00:00Z,43.98,45.42,43.98,45.31,213343,6104,45.0479
2022-10-07T04:00:00Z,45,45,44,44.13,312855,6466,44.2924
2022-10-10T04:00:00Z,44.34,46.1,44.34,45.92,172548,5389,45.7046
2022-10-11T04:00:00Z,45.56,46.92,45.34,46.54,314761,9287,46.4053
2022-10-12T04:00:00Z,46.69,46.69,45.49,45.55,188300,5573,45.8242
2022-10-13T04:00:00Z,44.81,46.525,44.24,46.44,230896,6866,45.8598
2022-10-14T04:00:00Z,46.72,46.72,44.24,44.25,205927,4811,44.7312
2022-10-17T04:00:00Z,45.2,46.085,44.72,45.18,211682,5132,45.1533
2022-10-18T04:00:00Z,46.18,47,45.69,46.41,210493,6561,46.3254
2022-10-19T04:00:00Z,45.85,46.2,44.89,45.56,170906,4895,45.5301
2022-10-20T04:00:00Z,45.52,46.02,44.28,44.59,202682,4821,44.7556
2022-10-21T04:00:00Z,44.9,46.54,44.53,46.36,250973,4763,45.9439
2022-10-24T04:00:00Z,46.7,47.45,45.53,47.36,138655,3973,46.9438
2022-10-25T04:00:00Z,47.28,48.93,46.61,48.64,162075,4622,48.5107
2022-10-26T04:00:00Z,48.95,50.52,48.54,49.38,232563,6130,49.7133
2022-10-27T04:00:00Z,49.77,50.19,48.65,48.89,203063,6003,49.2989
2022-10-28T04:00:00Z,49.35,51.56,48.92,51.41,286956,6180,50.7725
2022-10-31T04:00:00Z,50.71,51.36,50.455,51.08,183135,5409,51.0413
2022-11-01T04:00:00Z,51.51,51.54,50.33,51.2,195141,6117,50.962
2022-11-02T04:00:00Z,50.89,51.39,49.03,49.03,231443,5854,49.7136
2022-11-03T04:00:00Z,50.49,51.84,47.63,50.37,245874,6448,50.5736
2022-11-04T04:00:00Z,50.88,51.04,47.905,48.92,208704,6737,49.1022
2022-11-07T05:00:00Z,49.72,50.13,48.62,49.62,241728,5596,49.6029
2022-11-08T05:00:00Z,49.56,50.18,48.1,48.55,188072,5718,48.786
2022-11-09T05:00:00Z,48.17,48.93,47.525,48.08,153880,3798,48.025
2022-11-10T05:00:00Z,49.83,52.12,49.3,51.63,240265,4500,51.4603
2022-11-11T05:00:00Z,51.38,53.1,51.3,52.54,215170,5396,52.5198
2022-11-14T05:00:00Z,52.15,52.63,50.5096,50.64,136068,4089,51.2509
2022-11-15T05:00:00Z,51.42,52.25,51.17,51.33,124293,3701,51.5346
2022-11-16T05:00:00Z,50.98,51.34,50.2004,51.14,111772,2564,50.9852
2022-11-17T05:00:00Z,50.16,50.69,49.11,50.65,107972,3464,50.3903
2022-11-18T05:00:00Z,51.57,51.695,50.38,50.91,137148,4249,51.0711
2022-11-21T05:00:00Z,50.79,52.13,50.62,51.25,126451,4334,51.4112
2022-11-22T05:00:00Z,51.25,51.85,50.125,51.35,124940,3947,51.2768
2022-11-23T05:00:00Z,51.11,51.56,50.305,50.49,93905,4099,50.5848
2022-11-25T05:00:00Z,50.14,51.11,50.14,50.55,47015,1750,50.6567
2022-11-28T05:00:00Z,50.19,50.57,48.85,49.18,135715,3829,49.4609
2022-11-29T05:00:00Z,49.06,50.175,49.04,49.61,105450,2886,49.7216
2022-11-30T05:00:00Z,49.5,50.7186,48.75,50.61,309080,5115,50.4522
2022-12-01T05:00:00Z,50.78,51.14,49.42,50.16,160978,5685,50.056
2022-12-02T05:00:00Z,49.45,51.07,48.89,50.99,127536,4009,50.6999
2022-12-05T05:00:00Z,50.3,50.39,48.65,49.8,166771,5691,49.6358
2022-12-06T05:00:00Z,49.13,49.87,48.07,48.7,132402,4356,48.7969
2022-12-07T05:00:00Z,48.59,49,48.08,48.31,130137,3465,48.3731
2022-12-08T05:00:00Z,48.48,49.06,48.115,48.68,122770,3997,48.5588
2022-12-09T05:00:00Z,48.34,48.99,47.49,47.55,130678,3863,47.8609
2022-12-12T05:00:00Z,47.6,48.56,46.83,47.87,216664,6461,47.8494
2022-12-13T05:00:00Z,49.51,50.34,46.55,48.21,176975,3823,48.6721
2022-12-14T05:00:00Z,48.14,48.45,46.785,47.24,169391,5140,47.3871
2022-12-15T05:00:00Z,46.59,47.88,45.8,46.22,165226,4419,46.3119
2022-12-16T05:00:00Z,45.42,46.17,45.04,46.16,1647165,5319,46.0832
2022-12-19T05:00:00Z,46.07,46.6306,44.94,45.01,216887,5692,45.2432
2022-12-20T05:00:00Z,45.09,46.155,44.7,45.92,130072,3918,45.8036
2022-12-21T05:00:00Z,46.33,46.96,45.66,46.23,110693,3442,46.2842
2022-12-22T05:00:00Z,45.83,46.325,44.69,45.99,142195,3093,45.777
2022-12-23T05:00:00Z,46.1,46.4,45.58,45.74,70651,1792,45.8333
2022-12-27T05:00:00Z,46.14,46.3,45.38,45.94,107308,2602,45.9682
2022-12-28T05:00:00Z,46.07,46.485,45.01,45.23,120680,2693,45.5801
2022-12-29T05:00:00Z,45.78,46.79,45.37,46.28,103589,3054,46.2493
2022-12-30T05:00:00Z,46.35,46.35,45.63,45.88,98119,2408,45.9424
2023-01-03T05:00:00Z,46.53,46.995,45.62,45.99,117874,3927,46.0975
2023-01-04T05:00:00Z,46.49,47.19,46.22,46.41,152248,3415,46.5359
2023-01-05T05:00:00Z,46.07,46.79,45.1,46.63,148867,3899,46.3458
2023-01-06T05:00:00Z,47.24,48.06,47.03,47.35,133129,2970,47.3858
2023-01-09T05:00:00Z,47.83,48.48,47.41,47.98,103718,2952,48.0905
2023-01-10T05:00:00Z,47.87,48.58,47.34,48.48,112563,2293,48.3618
2023-01-11T05:00:00Z,48.87,50.16,48.87,50.02,117368,3928,49.8645
2023-01-12T05:00:00Z,50.25,51.63,49.97,51.16,151947,3810,51.0323
2023-01-13T05:00:00Z,50.73,51.75,50.34,51.48,102357,2451,51.4328
2023-01-17T05:00:00Z,51.37,52.22,49.87,49.87,112683,2869,50.3718
2023-01-18T05:00:00Z,50.27,51.8,49.97,50.02,95539,2785,50.3216
2023-01-19T05:00:00Z,49.5,49.93,48.22,48.68,87186,1957,48.776
2023-01-20T05:00:00Z,49.21,49.23,48.16,49.2,131562,2579,49.0888
2023-01-23T05:00:00Z,49.2,50.22,48.92,50.22,80523,2128,49.8062
2023-01-24T05:00:00Z,50.11,51.2,49.65,50.8,70306,2038,50.7309
2023-01-25T05:00:00Z,50.47,50.96,50,50.93,107837,2430,50.6218
2023-01-26T05:00:00Z,51.25,51.71,50.49,51.64,93704,2256,51.3526
2023-01-27T05:00:00Z,51.42,52.053,51.4,51.92,63756,1971,51.8379
2023-01-30T05:00:00Z,51.47,52.06,51.21,51.29,63596,1653,51.4319
2023-01-31T05:00:00Z,51.36,54.125,51.36,53.57,284505,3773,53.5265
2023-02-01T05:00:00Z,53.59,55.02,52.97,54.48,180633,3756,54.1255
2023-02-02T05:00:00Z,54.95,57.535,54.735,57.31,196385,4598,56.9838
2023-02-03T05:00:00Z,56.34,57.385,56.22,56.91,175404,2984,56.9032
2023-02-06T05:00:00Z,56.33,56.91,55.47,56.23,101430,2106,56.1399
2023-02-07T05:00:00Z,56.11,56.8,55.44,56.62,125394,2555,56.3793
2023-02-08T05:00:00Z,56.42,56.54,54.955,55.79,77027,2404,55.7985
2023-02-09T05:00:00Z,56.06,57,55.52,55.92,198599,2983,55.9342
2023-02-10T05:00:00Z,55.73,56.12,55.3,55.65,110951,2243,55.6565
2023-02-13T05:00:00Z,55.55,57.03,54.82,57,91579,2491,56.68
2023-02-14T05:00:00Z,56.53,57.02,54.79,56.11,473706,3215,56.2772
2023-02-15T05:00:00Z,55.8,57.02,55.595,56.6,175005,3054,56.3619
2023-02-16T05:00:00Z,55.56,56.28,55.4,55.88,195130,3271,55.9162
2023-02-17T05:00:00Z,56.06,56.145,54.88,55.52,241532,3842,55.3236
2023-02-21T05:00:00Z,54.72,55.1,51.33,52.79,164954,4994,53.1283
2023-02-22T05:00:00Z,48.61,53.4,47.17,53,461327,9415,51.7637
2023-02-23T05:00:00Z,52.71,53.3,51.23,52.38,272698,6341,52.524
2023-02-24T05:00:00Z,51.56,52.6599,51.38,52.46,182054,4045,52.3175
2023-02-27T05:00:00Z,53.15,54,52.85,53.27,246726,4076,53.3722
2023-02-28T05:00:00Z,53.07,54,53.07,53.41,365543,5489,53.5085
2023-03-01T05:00:00Z,53.52,54.35,53.43,53.44,186601,3912,53.6845
2023-03-02T05:00:00Z,53.1,54.01,52.525,53.48,148643,3693,53.3553
2023-03-03T05:00:00Z,53.61,54.3,52.97,54,187391,4748,53.8951
2023-03-06T05:00:00Z,54.23,54.23,50.83,52.32,337724,6520,52.1627
2023-03-07T05:00:00Z,52.35,52.41,51.22,51.88,163487,4398,51.7911
2023-03-08T05:00:00Z,52.13,52.575,51.5,52.54,176256,4266,52.2287
2023-03-09T05:00:00Z,52.54,52.63,50.9,50.9,175950,3743,51.4416
2023-03-10T05:00:00Z,50.83,50.83,48.85,49.44,221396,4132,49.3901
2023-03-13T04:00:00Z,49.13,49.13,47,47.34,141471,3523,47.5095
2023-03-14T04:00:00Z,49.1,49.68,47.8,48.46,214939,4165,48.4063
2023-03-15T04:00:00Z,47.05,48.8,46.14,47.38,227130,4378,47.2922
2023-03-16T04:00:00Z,46.76,48.92,46.36,48.5,184772,3828,48.2932
2023-03-17T04:00:00Z,47.84,47.84,46.25,46.47,875852,4914,46.6866
2023-03-20T04:00:00Z,47.19,48.17,46.86,46.87,161250,3139,47.0421
2023-03-21T04:00:00Z,47.84,48.975,47.71,47.91,176359,3312,48.002
2023-03-22T04:00:00Z,47.91,48.26,46.67,46.77,151897,2979,47.3283
2023-03-23T04:00:00Z,47.07,47.5,45.58,45.97,103772,2833,46.2937
2023-03-24T04:00:00Z,45.36,46.54,44.98,46.43,153467,3269,46.2616
2023-03-27T04:00:00Z,47.19,48.485,46.41,47.32,124147,2543,47.3419
2023-03-28T04:00:00Z,47.32,48.16,47.22,47.72,146146,3531,47.6875
2023-03-29T04:00:00Z,48.03,48.75,47.62,48.09,125618,2421,48.0918
2023-03-30T04:00:00Z,48.52,48.665,47.475,47.57,114008,2522,47.6756
2023-03-31T04:00:00Z,48.04,48.65,47.93,48.5,627482,7764,48.4254
2023-04-03T04:00:00Z,48.6,49.24,47.69,48.69,271041,4085,48.6109
2023-04-04T04:00:00Z,48.89,48.89,46.325,46.52,155896,3741,46.7494
2023-04-05T04:00:00Z,46.17,46.57,45.73,46.41,143489,3510,46.284
2023-04-06T04:00:00Z,46.33,46.545,45.7712,46.43,119737,2717,46.4049
2023-04-10T04:00:00Z,46.52,47.805,46.32,47.29,181391,4102,47.3006
2023-04-11T04:00:00Z,47.76,48,47.17,47.5,178436,3960,47.6128
2023-04-12T04:00:00Z,47.93,48.52,47.8,47.92,351128,6331,48.1097
2023-04-13T04:00:00Z,47.97,48.15,47.23,48.02,176053,3570,47.9248
2023-04-14T04:00:00Z,48.18,49.345,47.36,47.58,205015,4147,47.9262
2023-04-17T04:00:00Z,48.07,49.19,48.07,48.6,477512,6982,48.7106
2023-04-18T04:00:00Z,48.7,49.03,48.23,48.43,190614,3844,48.4405
2023-04-19T04:00:00Z,48.1,48.92,48.1,48.58,259843,4759,48.6359
2023-04-20T04:00:00Z,48.39,49.33,48.12,49.26,270286,4735,49.0153
2023-04-21T04:00:00Z,49.28,49.63,48.9501,49.28,157795,3302,49.3206
2023-04-24T04:00:00Z,49.35,49.76,49.03,49.66,263368,4522,49.6134
2023-04-25T04:00:00Z,49.16,49.52,48.925,49.29,184452,3954,49.3156
2023-04-26T04:00:00Z,49.07,49.16,48.01,48.4,170979,4086,48.4917
2023-04-27T04:00:00Z,48.52,49.68,48.52,49.66,152828,3557,49.4617
2023-04-28T04:00:00Z,49.64,50.76,48.914,50.04,221560,3955,50.1087
2023-05-01T04:00:00Z,50,50.585,49.98,50.2,140720,3767,50.1775
2023-05-02T04:00:00Z,49.87,50.85,48.765,49.93,258273,4847,49.6116
2023-05-03T04:00:00Z,50.64,54.69,50.12,54.33,251221,5279,53.9541
2023-05-04T04:00:00Z,54.33,54.67,52,52.85,227166,5026,52.8201
2023-05-05T04:00:00Z,53.54,54.56,52.71,54.35,170757,4395,53.9696
2023-05-08T04:00:00Z,54.52,54.615,53,53.62,101636,2996,53.5722
2023-05-09T04:00:00Z,53.76,55.33,53.405,55,142249,3418,54.8031
2023-05-10T04:00:00Z,55.85,55.85,54.26,55.31,154634,3382,55.1982
2023-05-11T04:00:00Z,54.75,55.145,54.32,54.63,98155,2606,54.6599
2023-05-12T04:00:00Z,54.85,55.185,53.68,54.41,93408,3752,54.3406
2023-05-15T04:00:00Z,54.53,55.52,54.135,55.36,108923,2925,55.2309
2023-05-16T04:00:00Z,54.84,54.84,54.19,54.73,95282,3871,54.6653
2023-05-17T04:00:00Z,55.3,56.25,54.66,55.95,95137,2777,55.8584
2023-05-18T04:00:00Z,55.71,57.04,55.58,56.83,85874,3279,56.6383
2023-05-19T04:00:00Z,57.69,57.69,56.09,57.16,101136,3161,57.1455
2023-05-22T04:00:00Z,57.34,57.73,56.435,57.15,110046,3312,57.1491
2023-05-23T04:00:00Z,56.69,57.22,56.44,56.54,139435,3654,56.6394
2023-05-24T04:00:00Z,56.43,56.43,54.2,54.71,149554,3351,54.7561
2023-05-25T04:00:00Z,54.4,55.41,53.73,54.66,99106,2469,54.5529
2023-05-26T04:00:00Z,54.37,55.15,53.98,54.91,98610,2688,54.8172
2023-05-30T04:00:00Z,55.08,55.3122,54.54,55.14,107416,3198,55.0445
2023-05-31T04:00:00Z,55,55.11,52.025,52.3,182374,3714,52.4543
2023-06-01T04:00:00Z,52.37,53.22,51.36,53.09,174377,3843,52.8911
2023-06-02T04:00:00Z,53.91,56.995,53.8,56.77,191089,6094,56.3498
2023-06-05T04:00:00Z,56.23,56.23,54.2565,56.1,136030,4550,55.8617
2023-06-06T04:00:00Z,55.93,58.7125,55.93,58.57,135495,4581,58.262
2023-06-07T04:00:00Z,59.06,60.54,58.66,60.3,165895,4703,60.1239
2023-06-08T04:00:00Z,59.81,60.23,59.28,59.91,93425,3762,59.7737
2023-06-09T04:00:00Z,59.64,59.64,58.25,58.62,129620,3701,58.6618
2023-06-12T04:00:00Z,58.83,59.58,58.29,58.98,105633,3984,59.066
2023-06-13T04:00:00Z,59.16,60.19,59.01,59.24,176570,4945,59.463
2023-06-14T04:00:00Z,59.51,59.56,57.35,57.6,189783,5492,57.8957
2023-06-15T04:00:00Z,57.49,58.74,56.09,58.53,153795,4439,58.013
2023-06-16T04:00:00Z,58.55,58.62,57.28,58.12,623506,5347,58.1182
2023-06-20T04:00:00Z,58.12,59.72,57.83,58.84,131038,5370,58.9722
2023-06-21T04:00:00Z,58.38,59.555,58.38,58.97,85343,3051,59.0959
2023-06-22T04:00:00Z,58.79,59.24,57.64,58.49,95957,3910,58.5742
2023-06-23T04:00:00Z,57.72,58.44,57.28,58.1,837031,5015,58.0416
2023-06-26T04:00:00Z,58.09,59.75,58.05,58.93,119574,3962,58.9278
2023-06-27T04:00:00Z,59.19,61.42,59.19,60.77,168684,3890,60.8096
2023-06-28T04:00:00Z,60.8,61.06,59.96,60.18,204897,3485,60.2655
2023-06-29T04:00:00Z,60.45,62.39,60.45,62.16,125152,3425,62.0338
2023-06-30T04:00:00Z,62.82,63.25,62.05,62.92,128437,3259,62.9072
2023-07-03T04:00:00Z,62.46,63.14,61.44,61.94,70641,2595,62.0644
2023-07-05T04:00:00Z,61.42,61.9978,60.12,61.06,105942,3232,61.0791
2023-07-06T04:00:00Z,60.1,60.54,59.1062,59.56,121249,3840,59.5776
2023-07-07T04:00:00Z,59.85,60.56,59.37,59.47,128781,3193,59.6823
2023-07-10T04:00:00Z,59.53,60.74,59.53,60.39,106234,2867,60.3139
2023-07-11T04:00:00Z,60.56,61.0799,59.4,60.22,135398,3765,60.0707
2023-07-12T04:00:00Z,61.51,62.555,60.97,61.82,115271,2937,61.8826
2023-07-13T04:00:00Z,61.84,62.66,61.635,62.16,93748,2661,62.1046
2023-07-14T04:00:00Z,61.96,62.3,60.92,61.83,139371,3960,61.8149
2023-07-17T04:00:00Z,61.84,63.4,61.84,62.88,181394,5339,62.9859
2023-07-18T04:00:00Z,62.95,63.84,62.95,63.47,128403,3133,63.468
2023-07-19T04:00:00Z,63.59,63.89,62.81,63.85,133549,4350,63.5962
2023-07-20T04:00:00Z,64.02,64.4,62.85,63.62,110329,4007,63.4598
2023-07-21T04:00:00Z,64.08,64.08,62.07,62.39,152296,3744,62.9073
2023-07-24T04:00:00Z,62.39,63.17,62.01,62.37,102360,3347,62.4046
2023-07-25T04:00:00Z,62.09,63.62,61.84,62.92,77673,2214,62.9021
2023-07-26T04:00:00Z,62.68,63.76,62.68,63.58,70682,2325,63.4238
2023-07-27T04:00:00Z,64.09,64.34,62.8,63,89880,3342,63.2631
2023-07-28T04:00:00Z,63.53,63.67,62.36,63.45,102392,3157,63.3678
2023-07-31T04:00:00Z,63.83,65,63.545,64.67,128807,3656,64.6402
2023-08-01T04:00:00Z,64.4,66.425,64.18,66.28,164810,4706,65.9459
2023-08-02T04:00:00Z,72,74.8463,70.06,72.81,421421,8832,73.245
2023-08-03T04:00:00Z,73,73.3,71.355,71.77,177757,5420,72.013
2023-08-04T04:00:00Z,71.79,73.45,70.735,73.38,131979,4463,72.8182
2023-08-07T04:00:00Z,73.55,74.4,72.52,74.13,197096,5174,73.7155
2023-08-08T04:00:00Z,73.32,73.99,71.65,73.19,129621,3817,72.955
2023-08-09T04:00:00Z,72.92,73.4,72.055,72.87,118525,3561,72.6955
2023-08-10T04:00:00Z,73.14,73.33,71.42,72.55,104275,2900,72.3636
2023-08-11T04:00:00Z,72.7,72.87,72.09,72.27,97391,3195,72.3975
2023-08-14T04:00:00Z,72.21,72.49,71.3,72.42,200428,4207,71.9093
2023-08-15T04:00:00Z,72.56,73.32,72.265,73.24,153510,3713,72.7625
2023-08-16T04:00:00Z,73.2,74.125,72.41,72.58,107067,3741,72.847
2023-08-17T04:00:00Z,72.6,72.93,70.21,70.42,107012,3358,71.0227
2023-08-18T04:00:00Z,69.85,70.8,69.85,70.56,165667,4482,70.3605
2023-08-21T04:00:00Z,70.56,71.79,70.44,70.89,141917,3758,70.8025
2023-08-22T04:00:00Z,71.09,71.88,70.68,71.4,177906,3762,71.2675
2023-08-23T04:00:00Z,71.65,73.535,71.6,72.52,238002,4817,72.751
2023-08-24T04:00:00Z,72.33,72.57,71.16,71.5,168045,4091,71.6373
2023-08-25T04:00:00Z,71.8,72.525,70.745,71.91,156055,4039,71.7774
2023-08-28T04:00:00Z,72.23,72.98,71.835,72.59,245392,5187,72.5031
2023-08-29T04:00:00Z,72.77,74.75,72.14,74.37,372729,3997,74.3039
2023-08-30T04:00:00Z,74.36,76.03,73.25,75.23,239083,5914,75.403
2023-08-31T04:00:00Z,75.5,75.8109,74.47,75.03,535797,5750,74.9987
2023-09-01T04:00:00Z,75.98,77.1,75.49,76.4,144221,4193,76.4706
2023-09-05T04:00:00Z,75.66,75.8054,71.3,72.72,286686,6211,72.6626
2023-09-06T04:00:00Z,73.1,74.19,71.92,72.51,161509,5094,72.5678
2023-09-07T04:00:00Z,72.43,72.465,71.315,71.8,153389,4448,71.7905
2023-09-08T04:00:00Z,71.79,72.32,71.18,71.56,170809,4059,71.6184
2023-09-11T04:00:00Z,71.9,72.24,71.21,71.31,112684,4147,71.5033
2023-09-12T04:00:00Z,71.13,71.61,70.685,70.88,151835,5233,71.0462
2023-09-13T04:00:00Z,70.75,71.4,68.74,69.85,157690,6011,69.8474
2023-09-14T04:00:00Z,70.54,71.27,70.01,70.67,135835,5058,70.6676
2023-09-15T04:00:00Z,71.15,71.5,69.181,69.93,920689,7325,69.9968
2023-09-18T04:00:00Z,69.83,71.09,69.83,69.93,143482,4051,70.1753
2023-09-19T04:00:00Z,69.94,70.775,69.54,70.17,110120,3605,70.1425
2023-09-20T04:00:00Z,70.47,71.155,69.61,69.61,69329,2276,69.918
2023-09-21T04:00:00Z,69.02,69.02,67.89,68.12,132407,3415,68.4012
2023-09-22T04:00:00Z,68.12,68.55,67.29,67.36,95648,2712,67.5774
2023-09-25T04:00:00Z,67.16,68.5,67.16,67.72,110176,3605,67.8463
2023-09-26T04:00:00Z,67.18,67.91,66.45,66.46,113716,3264,66.7865
2023-09-27T04:00:00Z,67.1,68.115,66.66,67.16,141634,4312,67.2416
2023-09-28T04:00:00Z,67.31,69.1,67.28,68.72,224083,4299,68.5314
2023-09-29T04:00:00Z,69.2,69.47,67.3,67.51,153532,4408,68.0149
2023-10-02T04:00:00Z,67.18,67.365,66.33,66.7,161308,4346,66.7188
2023-10-03T04:00:00Z,66.65,68.03,65.01,65.14,212533,5164,65.4483
2023-10-04T04:00:00Z,65.32,65.67,64.475,65.25,140035,4336,65.1688
2023-10-05T04:00:00Z,65.22,65.73,64.5,65.36,225371,4378,65.2853
2023-10-06T04:00:00Z,65.14,65.895,64.47,65.06,284922,4835,65.1352
2023-10-09T04:00:00Z,64.94,64.99,63.91,64.2,161629,4321,64.3009
2023-10-10T04:00:00Z,64.45,65.84,64.1,64.31,371767,6922,64.9113
2023-10-11T04:00:00Z,64.37,65.915,64.09,65.72,199786,4870,65.4486
2023-10-12T04:00:00Z,65.65,65.65,63.48,64.32,164707,4331,64.2397
2023-10-13T04:00:00Z,64.66,64.66,62.2301,62.81,150491,3623,62.8966
2023-10-16T04:00:00Z,63.19,64.78,63.19,64.55,196636,3051,64.4416
2023-10-17T04:00:00Z,64.3,66.27,63.48,63.84,387492,5273,63.9154
2023-10-18T04:00:00Z,63.18,63.74,61.41,61.96,200494,4234,62.2584
2023-10-19T04:00:00Z,61.65,62.43,60.98,61.17,147042,3286,61.3923
2023-10-20T04:00:00Z,61.32,61.66,60.57,60.85,250851,3830,61.0781
2023-10-23T04:00:00Z,60.89,61.82,60.21,61.13,332449,3246,61.2689
2023-10-24T04:00:00Z,61.79,62.17,60.404,60.52,274881,4127,60.762
2023-10-25T04:00:00Z,60.09,60.58,59.71,60.13,111468,3586,60.1585
2023-10-26T04:00:00Z,60.45,61.09,59.905,60.61,212051,3861,60.4659
2023-10-27T04:00:00Z,60.58,61.05,59.66,60.21,213878,3301,60.1765
2023-10-30T04:00:00Z,60.91,61.295,60.235,60.4,374930,5642,60.4332
2023-10-31T04:00:00Z,60.28,61.025,59.95,60.86,348782,5812,60.5492
2023-11-01T04:00:00Z,60.6,61.85,60.005,61.78,197022,4321,61.375
2023-11-02T04:00:00Z,64.19,65.41,62.64,65.22,254868,5286,64.6085
2023-11-03T04:00:00Z,66.52,68,66.15,66.24,165297,3666,66.7039
2023-11-06T05:00:00Z,65.97,66.75,64.99,66.36,155381,3810,66.2985
2023-11-07T05:00:00Z,66.48,67.24,65,66.75,173224,3597,66.6949
2023-11-08T05:00:00Z,66.75,67.42,66.13,66.17,120415,3093,66.3558
2023-11-09T05:00:00Z,66.54,66.655,65.57,65.59,149486,3467,65.873
2023-11-10T05:00:00Z,65.09,66.5095,64.21,66.25,163661,3305,65.8994
2023-11-13T05:00:00Z,65.62,66.9609,65.5085,66.04,111818,3044,66.2054
2023-11-14T05:00:00Z,68.52,69.99,68.24,69.99,152312,4549,69.436
2023-11-15T05:00:00Z,69.65,70.675,68.5165,68.85,149041,4318,69.4151
2023-11-16T05:00:00Z,68.76,69.25,67.7,67.81,438713,3933,68.2161
2023-11-17T05:00:00Z,68.5,69.11,68.12,68.7,122911,3063,68.5903
2023-11-20T05:00:00Z,68.67,68.71,68,68.44,66698,2363,68.4224
2023-11-21T05:00:00Z,68.37,69.61,68.345,69.44,143351,4613,69.2598
2023-11-22T05:00:00Z,69.85,70,68.36,68.69,92703,3491,68.9407
2023-11-24T05:00:00Z,68.69,69.22,68.34,68.96,30128,1442,68.892
2023-11-27T05:00:00Z,68.57,69.63,68.2274,69.21,105148,2800,69.1818
2023-11-28T05:00:00Z,68.89,69.11,66.575,66.71,136778,3303,67.0779
2023-11-29T05:00:00Z,67.56,68.02,66.45,67.15,123012,3251,67.0464
2023-11-30T05:00:00Z,67.7,68.76,66.85,67.19,193727,3808,67.3242
2023-12-01T05:00:00Z,67.51,69.68,67.49,69.59,297121,5706,68.6833
2023-12-04T05:00:00Z,69.14,71.095,68.8201,70.79,169678,4686,70.5159
2023-12-05T05:00:00Z,70.83,71.12,69.3781,70.02,94971,3493,70.0173
2023-12-06T05:00:00Z,70.77,71.6,69.47,69.6,119354,4109,69.9396
2023-12-07T05:00:00Z,69.94,70.06,68.78,70.06,136289,3812,69.66
2023-12-08T05:00:00Z,69.98,70.92,69.77,70.31,99756,3372,70.2513
2023-12-11T05:00:00Z,70.63,71.58,70.4,71.45,123854,3469,71.2964
2023-12-12T05:00:00Z,71.74,72.26,71.16,71.79,115418,3554,71.7516
2023-12-13T05:00:00Z,71.62,73.28,70.35,72.89,179023,4841,72.2774
2023-12-14T05:00:00Z,73.98,77.52,73.98,77.49,240009,5598,76.8419
2023-12-15T05:00:00Z,77.85,78.46,76.75,78.28,1478796,6738,78.1663
2023-12-18T05:00:00Z,78.28,78.39,76.5,78.02,222983,5231,77.7793
2023-12-19T05:00:00Z,78.94,79.8838,78.585,79.49,167454,4032,79.4059
2023-12-20T05:00:00Z,79.7,81.15,78.85,78.95,259675,4327,79.7114
2023-12-21T05:00:00Z,79.95,80.4,79.35,79.52,186749,3927,79.8084
2023-12-22T05:00:00Z,80.2,80.63,79.6,80.41,132909,3456,80.3096
2023-12-26T05:00:00Z,80.21,80.2999,79.3246,80.12,153825,3918,79.9056
2023-12-27T05:00:00Z,80.12,80.745,79.4,80.16,209300,5244,80.0681
2023-12-28T05:00:00Z,79.55,80.22,79.47,80.19,138396,3368,80.0601
2023-12-29T05:00:00Z,79.67,80.08,78.57,78.98,106444,3161,79.1127
2024-01-02T05:00:00Z,78.09,79.77,77.96,79.07,225754,5723,78.9365
2024-01-03T05:00:00Z,77.77,78.645,77.36,78.39,246814,4836,78.2076
2024-01-04T05:00:00Z,78.42,80.08,78.42,80,423657,4645,79.7559
2024-01-05T05:00:00Z,79.31,80.765,77.5899,78,212357,4850,78.9474
2024-01-08T05:00:00Z,77.89,78.835,77.5574,78.33,244935,3450,78.1838
2024-01-09T05:00:00Z,77.1,78.29,74.75,77.72,259154,3392,77.7206
2024-01-10T05:00:00Z,77.42,78.06,77.36,78,138532,2882,77.8339
2024-01-11T05:00:00Z,77.88,78.43,76.84,77.9,176452,3693,77.7013
2024-01-12T05:00:00Z,78.75,79.41,77.8831,79.4,179040,4278,78.9195
2024-01-16T05:00:00Z,79.29,80.19,78.8624,79.77,217576,4451,79.7472
2024-01-17T05:00:00Z,78.61,79.83,78.61,79.75,152479,3433,79.4089
2024-01-18T05:00:00Z,80.59,83.45,80.59,81.83,217086,4760,81.5436
2024-01-19T05:00:00Z,82.24,82.24,80.21,81.78,167354,3607,81.4426
2024-01-22T05:00:00Z,82.88,83.79,82.1,82.62,369116,5734,82.5812
2024-01-23T05:00:00Z,83,83.96,79.63,79.63,170138,4302,80.4294
2024-01-24T05:00:00Z,80.8,80.8,78.92,79.31,211688,4811,79.6546
2024-01-25T05:00:00Z,80.5,81.055,79.22,80.08,139283,3506,80.1228
2024-01-26T05:00:00Z,80.72,80.72,79.6,80.1,154163,2923,80.2017
2024-01-29T05:00:00Z,79.7,82.13,79.7,82.13,97228,3370,81.2375
2024-01-30T05:00:00Z,82,83.08,81.3,83.06,109257,3005,82.6758
2024-01-31T05:00:00Z,83.26,84.2,80.62,80.92,248584,4217,81.4119
2024-02-01T05:00:00Z,81.61,84.38,81.43,84.29,223094,5546,83.4244
2024-02-02T05:00:00Z,83.37,84.44,82.84,83.93,144468,3773,83.9428
2024-02-05T05:00:00Z,82.76,83.29,81.1828,83.08,145233,3175,82.8191
2024-02-06T05:00:00Z,83.04,83.78,81.88,83.1,88442,3288,83.086
2024-02-07T05:00:00Z,83.14,84.5899,83.04,83.58,88103,2712,83.7247
2024-02-08T05:00:00Z,83.94,85.6084,83.895,85.3,128308,3416,85.0216
2024-02-09T05:00:00Z,85.69,86.1975,84.68,85.89,114632,3558,85.8188
2024-02-12T05:00:00Z,86.13,87.3969,85.71,86.57,123263,4403,86.6708
2024-02-13T05:00:00Z,84.19,85.34,82.035,82.99,184292,5423,83.292
2024-02-14T05:00:00Z,84.06,85.67,83.78,85.28,164167,3745,85.1006
2024-02-15T05:00:00Z,85.92,87.19,84.649,87.18,127529,4048,86.5568
2024-02-16T05:00:00Z,86.33,86.75,85.7554,86.14,159507,3813,86.1818
2024-02-20T05:00:00Z,85.24,85.36,84.09,85.19,175544,5109,84.8961
2024-02-21T05:00:00Z,79.75,82.795,68.41,74.02,530857,11437,74.1402
2024-02-22T05:00:00Z,74.36,76.44,72.4,72.83,338291,8959,73.4943
2024-02-23T05:00:00Z,73.44,75.9,72.58,75.84,277419,6662,75.1601
2024-02-26T05:00:00Z,75.76,77.43,75.1701,77.14,214075,5070,76.6849
2024-02-27T05:00:00Z,77.87,78.73,76.89,78.13,222091,5875,77.9834
2024-02-28T05:00:00Z,77.66,78.48,77.06,77.21,126308,4515,77.5226
2024-02-29T05:00:00Z,77.92,77.92,76.25,77.45,189982,4258,77.2673
2024-03-01T05:00:00Z,77.88,78.88,76.82,77.7,142915,4741,77.6853
2024-03-04T05:00:00Z,77.82,78.45,75.65,75.85,173117,5211,76.4303
2024-03-05T05:00:00Z,75.75,76.265,73.95,74.25,145458,4451,74.6674
2024-03-06T05:00:00Z,74.91,75.58,74.16,75.58,144883,4450,75.0643
2024-03-07T05:00:00Z,76.35,77.42,75.92,76.37,129712,4079,76.5345
2024-03-08T05:00:00Z,77.33,78.21,75.82,76.59,128823,4581,76.7669
2024-03-11T04:00:00Z,76.24,76.465,74.6675,75.45,91322,4267,75.2289
2024-03-12T04:00:00Z,75.08,75.97,74.579,75.87,107617,3653,75.7367
2024-03-13T04:00:00Z,75.87,76.99,75.19,75.47,164391,4829,75.8382
2024-03-14T04:00:00Z,75.01,75.37,73.6,74.48,169164,4496,74.3695
2024-03-15T04:00:00Z,73.96,76.78,73.96,76.61,944076,6304,76.2515
2024-03-18T04:00:00Z,77,78.78,74.925,75.83,180446,3768,76.1439
2024-03-19T04:00:00Z,75.78,77.4,75.78,77.26,103823,2871,77.0281
2024-03-20T04:00:00Z,77.3,79.06,76.52,78.27,119296,4535,77.9479
2024-03-21T04:00:00Z,78.97,81.715,78.45,81.23,173890,3989,81.0135
2024-03-22T04:00:00Z,81.53,81.53,79.825,80.37,132411,3657,80.3654
2024-03-25T04:00:00Z,79.95,80.7811,79.13,79.34,96219,2338,79.7121
2024-03-26T04:00:00Z,80.02,80.5,79.33,79.72,104975,2939,79.8034
2024-03-27T04:00:00Z,80.55,80.94,80.03,80.56,118527,3507,80.4757
2024-03-28T04:00:00Z,81,81.65,79.79,80.53,142012,3365,80.5614
2024-04-01T04:00:00Z,81.13,81.46,79.22,79.72,119519,3953,80.082
2024-04-02T04:00:00Z,79.22,79.385,77.32,78.43,149300,3275,78.2878
2024-04-03T04:00:00Z,77.86,79.76,77.86,78.85,91852,2879,78.9025
2024-04-04T04:00:00Z,78.9,79.93,77.122,77.52,85304,2883,77.9513
2024-04-05T04:00:00Z,77.52,78.43,77.52,78.42,88070,2689,78.2737
2024-04-08T04:00:00Z,78.9,79.36,77.7525,77.99,80485,2791,78.1239
2024-04-09T04:00:00Z,78.4,78.45,76.94,78.13,81935,2567,77.755
2024-04-10T04:00:00Z,76.2,76.505,74.2,74.75,127637,3554,75.0317
2024-04-11T04:00:00Z,75.01,75.74,74.6102,75.24,89658,2717,75.238
2024-04-12T04:00:00Z,75.18,75.28,73.75,74.19,95107,2831,74.148
2024-04-15T04:00:00Z,74.78,74.79,72.845,73.34,240188,4272,73.4161
2024-04-16T04:00:00Z,72.7,72.995,71.82,72.93,104152,4385,72.7349
2024-04-17T04:00:00Z,73.32,73.4317,71.39,71.5,162172,4129,71.8878
2024-04-18T04:00:00Z,71.55,72.69,70.92,71.08,129556,3754,71.3288
2024-04-19T04:00:00Z,70.72,71.87,70.68,71.32,107467,3844,71.2722
2024-04-22T04:00:00Z,71.9,72.46,71.48,72.01,102518,3418,71.9915
2024-04-23T04:00:00Z,71.81,74.3699,71.81,73.46,141253,4044,73.4771
2024-04-24T04:00:00Z,73.15,73.78,71.375,71.71,115064,3436,71.7566
2024-04-25T04:00:00Z,71.15,71.58,70.13,71.11,207113,4759,70.9199
2024-04-26T04:00:00Z,71.35,72.75,71.35,72.26,99572,3093,72.2636
2024-04-29T04:00:00Z,72.85,74.18,72.85,72.92,116343,3406,73.2868
2024-04-30T04:00:00Z,72.53,73.41,71.36,71.46,168988,3623,71.9927
2024-05-01T04:00:00Z,75,75,68.34,68.86,319633,6796,69.4364
2024-05-02T04:00:00Z,69.68,71.515,68.22,71.24,330424,5952,70.664
2024-05-03T04:00:00Z,72.54,73.8399,71.26,71.69,160934,4047,71.8203
2024-05-06T04:00:00Z,71.91,73.11,71.9,72.76,135539,3605,72.7024
2024-05-07T04:00:00Z,72.76,73.79,72.19,73.12,149156,3754,73.136
2024-05-08T04:00:00Z,72.39,73.8479,72.39,73.12,157607,3478,73.1848
2024-05-09T04:00:00Z,73.52,74.76,73.3878,74.7,109646,3072,74.3919
2024-05-10T04:00:00Z,74.98,74.98,73.585,74.3,88866,3026,74.1698
2024-05-13T04:00:00Z,75.19,75.19,73.9726,74.26,126618,3420,74.331
2024-05-14T04:00:00Z,75.31,75.42,74.59,74.73,139478,4435,74.9663
2024-05-15T04:00:00Z,75.6,76.435,74.955,75.3,94870,2882,75.4103
2024-05-16T04:00:00Z,75,75.08,74.07,74.28,95178,3089,74.3286
2024-05-17T04:00:00Z,74.48,74.4996,73.43,73.52,125238,3645,73.7466
2024-05-20T04:00:00Z,73.47,74.568,73.295,73.84,88325,3324,73.9312
2024-05-21T04:00:00Z,73.48,73.48,72.61,72.98,225782,5354,72.9334
2024-05-22T04:00:00Z,72.99,74.13,72.59,73.51,152319,4434,73.4567
2024-05-23T04:00:00Z,73.59,73.7,71.11,71.85,175900,5337,71.874
2024-05-24T04:00:00Z,71.99,73.685,71.6097,73.48,161883,4273,73.0694
2024-05-28T04:00:00Z,73.94,74.805,72.575,72.89,114734,3641,73.2247
2024-05-29T04:00:00Z,72.08,73.03,71.935,72.83,156230,4038,72.6878
2024-05-30T04:00:00Z,73.5,73.99,72.68,73.65,122628,4197,73.4581
2024-05-31T04:00:00Z,73.6,75.55,73.19,75.46,200251,4465,74.9852
2024-06-03T04:00:00Z,75.93,76.6,73.25,73.49,195410,3870,74.0606
2024-06-04T04:00:00Z,72.82,73.7093,71.695,72.28,307789,4835,72.2866
2024-06-05T04:00:00Z,72.28,72.9,71.3,72.45,119762,4084,72.3937
2024-06-06T04:00:00Z,71.96,72.46,70.77,71.3,106423,3488,71.3245
2024-06-07T04:00:00Z,70.6,71.11,69.975,70.04,141436,4173,70.1927
2024-06-10T04:00:00Z,69.29,69.95,68.41,69.93,235334,6341,69.3801
2024-06-11T04:00:00Z,69.66,69.75,68.5,69.42,168098,5077,69.3907
2024-06-12T04:00:00Z,71.29,72.66,71.13,71.19,134518,5021,71.6206
2024-06-13T04:00:00Z,70.89,71.3,69.71,71.1,198534,5380,70.4817
2024-06-14T04:00:00Z,70.38,71.25,68.89,70.47,163640,4641,70.4355
2024-06-17T04:00:00Z,70.55,71.31,70.27,71.15,193708,4274,71.0129
2024-06-18T04:00:00Z,71.38,71.56,70.53,70.65,126462,4075,70.8185
2024-06-20T04:00:00Z,70.31,71.55,69.16,69.18,184442,4805,69.7482
2024-06-21T04:00:00Z,69.46,69.77,68.3,69.7,565823,6452,69.5418
2024-06-24T04:00:00Z,69.79,70.695,69.52,69.87,115953,3499,70.1416
2024-06-25T04:00:00Z,69.5,69.665,67.54,68.11,140002,3578,68.0809
2024-06-26T04:00:00Z,67.88,68.36,67.44,67.51,130936,3793,67.6325
2024-06-27T04:00:00Z,67.81,68.65,67.65,68.46,98338,3288,68.3233
2024-06-28T04:00:00Z,68.96,69.59,67.67,68.55,392928,4057,68.5825
2024-07-01T04:00:00Z,68.62,68.62,66,66.06,278232,7305,66.4839
2024-07-02T04:00:00Z,66.1,67.98,66.1,67.67,135723,4072,67.5321
2024-07-03T04:00:00Z,67.94,68.5,67.39,68.39,103915,2645,68.1115
2024-07-05T04:00:00Z,68.17,68.17,67.06,67.5,109614,3569,67.5353
2024-07-08T04:00:00Z,67.88,68.435,67.57,68,212407,2469,67.9787
2024-07-09T04:00:00Z,68.23,68.3,67.13,67.56,110741,2774,67.5916
2024-07-10T04:00:00Z,67.71,68.04,67.03,67.91,109349,3122,67.7683
2024-07-11T04:00:00Z,69.21,72.44,69.21,71.88,132591,4473,71.5371
2024-07-12T04:00:00Z,72.95,74.47,72.525,73.2,144966,4058,73.421
2024-07-15T04:00:00Z,74.03,75.65,73.86,74.35,133744,3745,74.6394
2024-07-16T04:00:00Z,75.38,79.59,75.38,79.49,216797,5336,78.7154
2024-07-17T04:00:00Z,78.91,80.46,78.19,78.22,208488,4452,79.1731
2024-07-18T04:00:00Z,78.1,80.6,76,77.2,153945,3636,77.7043
2024-07-19T04:00:00Z,77.49,77.58,75.86,76.4,107151,2476,76.4908
2024-07-22T04:00:00Z,76.72,78.92,75.49,78.79,119410,3970,78.2181
2024-07-23T04:00:00Z,78.24,80.63,77.61,79.53,125358,3983,79.6563
2024-07-24T04:00:00Z,78.74,80.11,76.18,76.23,153895,6172,77.2494
2024-07-25T04:00:00Z,76.74,79.45,76.42,78.26,175435,5367,78.2838
2024-07-26T04:00:00Z,79.79,81.9,79.79,80.87,178992,4386,80.8317
2024-07-29T04:00:00Z,81.26,81.4,80.11,80.57,159133,3552,80.5617
2024-07-30T04:00:00Z,81.03,81.03,78.86,80.21,210907,6247,80.042
2024-07-31T04:00:00Z,77.09,78.3,71,74.27,354170,8735,73.8953
2024-08-01T04:00:00Z,74.44,75.065,70.34,70.86,306154,7281,71.2229
2024-08-02T04:00:00Z,67.58,68.63,66.3401,66.81,284293,6187,66.9385
2024-08-05T04:00:00Z,62.82,66.33,61.92,65.43,278398,6893,64.9708
2024-08-06T04:00:00Z,65.41,67.1,64.75,65.79,211311,4615,65.6427
2024-08-07T04:00:00Z,66.81,67.21,64.08,64.4,213116,4989,64.8906
2024-08-08T04:00:00Z,65.23,65.46,64.03,65.19,144439,3342,64.9988
2024-08-09T04:00:00Z,65.1,65.475,63.66,64.08,173307,4107,64.2687
2024-08-12T04:00:00Z,64.18,64.18,62.62,62.82,139849,4480,63.0408
2024-08-13T04:00:00Z,63.77,65.56,63.11,65.31,136246,3719,64.885
2024-08-14T04:00:00Z,65.88,65.88,63.91,64.21,282157,5590,64.2393
2024-08-15T04:00:00Z,65.8,66.93,65.045,66.21,198033,6466,66.1939
2024-08-16T04:00:00Z,65.96,66.68,65.13,65.38,157912,4173,65.5584
2024-08-19T04:00:00Z,64.86,66.12,64.86,65.95,141271,3509,65.6463
2024-08-20T04:00:00Z,65.67,66.13,64.855,65.03,163113,3263,65.2471
2024-08-21T04:00:00Z,65.68,66.8,65.19,66.72,139420,3900,66.4084
2024-08-22T04:00:00Z,66.65,67.28,65.83,66,105274,3617,66.1459
2024-08-23T04:00:00Z,66.4,69.22,66.31,68.88,290227,5768,68.3929
2024-08-26T04:00:00Z,69.62,69.735,68.57,68.82,124669,4011,68.9447
2024-08-27T04:00:00Z,68.43,68.72,67.27,67.82,107533,3711,67.8295
2024-08-28T04:00:00Z,67.64,68.46,67.175,67.82,180359,5090,67.802
2024-08-29T04:00:00Z,68.55,69.24,67.61,68.59,146622,5151,68.5982
2024-08-30T04:00:00Z,68.89,69.77,68.57,69.67,174096,3815,69.3463
2024-09-03T04:00:00Z,69.46,69.46,66.38,66.81,247876,6740,67.2796
2024-09-04T04:00:00Z,66.81,66.81,65.68,66.09,103231,3636,66.127
2024-09-05T04:00:00Z,66.46,66.46,65.07,65.67,130849,4279,65.592
2024-09-06T04:00:00Z,65.81,66.445,64.8701,65.69,134233,4701,65.5066
2024-09-09T04:00:00Z,65.49,65.7,64.39,65.19,309885,7043,65.4114
2024-09-10T04:00:00Z,65.24,65.73,64.21,65.69,388340,5525,65.0799
2024-09-11T04:00:00Z,65.63,66.93,64.435,66.23,171079,6131,65.9165
2024-09-12T04:00:00Z,66.8,67.395,65.83,67.12,92290,3742,66.9089
2024-09-13T04:00:00Z,68.19,69.66,67.695,68.71,150983,5352,68.796
2024-09-16T04:00:00Z,69.26,69.75,68.15,69.41,111633,4103,69.1825
2024-09-17T04:00:00Z,69.88,71.58,69.425,71.24,155115,5590,71.0797
2024-09-18T04:00:00Z,71.14,73.62,70.16,71.96,204129,5007,71.8848
2024-09-19T04:00:00Z,74.06,74.14,72.79,74.03,140215,5047,73.7292
2024-09-20T04:00:00Z,73.74,73.785,71.22,71.37,870521,7210,71.6474
2024-09-23T04:00:00Z,72.09,72.21,70.1,70.93,219195,5584,70.9143
2024-09-24T04:00:00Z,71.02,71.195,69.39,69.6,136303,4333,69.8759
2024-09-25T04:00:00Z,69.94,70.84,68.19,68.41,153890,4901,68.5782
2024-09-26T04:00:00Z,69.63,70.2,69.045,69.14,134815,5099,69.3084
2024-09-27T04:00:00Z,69.89,71.56,69.89,70.2,151936,3717,70.3537
2024-09-30T04:00:00Z,69.92,70.44,69.355,69.93,142405,3947,69.979
2024-10-01T04:00:00Z,69.94,71.59,68.78,70.71,187294,5525,70.3515
2024-10-02T04:00:00Z,70.46,72.21,70.46,71.54,194563,4661,71.5361
2024-10-03T04:00:00Z,70.92,71.195,69.17,69.99,117816,3690,69.9401
2024-10-04T04:00:00Z,71.1,71.49,69.39,71.34,135569,4218,70.9944
2024-10-07T04:00:00Z,70.79,71.28,70.18,71.01,103248,3124,70.8779
2024-10-08T04:00:00Z,71.33,71.33,70,70.49,154284,3606,70.4797
2024-10-09T04:00:00Z,70.67,71.99,70.67,71.71,114428,3675,71.6437
2024-10-10T04:00:00Z,70.55,70.94,69.26,70.16,174517,3635,70.1233
2024-10-11T04:00:00Z,64.54,67.285,64.25,67.13,277368,6952,66.58
2024-10-14T04:00:00Z,66.98,68.32,66.8,68.27,171255,4395,67.9875
2024-10-15T04:00:00Z,68.25,69.05,67.23,67.23,203474,5575,67.8846
2024-10-16T04:00:00Z,67.53,68.54,67.12,67.35,145486,4798,67.6492
2024-10-17T04:00:00Z,67.39,67.54,66.92,67.18,207437,5140,67.178
2024-10-18T04:00:00Z,67.41,68.56,67.05,67.61,170712,4608,67.5097
2024-10-21T04:00:00Z,67.74,67.74,66,66.13,123824,3400,66.2224
2024-10-22T04:00:00Z,65.73,66.17,65.0236,66,101778,3755,65.9386
2024-10-23T04:00:00Z,65.55,65.99,64.74,65.09,113043,4221,65.1054
2024-10-24T04:00:00Z,65.18,65.43,64.86,65.37,127570,3628,65.2569
2024-10-25T04:00:00Z,65.72,66.68,64.98,65.33,104730,3231,65.4997
2024-10-28T04:00:00Z,65.81,66.99,65.68,65.72,129494,3541,65.9139
2024-10-29T04:00:00Z,65.1,65.79,64.77,65,205245,5391,65.1487
2024-10-30T04:00:00Z,65.26,69.56,65.26,68.03,216596,4836,68.1343
2024-10-31T04:00:00Z,67.74,68.4412,66.015,67.49,274993,6210,67.0653
2024-11-01T04:00:00Z,67.73,67.73,66.07,66.95,278280,5620,67.009
2024-11-04T05:00:00Z,66.87,68.48,66.87,67.41,134124,3983,67.5164
2024-11-05T05:00:00Z,67.21,69.63,67.21,69.29,160368,4992,68.9723
2024-11-06T05:00:00Z,73.27,74.97,72.69,73.11,303708,9101,73.4612
2024-11-07T05:00:00Z,73.06,74.07,72.225,72.25,175372,6426,72.684
2024-11-08T05:00:00Z,72.06,73.265,71.85,73.12,190971,5054,73.0024
2024-11-11T05:00:00Z,74.17,74.64,72.9,73.99,161677,5050,73.9918
2024-11-12T05:00:00Z,73.97,74.66,72.79,73.1,194404,5053,73.3271
2024-11-13T05:00:00Z,73.7,74.07,72.1,72.36,130300,4006,72.6476
2024-11-14T05:00:00Z,72.74,73.54,71.505,72.01,125575,4040,72.111
2024-11-15T05:00:00Z,72.34,72.34,70.19,70.66,100015,3155,70.9228
2024-11-18T05:00:00Z,70.46,70.7,69.62,69.84,134099,3995,70.0226
2024-11-19T05:00:00Z,69.09,69.77,68.1075,68.43,177761,4123,68.7498
2024-11-20T05:00:00Z,68.23,69.24,68.06,68.92,143811,3573,68.7494
2024-11-21T05:00:00Z,69.14,70.115,68.03,69.72,169193,4404,69.5841
2024-11-22T05:00:00Z,70.16,71.295,69.69,71.03,311221,7025,70.7605
2024-11-25T05:00:00Z,72.13,74.97,71.91,73.79,245664,6927,73.9169
2024-11-26T05:00:00Z,73.12,73.7092,72.07,72.18,197789,5541,72.5332
2024-11-27T05:00:00Z,72.79,73.2,71.7,71.85,114312,3228,72.0144
2024-11-29T05:00:00Z,72.55,72.85,71.76,72.44,86359,2586,72.3532
2024-12-02T05:00:00Z,72.24,73.285,71.922,72.81,127497,4782,72.8529
2024-12-03T05:00:00Z,73.09,73.435,71.491,71.69,130629,3975,71.9547
2024-12-04T05:00:00Z,71.6,72.4,70.93,72.01,168764,5654,71.6675
2024-12-05T05:00:00Z,72,72.18,70.58,70.66,108240,4080,70.9608
2024-12-06T05:00:00Z,71.52,71.67,69.9,70.62,89751,3605,70.4387
2024-12-09T05:00:00Z,71.34,71.895,69.97,70.04,104096,4580,70.5177
2024-12-10T05:00:00Z,70.03,70.55,68.665,69.35,220931,4402,69.5485
2024-12-11T05:00:00Z,70.22,70.44,69.3,70.02,98959,3361,69.9999
2024-12-12T05:00:00Z,69.81,69.83,68.25,68.28,93624,3692,68.6138
2024-12-13T05:00:00Z,68.18,68.36,66.83,66.98,180115,4475,67.1469
2024-12-16T05:00:00Z,66.66,67.28,66.08,66.22,174450,4681,66.5653
2024-12-17T05:00:00Z,65.76,66.275,64.72,64.855,183445,5047,65.0228
2024-12-18T05:00:00Z,65.36,65.925,61.56,61.91,234831,6212,63.0803
2024-12-19T05:00:00Z,62.41,62.815,60.535,60.59,295469,7828,61.0798
2024-12-20T05:00:00Z,59.86,61.26,59.61,60.61,1658916,10757,60.5596
2024-12-23T05:00:00Z,60.68,61.08,59.96,60.27,181523,5893,60.2645
2024-12-24T05:00:00Z,60.07,60.45,59.52,60.3,224189,4508,60.0667
2024-12-26T05:00:00Z,59.76,60.725,59.55,60.47,197880,5237,60.3607
2024-12-27T05:00:00Z,59.97,60.86,59.05,59.22,209570,3921,59.4728
2024-12-30T05:00:00Z,58.97,59.17,58.28,58.67,205691,5882,58.7641
2024-12-31T05:00:00Z,59.27,59.71,58.68,58.9,146541,4394,58.9696
2025-01-02T05:00:00Z,59.51,59.715,58.11,58.42,178352,4864,58.5951
2025-01-03T05:00:00Z,58.59,59.2,58.1,59.15,109646,3718,58.9167
2025-01-06T05:00:00Z,59.59,60.445,58.96,59.08,147470,4488,59.4588
2025-01-07T05:00:00Z,59.08,59.78,57.66,58.57,173636,5218,58.4481
2025-01-08T05:00:00Z,57.79,59.04,57.3375,59.01,201204,4654,58.6289
2025-01-10T05:00:00Z,57.92,58.255,56.15,56.2,281096,6935,56.9058
2025-01-13T05:00:00Z,55.79,57.93,55.31,57.92,197350,6448,57.2446
2025-01-14T05:00:00Z,58.35,59.9,58.35,59.89,176557,5216,59.3956
2025-01-15T05:00:00Z,61.71,61.93,60.95,61.17,152448,5067,61.2217
2025-01-16T05:00:00Z,61.17,62.2,60.48,62.2,148969,5062,61.6504
2025-01-17T05:00:00Z,63.27,63.27,62.09,62.51,143663,4861,62.5844
2025-01-21T05:00:00Z,63.33,63.765,63.03,63.03,161013,5358,63.28
2025-01-22T05:00:00Z,62.69,63.02,61.53,61.69,156180,5381,61.8437
2025-01-23T05:00:00Z,61.53,62.1,60.57,61.41,142960,4551,61.4683
2025-01-24T05:00:00Z,61.4,62.51,61.32,62.32,199795,5347,62.1844
2025-01-27T05:00:00Z,62.02,63.87,62.01,62.43,184424,5763,62.7071
2025-01-28T05:00:00Z,62.23,62.46,61.675,61.74,154513,5487,61.9292
2025-01-29T05:00:00Z,62.29,62.925,61.44,61.73,156722,6746,62.1005
2025-01-30T05:00:00Z,62.26,63.095,62.05,62.42,140906,4799,62.5029
2025-01-31T05:00:00Z,62.1,62.965,61.32,61.37,479165,7390,61.5658
2025-02-03T05:00:00Z,59.77,60.47,58.61,58.76,190863,7260,59.0476
2025-02-04T05:00:00Z,58.39,59.63,58.38,59.62,162895,5514,59.4089
2025-02-05T05:00:00Z,60,60.87,58.45,59.98,148184,5406,60.1224
2025-02-06T05:00:00Z,60.22,60.84,59.8,59.96,204552,4514,60.3057
2025-02-07T05:00:00Z,59.7,59.7,58.41,59.24,133875,4234,58.9903
2025-02-10T05:00:00Z,59.6,60.5699,59.225,60.13,137633,3926,60.1338
2025-02-11T05:00:00Z,59.45,60.475,59.45,60.37,101120,3544,60.1502
2025-02-12T05:00:00Z,59.07,59.07,58.22,58.29,145839,4751,58.4782
2025-02-13T05:00:00Z,59.27,59.29,58.57,59.09,195044,6617,58.9638
2025-02-14T05:00:00Z,59.59,60.02,58.74,58.85,100393,4390,59.067
2025-02-18T05:00:00Z,58.67,59.085,57.8,57.99,236875,7027,58.0963
2025-02-19T05:00:00Z,65.37,71.07,64.64,64.8,560069,12585,67.2779
2025-02-20T05:00:00Z,64.8,65.955,62.7,65.28,429570,9500,64.4454
2025-02-21T05:00:00Z,66.17,66.7,64.021,64.89,409096,9003,64.8698
2025-02-24T05:00:00Z,65.06,66.1,64.2,65.49,373191,8774,65.4796
2025-02-25T05:00:00Z,64.84,68.23,64.84,67.02,443828,9138,66.9224
2025-02-26T05:00:00Z,67.76,68.53,66.39,67.05,408206,9645,67.154
2025-02-27T05:00:00Z,66.5,66.715,64.78,64.85,382532,10554,65.5957
2025-02-28T05:00:00Z,64.95,66.16,64.95,65.71,328362,8423,65.5153
2025-03-03T05:00:00Z,65.58,66.12,64.3,64.79,371370,11159,64.9792
2025-03-04T05:00:00Z,64.16,66.27,63.41,65,524208,10557,65.0511
2025-03-05T05:00:00Z,65.36,66.735,64.67,65.56,338955,8394,65.6454
2025-03-06T05:00:00Z,65.19,67.02,64.78,66.28,272452,8855,66.3881
2025-03-07T05:00:00Z,66.18,67.05,65.62,66.48,331892,7258,66.4739
2025-03-10T04:00:00Z,65.96,67.39,65.11,65.64,323001,9027,66.1198
2025-03-11T04:00:00Z,65.59,66.3,64.79,65.83,340717,9924,65.7253
2025-03-12T04:00:00Z,65.98,66.2,63.92,64.04,420674,10670,64.5437
2025-03-13T04:00:00Z,64.26,65.47,62.88,63.17,333157,8489,63.752
2025-03-14T04:00:00Z,64.01,65.69,63.245,65.43,329085,9227,65.1895
2025-03-17T04:00:00Z,65.18,66.57,65.18,66.08,253208,8272,66.0571
2025-03-18T04:00:00Z,65.32,65.92,65.04,65.39,300847,8055,65.4633
2025-03-19T04:00:00Z,65.15,66.54,64.88,66.12,253653,7937,65.8462
2025-03-20T04:00:00Z,65.52,65.835,64.055,64.145,250683,8227,64.6164
2025-03-21T04:00:00Z,64.1,64.1,60.37,60.89,1244355,10884,61.054
2025-03-24T04:00:00Z,62.01,63.45,61.87,63.36,334078,8751,62.895
2025-03-25T04:00:00Z,63.2,63.585,62.085,62.99,283013,8674,63.0412
2025-03-26T04:00:00Z,63.22,63.76,61.43,61.81,210809,7170,62.0672
2025-03-27T04:00:00Z,62.2,62.365,61.365,61.91,249634,6852,61.8989
2025-03-28T04:00:00Z,62.07,62.28,59.01,59.49,290247,7525,59.5974
2025-03-31T04:00:00Z,58.87,59.15,57.77,58.66,299201,6690,58.6379
2025-04-01T04:00:00Z,58.51,58.74,57.37,58.04,251473,6871,58.0302
2025-04-02T04:00:00Z,57.2,59.201,56.85,59.09,282608,7511,58.538
2025-04-03T04:00:00Z,56.51,57.28,53.395,53.51,370771,8777,53.9616
2025-04-04T04:00:00Z,51.01,53.02,48.955,52.51,437150,11038,51.7983
2025-04-07T04:00:00Z,50.76,53.78,49.15,51.46,448030,13181,51.3293
2025-04-08T04:00:00Z,53.07,53.27,50.81,51.38,401649,9901,51.6592
2025-04-09T04:00:00Z,50.83,57.48,50.83,56.4,482116,12463,55.1919
2025-04-10T04:00:00Z,54.18,55.145,52.06,53.49,247408,7696,53.4349
2025-04-11T04:00:00Z,53.28,54.55,52.02,54.23,240760,6512,53.7173
2025-04-14T04:00:00Z,55.35,55.5,52.78,53.33,235509,6429,53.4475
2025-04-15T04:00:00Z,53.38,54.1175,52.2,53.31,304064,6739,53.0773
2025-04-16T04:00:00Z,52.72,53.315,50.56,51.8,258800,7115,51.5646
2025-04-17T04:00:00Z,51.69,52.485,51.6,51.78,179750,4991,51.8921
2025-04-21T04:00:00Z,51.25,51.25,49.47,50.2,321853,6421,50.039
2025-04-22T04:00:00Z,51.2,51.67,50.09,51.22,202591,6177,51.1397
2025-04-23T04:00:00Z,53.11,53.445,51.19,51.28,251788,5904,51.5832
2025-04-24T04:00:00Z,51.46,53.06,51.09,52.85,212483,5320,52.6683
2025-04-25T04:00:00Z,52.3,53.22,52.105,53.17,172055,5226,53.0324
2025-04-28T04:00:00Z,53.02,53.62,51.865,52.59,264445,4888,52.5099
2025-04-29T04:00:00Z,52.31,53.21,52.31,52.83,182784,6103,52.8217
2025-04-30T04:00:00Z,53.21,53.21,50.71,52.95,430366,8912,52.6639
2025-05-01T04:00:00Z,53.11,56.04,52.57,55.53,387543,9062,55.0568
2025-05-02T04:00:00Z,55.76,58.49,55.67,58.02,344529,10915,57.6747
2025-05-05T04:00:00Z,57.21,58.3651,56.24,56.27,317741,8733,57.1705
2025-05-06T04:00:00Z,56.27,57.36,55.4364,56.8,280274,8087,56.729
2025-05-07T04:00:00Z,57.58,57.88,56.3,56.75,276688,7834,57.0452
2025-05-08T04:00:00Z,57.75,59.65,57.61,58.68,337712,8086,58.8153
2025-05-09T04:00:00Z,58.94,59.7039,58.195,58.6,228154,7190,58.6674
2025-05-12T04:00:00Z,61.89,63.245,61.08,61.94,314133,10006,61.9981
2025-05-13T04:00:00Z,62.58,63.6,61.96,63.09,220526,7312,63.0865
2025-05-14T04:00:00Z,62.54,62.81,61.58,61.6,185816,6031,61.8209
2025-05-15T04:00:00Z,61.24,61.56,60.51,61.23,151292,5968,61.1633
2025-05-16T04:00:00Z,61.18,62.62,60.45,62.5,1383289,5638,61.556
2025-05-19T04:00:00Z,61.39,62.35,60.98,61.55,154507,5762,61.5165
2025-05-20T04:00:00Z,61.61,61.72,61.015,61.33,139450,5087,61.3433
2025-05-21T04:00:00Z,60.59,61.35,59.93,60.03,345466,7684,60.4709
2025-05-22T04:00:00Z,59.53,59.6,57.875,59.5,658912,8596,59.1561
2025-05-23T04:00:00Z,58.05,59.14,58.03,59.08,296302,6060,58.8823
2025-05-27T04:00:00Z,60.22,60.78,59.24,60.74,205452,5654,60.3289
2025-05-28T04:00:00Z,60.51,60.845,59.065,59.24,163151,5513,59.4371
2025-05-29T04:00:00Z,59.8,60.18,58.885,59.38,174661,5575,59.3351
2025-05-30T04:00:00Z,59.19,59.19,58.1107,58.58,199237,5562,58.5998
2025-06-02T04:00:00Z,58.64,58.64,56.74,57.22,153616,5981,57.2513
2025-06-03T04:00:00Z,57.42,59.24,57.125,59.15,252620,5741,58.9558
2025-06-04T04:00:00Z,59.3,59.38,58.8,59.14,140471,4523,59.0973
2025-06-05T04:00:00Z,58.99,59.63,58.495,59.18,159514,5509,59.1837
2025-06-06T04:00:00Z,60.12,60.5,59.47,59.92,130999,4499,59.8385
2025-06-09T04:00:00Z,60.46,61.0425,60.21,60.44,128362,5585,60.5362
2025-06-10T04:00:00Z,60.81,61.4005,60.575,61.36,128162,5435,61.2189
2025-06-11T04:00:00Z,61.68,61.68,58.97,59.06,239086,7547,59.5939
2025-06-12T04:00:00Z,58.72,59.09,58.18,59,221189,8214,58.7854
2025-06-13T04:00:00Z,57.89,58.44,56.975,57.2,178083,6359,57.4312
2025-06-16T04:00:00Z,58.17,59.69,57.25,57.97,218235,7338,57.8839
2025-06-17T04:00:00Z,57.27,58.14,57.04,57.35,175399,6138,57.4749
2025-06-18T04:00:00Z,57.14,58.835,57,57.69,174997,5961,57.9106
2025-06-20T04:00:00Z,58.19,58.46,57.6,58.03,786951,8518,58.0387
2025-06-23T04:00:00Z,57.93,59.84,57.93,59.815,123937,4863,59.3907
2025-06-24T04:00:00Z,60.08,60.69,59.24,60.43,153377,5424,60.4143
2025-06-25T04:00:00Z,60.35,60.81,58.816,59.54,275316,5229,59.6908
2025-06-26T04:00:00Z,59.54,60.455,58.005,60.31,135135,5388,60.1011
2025-06-27T04:00:00Z,60.54,61.3699,60.25,60.73,565057,5250,60.7293
2025-06-30T04:00:00Z,61.09,61.16,58.41,59,363536,9059,59.2027
2025-07-01T04:00:00Z,59,62.655,58.595,61,339357,8239,61.0987
2025-07-02T04:00:00Z,61.09,62.145,60.385,62.01,230364,6382,61.6527
2025-07-03T04:00:00Z,62.5,62.51,61.87,62.31,128523,3646,62.2402
2025-07-07T04:00:00Z,61.91,62.26,60.34,60.54,144809,5148,60.7685
2025-07-08T04:00:00Z,60.66,62.43,60.13,61.51,149873,4394,61.6078
2025-07-09T04:00:00Z,61.48,63.28,61.25,63.15,209201,4504,62.5671
2025-07-10T04:00:00Z,63.36,65.13,63.345,64.03,178947,5100,64.2842
2025-07-11T04:00:00Z,63.44,64.045,63.0877,63.71,222364,5468,63.6754
2025-07-14T04:00:00Z,63.31,64.16,62.95,63.56,144373,5169,63.463
2025-07-15T04:00:00Z,64.03,64.325,62.575,62.59,220572,5854,62.8906
2025-07-16T04:00:00Z,62.98,63.92,62.07,62.71,257089,5933,62.743
2025-07-17T04:00:00Z,62.9,64.505,62.32,63.53,233359,5698,63.5415
2025-07-18T04:00:00Z,64.12,64.12,62.99,63.32,196803,6609,63.4915
2025-07-21T04:00:00Z,63.77,63.99,62.78,63.11,166476,4989,63.0782
2025-07-22T04:00:00Z,63.46,65.04,63.03,64.39,166239,6154,64.3867
2025-07-23T04:00:00Z,65.12,65.78,64.7,65.62,151157,4292,65.478
2025-07-24T04:00:00Z,65.37,65.4,64.33,65.17,165961,5979,65.1078
2025-07-25T04:00:00Z,65.71,66.06,65.17,65.96,158511,5228,65.7727
2025-07-28T04:00:00Z,66.12,66.295,65.44,65.84,174168,5031,65.8452
2025-07-29T04:00:00Z,66.34,67.28,65.895,66.74,420954,8308,66.4256
2025-07-30T04:00:00Z,66.64,67.9,66.045,66.635,205203,6905,66.7049
2025-07-31T04:00:00Z,66.345,66.63,65.43,66.03,190255,6313,66.0006
2025-08-01T04:00:00Z,64.8,65.435,63.28,64.32,224223,7383,64.1739
2025-08-04T04:00:00Z,64.55,66.19,63.85,64.43,210428,8214,64.3135
2025-08-05T04:00:00Z,64.9,65.29,64.115,64.42,255426,7586,64.4485
2025-08-06T04:00:00Z,59.97,62.38,56.5,61.99,764893,16238,60.4491
2025-08-07T04:00:00Z,62.53,63.58,58.33,60.08,295422,9124,59.6846
2025-08-08T04:00:00Z,60.01,60.501,58.14,58.15,253071,8012,59.0555
2025-08-11T04:00:00Z,58.37,58.37,56.905,58.09,246470,7102,57.7175
2025-08-12T04:00:00Z,58.7,61.59,58.045,61.55,286512,7556,60.8656
2025-08-13T04:00:00Z,61.78,63.64,61.56,63.25,237826,7513,62.9757
2025-08-14T04:00:00Z,62.36,62.585,61.365,61.62,200925,5332,61.6868
2025-08-15T04:00:00Z,62.17,62.73,60.73,62.075,248829,6547,61.837
2025-08-18T04:00:00Z,62.06,63.18,62.005,62.42,151609,5459,62.5827
2025-08-19T04:00:00Z,62.68,63.49,62.11,62.92,124755,4458,62.698
2025-08-20T04:00:00Z,62.82,62.82,60.935,62.29,293708,7895,62.2441
2025-08-21T04:00:00Z,61.9,62.5,61.09,61.16,323292,7104,61.6178
2025-08-22T04:00:00Z,61.69,65.94,61.37,65.7,244180,8420,65.1713
2025-08-25T04:00:00Z,65.14,65.66,63.4711,64.84,194148,6292,64.8832
2025-08-26T04:00:00Z,64.63,65.355,64.28,64.47,138169,4820,64.5877
2025-08-27T04:00:00Z,64.11,66.094,63.92,64.58,177770,6230,64.521
2025-08-28T04:00:00Z,64.58,64.58,63.02,64.06,125731,4379,63.8859
2025-08-29T04:00:00Z,64.02,64.26,62.59,62.59,259443,4223,62.792
2025-09-02T04:00:00Z,61.67,61.68,60.25,60.63,170900,5273,60.7219
2025-09-03T04:00:00Z,60.22,61.2353,59.15,59.64,192694,7691,59.771
2025-09-04T04:00:00Z,59.96,62.09,59.36,62.07,241326,5839,61.3268
2025-09-05T04:00:00Z,62.49,63.4559,61.3,61.74,145981,5390,61.8484
2025-09-08T04:00:00Z,61.77,61.77,60.535,60.71,164047,6425,60.8114
2025-09-09T04:00:00Z,60.33,60.33,58.79,59.08,146273,6594,59.1818
2025-09-10T04:00:00Z,59.03,60.76,58.78,60.68,214752,7618,60.3912
2025-09-11T04:00:00Z,61.03,62.82,61.03,62.47,163314,7676,62.1104
2025-09-12T04:00:00Z,62.05,62.355,60.37,60.44,198105,5577,61.0023
2025-09-15T04:00:00Z,60.89,61.87,59.47,61.18,221786,6926,60.923
2025-09-16T04:00:00Z,61.16,61.58,59.49,59.85,190830,6732,59.9972
2025-09-17T04:00:00Z,60.2,61.19,58.645,58.99,168587,6908,59.4393
2025-09-18T04:00:00Z,59.24,62.3,59.07,62,362369,10314,61.4566
2025-09-19T04:00:00Z,62.3,62.3,60.94,61.85,780294,9360,61.7797
2025-09-22T04:00:00Z,61.38,62.08,60.295,61.77,197527,5927,61.5355
2025-09-23T04:00:00Z,61.88,62.15,60.355,61.165,201616,5576,61.0967
2025-09-24T04:00:00Z,61,61.5275,60.045,61,148496,5092,60.9113
2025-09-25T04:00:00Z,60.57,61.14,60.125,61.05,164165,4820,60.785
2025-09-26T04:00:00Z,61.35,63.07,61,62.91,200063,6163,62.6114
2025-09-29T04:00:00Z,63.11,63.61,62.47,63.49,384060,7770,63.3329
2025-09-30T04:00:00Z,63.5,64.13,62.2,62.8,284566,7329,62.7632
2025-10-01T04:00:00Z,62.27,65.25,62.27,65.19,276096,6963,64.5702
2025-10-02T04:00:00Z,65.16,66.71,64.53,66.37,247582,7286,66.1468
2025-10-03T04:00:00Z,66.48,67.7,65.2,65.32,343324,7779,66.1173
2025-10-06T04:00:00Z,65.62,66.44,64.48,64.51,211313,6122,64.8952
2025-10-07T04:00:00Z,64.52,65.275,63.64,64.41,198939,6474,64.4103
2025-10-08T04:00:00Z,64.87,67.48,64.3,67.21,334057,8746,66.8063
2025-10-09T04:00:00Z,67.29,68.79,65.34,67.67,1091812,11358,67.9126
2025-10-10T04:00:00Z,67.47,68.35,63.84,64.07,491334,10022,65.7012
2025-10-13T04:00:00Z,65.37,65.37,63.23,63.55,311301,6068,63.8158
2025-10-14T04:00:00Z,62.65,65.7715,62.28,64.83,320939,7303,64.734
2025-10-15T04:00:00Z,65.34,66.525,65.265,65.96,225820,6757,65.9819
2025-10-16T04:00:00Z,66.12,66.33,64.94,66.29,265043,6642,66.0359
2025-10-17T04:00:00Z,66.07,67.11,65.995,67.11,238468,6077,66.8425
2025-10-20T04:00:00Z,67.65,71.13,67.59,70.73,401361,9905,70.1007
2025-10-21T04:00:00Z,70.27,74.82,70.2437,74.58,767489,14825,73.9639
2025-10-22T04:00:00Z,74.19,75.08,69.08,69.49,900317,14187,72.5441
2025-10-23T04:00:00Z,69.41,69.92,67.41,67.79,271089,8672,68.0567
2025-10-24T04:00:00Z,68.97,69.3494,68.105,68.16,218428,6351,68.4094
2025-10-27T04:00:00Z,68.37,68.96,66.83,67.31,311258,7280,67.5572
2025-10-28T04:00:00Z,66.92,68.26,66.37,67.62,292561,7484,67.6798
2025-10-29T04:00:00Z,67.33,69.57,66.16,67.13,313642,9317,67.439
2025-10-30T04:00:00Z,65.21,71.8299,63.92,64.04,428553,9735,66.22
2025-10-31T04:00:00Z,64.06,64.63,62.255,62.39,253329,6643,62.7735
2025-11-03T05:00:00Z,62.44,63.59,60.6848,61.48,346514,7915,61.7829
2025-11-04T05:00:00Z,60.73,61.73,60.36,60.85,332514,7210,60.9875
2025-11-05T05:00:00Z,61.81,62.784,59.915,60.74,276058,8802,60.8415
2025-11-06T05:00:00Z,60.67,61.685,58.9,59.55,238176,5386,59.5883
2025-11-07T05:00:00Z,59.4,62.63,59.29,61.54,285796,7190,61.4223
2025-11-10T05:00:00Z,62.17,62.17,60.86,61.36,189792,5079,61.4644
2025-11-11T05:00:00Z,61.32,61.695,60.79,61.29,141981,4129,61.2661
2025-11-12T05:00:00Z,61.65,62.92,60.88,60.97,312859,6462,61.2981
2025-11-13T05:00:00Z,60.43,61,58.53,59,229527,6190,59.528
2025-11-14T05:00:00Z,57.33,59.265,57.33,59.15,205905,4861,58.5629
2025-11-17T05:00:00Z,58.69,58.72,46.58,47.14,1198983,27197,49.3492
2025-11-18T05:00:00Z,46.69,48.23,46.16,47.24,596663,14142,47.4138
2025-11-19T05:00:00Z,47.24,47.7,44.12,44.17,438052,10052,44.8354
2025-11-20T05:00:00Z,45.27,45.585,42.86,44.2,690948,14960,43.9338
2025-11-21T05:00:00Z,44.29,48.555,44.29,47.44,642460,11324,47.1336
2025-11-24T05:00:00Z,47.09,48.9,47.09,48.14,419416,7887,48.1994
2025-11-25T05:00:00Z,48.33,50.18,48.32,49.42,671630,8447,49.2697
2025-11-26T05:00:00Z,48.97,51.395,48.97,50.29,489507,8098,50.315
2025-11-28T05:00:00Z,50.16,50.455,49.07,49.96,134805,4615,49.771
2025-12-01T05:00:00Z,49.07,50.3,48.8,49.44,332389,6586,49.5361
2025-12-02T05:00:00Z,49.7,50.37,49.12,49.84,269882,6852,49.8136
2025-12-03T05:00:00Z,49.84,51,49.41,50.36,413813,7827,50.3125
2025-12-04T05:00:00Z,49.96,50.21,49.06,49.67,224601,5220,49.6732
2025-12-05T05:00:00Z,49.42,50.19,49.06,49.32,199737,5505,49.3753
2025-12-08T05:00:00Z,49.75,50.145,48.85,49.13,188768,5686,49.1862
2025-12-09T05:00:00Z,48.88,49.865,48.55,48.64,178737,5619,48.9347
2025-12-10T05:00:00Z,48.64,51.03,48.5,50.52,268224,6284,50.1642
2025-12-11T05:00:00Z,50.71,52.325,50.59,51.93,213904,5628,51.8409
2025-12-12T05:00:00Z,52.15,52.225,50.82,51.11,330991,6974,51.3324
2025-12-15T05:00:00Z,51.64,52.29,49.9,50.81,290185,6908,50.8953
2025-12-16T05:00:00Z,51.08,51.495,50.46,50.9,284980,6583,50.9914
2025-12-17T05:00:00Z,50.7,51.78,50,50.28,339877,6064,50.47
2025-12-18T05:00:00Z,51.19,51.96,50.93,51.12,362921,7525,51.31
2025-12-19T05:00:00Z,50.94,51.25,49.55,49.94,778931,7897,50.1176
2025-12-22T05:00:00Z,49.95,50.48,48.82,48.91,346681,5638,49.5048
2025-12-23T05:00:00Z,48.91,49.479,48.76,49.17,250698,5722,49.1618
2025-12-24T05:00:00Z,49.25,50.61,48.81,50.1,104099,3178,50.0744
2025-12-26T05:00:00Z,50.06,50.92,49.13,50.84,129772,4337,50.5747
2025-12-29T05:00:00Z,50.84,51.03,49.905,50.28,202619,4855,50.2971
2025-12-30T05:00:00Z,50.09,50.93,49.684,49.95,173604,5295,50.0613
2025-12-31T05:00:00Z,49.95,50.12,49.24,49.44,162875,5149,49.4674
