timestamp,open,high,low,close,volume,tradeCount,vwap
2023-06-15T04:00:00Z,25.25,25.86,25.2217,25.555,190276,153,25.627
2023-06-16T04:00:00Z,25.47,25.47,25.26,25.265,117581,227,25.3623
2023-06-20T04:00:00Z,25.14,25.2,25.039,25.12,72612,153,25.1463
2023-06-21T04:00:00Z,25.06,25.13,24.98,25.05,181357,119,25.104
2023-06-22T04:00:00Z,25.06,25.35,24.9857,25.1799,312695,474,25.1785
2023-06-23T04:00:00Z,25.01,25.12,24.94,24.9806,122242,250,25.0017
2023-06-26T04:00:00Z,24.99,25,24.9,24.93,66600,191,24.9476
2023-06-27T04:00:00Z,24.99,25.34,24.891,25.12,112706,173,25.0882
2023-06-28T04:00:00Z,25.2,25.2,25.02,25.0586,108058,201,25.0856
2023-06-29T04:00:00Z,25.09,25.22,25.062,25.192,403703,264,25.1855
2023-06-30T04:00:00Z,25.32,25.58,25.32,25.5333,569235,208,25.5249
2023-07-03T04:00:00Z,25.99,25.99,25.4048,25.49,37788,132,25.4843
2023-07-05T04:00:00Z,25.38,25.51,25.38,25.4352,86757,183,25.439
2023-07-06T04:00:00Z,25.27,25.2997,25.14,25.29,31987,105,25.2517
2023-07-07T04:00:00Z,25.23,25.3899,25.1481,25.1481,143059,227,25.3039
2023-07-10T04:00:00Z,25.2,25.23,25.14,25.1813,81239,219,25.1819
2023-07-11T04:00:00Z,25.29,25.3297,25.1725,25.3297,68664,186,25.2351
2023-07-12T04:00:00Z,25.62,25.62,25.51,25.5155,30115,152,25.5714
2023-07-13T04:00:00Z,25.7,25.8492,25.665,25.79,221765,184,25.7626
2023-07-14T04:00:00Z,25.89,25.905,25.7987,25.7987,557918,290,25.8682
2023-07-17T04:00:00Z,25.86,25.9,25.79,25.86,81380,279,25.8701
2023-07-18T04:00:00Z,25.87,26.03,25.835,26.01,341153,302,25.9732
2023-07-19T04:00:00Z,26.04,26.16,26,26.06,76284,237,26.0688
2023-07-20T04:00:00Z,26,26.06,25.92,25.93,103411,228,26.0052
2023-07-21T04:00:00Z,26.11,26.1896,26.04,26.06,96940,282,26.1282
2023-07-24T04:00:00Z,26.21,26.21,26.12,26.17,74610,288,26.1707
2023-07-25T04:00:00Z,26.15,26.2991,26.15,26.26,49739,208,26.2365
2023-07-26T04:00:00Z,26.21,26.2989,26.14,26.23,62175,309,26.1832
2023-07-27T04:00:00Z,26.4,26.48,26.01,26.07,189170,591,26.2728
2023-07-28T04:00:00Z,26.31,26.43,26.18,26.35,100330,372,26.2766
2023-07-31T04:00:00Z,26.38,26.38,26.18,26.26,81345,253,26.2366
2023-08-01T04:00:00Z,26.25,26.32,26.18,26.23,137296,546,26.2267
2023-08-02T04:00:00Z,26.11,26.11,25.9001,25.95,151761,449,25.9679
2023-08-03T04:00:00Z,25.91,26.09,25.7703,25.84,94609,353,25.8432
2023-08-04T04:00:00Z,25.97,26.06,25.7,25.72,248371,632,25.9261
2023-08-07T04:00:00Z,25.85,26.055,25.8,25.96,237874,906,25.9096
2023-08-08T04:00:00Z,25.88,25.9,25.67,25.89,147947,683,25.7536
2023-08-09T04:00:00Z,25.92,26.08,25.7,25.73,165148,607,25.8827
2023-08-10T04:00:00Z,26.02,26.16,25.709,25.76,307833,1155,25.8254
2023-08-11T04:00:00Z,25.82,25.83,25.6,25.73,112932,558,25.6944
2023-08-14T04:00:00Z,25.69,25.87,25.67,25.87,121374,360,25.8095
2023-08-15T04:00:00Z,25.8,25.8,25.54,25.58,87198,476,25.641
2023-08-16T04:00:00Z,25.57,25.64,25.44,25.44,570327,570,25.5288
2023-08-17T04:00:00Z,25.5,25.519,25.2201,25.27,145282,512,25.3693
2023-08-18T04:00:00Z,25.1,25.31,25.08,25.26,247411,416,25.2122
2023-08-21T04:00:00Z,25.32,25.42,25.185,25.38,311838,373,25.3615
2023-08-22T04:00:00Z,25.48,25.5,25.31,25.33,100802,295,25.3879
2023-08-23T04:00:00Z,25.45,25.6498,25.43,25.605,90292,522,25.5865
2023-08-24T04:00:00Z,25.72,25.75,25.28,25.28,113152,243,25.419
2023-08-25T04:00:00Z,25.44,25.5699,25.245,25.47,106040,524,25.4365
2023-08-28T04:00:00Z,25.69,25.71,25.5504,25.69,124905,365,25.6526
2023-08-29T04:00:00Z,25.69,26,25.67,26,146689,587,25.9011
2023-08-30T04:00:00Z,26.1,26.12,25.98,26.07,150391,629,26.0544
2023-08-31T04:00:00Z,26.14,26.165,26,26,256426,571,26.0742
2023-09-01T04:00:00Z,26.23,26.23,25.9609,26.04,152022,624,26.0299
2023-09-05T04:00:00Z,26.14,26.24,25.8608,25.89,138800,405,25.9509
2023-09-06T04:00:00Z,25.91,25.91,25.5801,25.71,125831,465,25.7222
2023-09-07T04:00:00Z,25.71,25.87,25.57,25.7,145563,353,25.6816
2023-09-08T04:00:00Z,25.72,25.76,25.6299,25.69,298773,601,25.6657
2023-09-11T04:00:00Z,25.8,25.8,25.68,25.8,98567,347,25.7588
2023-09-12T04:00:00Z,25.72,25.77,25.64,25.68,121109,286,25.7095
2023-09-13T04:00:00Z,25.66,26,25.66,26,135673,361,25.779
2023-09-14T04:00:00Z,26,26,25.809,25.96,89513,371,25.9212
2023-09-15T04:00:00Z,25.93,25.94,25.67,25.67,111792,324,25.7561
2023-09-18T04:00:00Z,25.69,25.8,25.6453,25.74,418090,508,25.7567
2023-09-19T04:00:00Z,25.68,25.7,25.535,25.67,328827,550,25.5994
2023-09-20T04:00:00Z,25.79,25.79,25.475,25.48,140542,403,25.6625
2023-09-21T04:00:00Z,25.34,25.34,25.09,25.09,181629,590,25.2059
2023-09-22T04:00:00Z,25.22,25.25,25.07,25.07,135029,363,25.1903
2023-09-25T04:00:00Z,25.02,25.17,24.98,25.16,65268,301,25.0927
2023-09-26T04:00:00Z,25.03,25.03,24.7289,24.76,183866,454,24.8048
2023-09-27T04:00:00Z,24.86,24.86,24.55,24.76,653517,450,24.6787
2023-09-28T04:00:00Z,24.75,24.969,24.73,24.88,98041,548,24.8657
2023-09-29T04:00:00Z,25.06,25.06,24.7598,24.81,123849,331,24.8715
2023-10-02T04:00:00Z,24.8,24.81,24.58,24.75,107526,674,24.6667
2023-10-03T04:00:00Z,24.65,24.704,24.4077,24.49,112411,413,24.4784
2023-10-04T04:00:00Z,24.48,24.74,24.4667,24.72,244280,401,24.6009
2023-10-05T04:00:00Z,24.73,24.74,24.52,24.69,308754,777,24.6572
2023-10-06T04:00:00Z,24.58,25.1,24.5,25.02,419069,1215,24.9375
2023-10-09T04:00:00Z,24.99,25.2009,24.9111,25.19,363504,308,25.0335
2023-10-10T04:00:00Z,25.25,25.44,25.18,25.31,291165,529,25.3298
2023-10-11T04:00:00Z,25.34,25.45,25.255,25.45,179891,319,25.3575
2023-10-12T04:00:00Z,25.47,25.5,25.1501,25.29,184820,453,25.3621
2023-10-13T04:00:00Z,25.38,25.4,25.06,25.17,120261,437,25.2182
2023-10-16T04:00:00Z,25.27,25.4598,25.25,25.42,170245,286,25.4213
2023-10-17T04:00:00Z,25.29,25.4987,25.19,25.38,199094,636,25.3383
2023-10-18T04:00:00Z,25.3,25.3,24.99,25.04,271512,558,25.1265
2023-10-19T04:00:00Z,25.1,25.207,24.82,24.87,174900,422,24.9727
2023-10-20T04:00:00Z,24.83,24.87,24.58,24.59,240170,932,24.6759
2023-10-23T04:00:00Z,24.5,24.725,24.39,24.55,235638,575,24.5704
2023-10-24T04:00:00Z,24.63,24.72,24.52,24.69,368187,677,24.6058
2023-10-25T04:00:00Z,24.55,24.55,24.32,24.37,216385,520,24.4361
2023-10-26T04:00:00Z,24.31,24.35,24.1,24.14,221878,550,24.2244
2023-10-27T04:00:00Z,24.19,24.2199,23.95,24.03,152309,553,24.0709
2023-10-30T04:00:00Z,24.15,24.28,24.0494,24.24,271305,378,24.183
2023-10-31T04:00:00Z,24.25,24.41,24.189,24.39,267365,462,24.2896
2023-11-01T04:00:00Z,24.39,24.6459,24.39,24.59,345412,836,24.529
2023-11-02T04:00:00Z,24.81,25.09,24.81,25.05,635374,1249,25.0304
2023-11-03T04:00:00Z,25.23,25.37,25.17,25.27,296443,612,25.2966
2023-11-06T05:00:00Z,25.36,25.36,25.2405,25.34,324861,569,25.2946
2023-11-07T05:00:00Z,25.35,25.48,25.2804,25.45,729770,1656,25.4454
2023-11-08T05:00:00Z,25.53,25.53,25.3409,25.45,851676,734,25.4299
2023-11-09T05:00:00Z,25.52,25.52,25.26,25.29,336626,934,25.3744
2023-11-10T05:00:00Z,25.43,25.67,25.29,25.63,265733,781,25.5132
2023-11-13T05:00:00Z,25.6,25.67,25.51,25.62,295090,731,25.6199
2023-11-14T05:00:00Z,25.98,26.16,25.94,26.07,576757,956,26.0884
2023-11-15T05:00:00Z,26.15,26.2,26.05,26.09,425336,888,26.1292
2023-11-16T05:00:00Z,26.11,26.22,26.1,26.21,350028,802,26.1684
2023-11-17T05:00:00Z,26.23,26.23,26.11,26.17,367547,1108,26.1729
2023-11-20T05:00:00Z,26.19,26.4,26.19,26.36,279252,710,26.299
2023-11-21T05:00:00Z,26.33,26.39,26.255,26.36,336065,981,26.3249
2023-11-22T05:00:00Z,26.48,26.53,26.42,26.46,550768,1124,26.482
2023-11-24T05:00:00Z,26.49,26.56,26.45,26.52,286849,860,26.4895
2023-11-27T05:00:00Z,26.49,26.5,26.4301,26.45,412082,950,26.4697
2023-11-28T05:00:00Z,26.44,26.53,26.38,26.42,304012,850,26.4373
2023-11-29T05:00:00Z,26.55,26.59,26.38,26.41,728008,848,26.4718
2023-11-30T05:00:00Z,26.47,26.61,26.38,26.61,355171,899,26.4411
2023-12-01T05:00:00Z,26.55,26.72,26.5032,26.72,313023,720,26.6594
2023-12-04T05:00:00Z,26.56,26.6,26.43,26.6,357495,1098,26.525
2023-12-05T05:00:00Z,26.5,26.56,26.44,26.56,762455,827,26.5103
2023-12-06T05:00:00Z,26.65,26.66,26.44,26.47,248352,1068,26.5157
2023-12-07T05:00:00Z,26.59,26.66,26.52,26.62,758587,918,26.6067
2023-12-08T05:00:00Z,26.59,26.72,26.5694,26.7,243704,692,26.6579
2023-12-11T05:00:00Z,26.67,26.87,26.66,26.87,338090,1157,26.7687
2023-12-12T05:00:00Z,26.85,27.02,26.789,27.02,344029,972,26.8917
2023-12-13T05:00:00Z,27.04,27.41,27.0224,27.4,795359,974,27.1555
2023-12-14T05:00:00Z,27.54,27.54,27.135,27.33,469020,1207,27.3262
2023-12-15T05:00:00Z,27.29,27.29,27.1001,27.2,275365,1018,27.1725
2023-12-18T05:00:00Z,27.25,27.3609,27.235,27.34,245436,826,27.3052
2023-12-19T05:00:00Z,27.38,27.52,27.3675,27.52,313656,1049,27.4187
2023-12-20T05:00:00Z,27.47,27.5001,27.07,27.08,213438,798,27.3585
2023-12-21T05:00:00Z,27.27,27.38,27.159,27.37,671569,781,27.2515
2023-12-22T05:00:00Z,27.44,27.525,27.3301,27.5,371758,1446,27.459
2023-12-26T05:00:00Z,27.49,27.61,27.456,27.56,341897,983,27.5406
2023-12-27T05:00:00Z,27.57,27.63,27.515,27.63,464303,1346,27.5547
2023-12-28T05:00:00Z,27.6,27.7,27.6,27.62,290631,1083,27.6612
2023-12-29T05:00:00Z,27.65,27.67,27.47,27.63,439852,1418,27.5757
2024-01-02T05:00:00Z,27.46,27.46,27.2801,27.4,272751,1092,27.3724
2024-01-03T05:00:00Z,27.29,27.31,27.15,27.18,328468,1145,27.2286
2024-01-04T05:00:00Z,27.13,27.2797,27.065,27.08,294735,1073,27.1772
2024-01-05T05:00:00Z,27.1,27.19,26.97,27.07,319654,979,27.0628
2024-01-08T05:00:00Z,27.12,27.45,27.1,27.45,222957,736,27.2553
2024-01-09T05:00:00Z,27.36,27.5,27.31,27.43,250421,1004,27.4176
2024-01-10T05:00:00Z,27.42,27.6315,27.42,27.6,525801,823,27.5175
2024-01-11T05:00:00Z,27.65,27.6899,27.35,27.57,338625,1013,27.4952
2024-01-12T05:00:00Z,27.68,27.7,27.5366,27.63,434501,955,27.6152
2024-01-16T05:00:00Z,27.56,27.6,27.41,27.48,413916,1124,27.5035
2024-01-17T05:00:00Z,27.34,27.42,27.2397,27.37,270096,988,27.3312
2024-01-18T05:00:00Z,27.47,27.605,27.39,27.59,248990,1093,27.493
2024-01-19T05:00:00Z,27.71,27.89,27.6,27.89,699458,2021,27.7471
2024-01-22T05:00:00Z,28.02,28.03,27.9064,27.96,341359,1250,27.9762
2024-01-23T05:00:00Z,28.01,28.07,27.935,28.07,631513,2241,27.9894
2024-01-24T05:00:00Z,28.23,28.23,27.9698,28,398410,1329,28.1146
2024-01-25T05:00:00Z,28.06,28.14,27.995,28.14,491032,1238,28.054
2024-01-26T05:00:00Z,28.14,28.2,28.06,28.1,315537,1042,28.1212
2024-01-29T05:00:00Z,28.15,28.35,28.0938,28.35,315419,1062,28.213
2024-01-30T05:00:00Z,28.36,28.385,28.29,28.35,395632,1198,28.349
2024-01-31T05:00:00Z,28.27,28.3,27.93,27.94,574195,1677,28.1087
2024-02-01T05:00:00Z,28.04,28.32,27.99,28.32,503815,1368,28.1852
2024-02-02T05:00:00Z,28.39,28.625,28.305,28.53,566824,1766,28.4854
2024-02-05T05:00:00Z,28.51,28.51,28.32,28.4,484228,1397,28.4185
2024-02-06T05:00:00Z,28.51,28.54,28.38,28.54,398122,1197,28.4614
2024-02-07T05:00:00Z,28.69,28.8,28.63,28.79,509575,1544,28.7537
2024-02-08T05:00:00Z,28.82,28.82,28.7152,28.81,360110,1139,28.7758
2024-02-09T05:00:00Z,28.85,29.03,28.83,29.02,461286,1266,28.9593
2024-02-12T05:00:00Z,29.05,29.09,28.9238,28.97,490344,1357,29.0094
2024-02-13T05:00:00Z,28.67,28.67,28.37,28.57,332763,1245,28.5151
2024-02-14T05:00:00Z,28.77,28.9,28.64,28.89,491611,1389,28.7678
2024-02-15T05:00:00Z,28.94,29.08,28.8962,29.08,457418,1593,28.9994
2024-02-16T05:00:00Z,29.11,29.18,28.95,28.99,555853,1395,29.0873
2024-02-20T05:00:00Z,28.91,28.93,28.74,28.84,848217,1764,28.8063
2024-02-21T05:00:00Z,28.81,28.97,28.75,28.97,442299,1419,28.8293
2024-02-22T05:00:00Z,29.36,29.56,29.25,29.5,696201,1984,29.424
2024-02-23T05:00:00Z,29.67,29.67,29.5,29.55,497865,1536,29.5767
2024-02-26T05:00:00Z,29.57,29.57,29.387,29.4,336676,1093,29.4669
2024-02-27T05:00:00Z,29.45,29.45,29.325,29.44,466970,1357,29.3925
2024-02-28T05:00:00Z,29.37,29.424,29.33,29.4,416114,1126,29.3793
2024-02-29T05:00:00Z,29.53,29.555,29.33,29.49,3437873,3395,29.4683
2024-03-01T05:00:00Z,29.5,29.685,29.425,29.68,502382,1613,29.5904
2024-03-04T05:00:00Z,29.63,29.775,29.63,29.69,417510,1290,29.712
2024-03-05T05:00:00Z,29.63,29.63,29.25,29.38,456249,1874,29.4091
2024-03-06T05:00:00Z,29.56,29.645,29.4562,29.52,616623,1524,29.5581
2024-03-07T05:00:00Z,29.72,29.845,29.66,29.8,339905,1148,29.779
2024-03-08T05:00:00Z,29.87,30.03,29.6501,29.69,882272,1709,29.8118
2024-03-11T04:00:00Z,29.6,29.705,29.51,29.67,339716,1442,29.6353
2024-03-12T04:00:00Z,29.79,29.97,29.67,29.95,400470,1482,29.8812
2024-03-13T04:00:00Z,29.99,29.99,29.82,29.9,350522,1198,29.9136
2024-03-14T04:00:00Z,29.96,29.9899,29.6899,29.86,519381,1563,29.8234
2024-03-15T04:00:00Z,29.61,29.74,29.55,29.59,401123,1570,29.6284
2024-03-18T04:00:00Z,29.82,29.8999,29.735,29.77,1524193,1363,29.8022
2024-03-19T04:00:00Z,29.74,29.955,29.7,29.95,274377,959,29.8446
2024-03-20T04:00:00Z,29.97,30.14,29.8848,30.14,556746,1508,30.0192
2024-03-21T04:00:00Z,30.34,30.34,30.215,30.22,464425,1407,30.287
2024-03-22T04:00:00Z,30.28,30.28,30.16,30.21,1494513,1210,30.2423
2024-03-25T04:00:00Z,30.17,30.17,30.065,30.08,396298,1304,30.1114
2024-03-26T04:00:00Z,30.18,30.18,29.99,30.01,610100,1599,30.09
2024-03-27T04:00:00Z,30.18,30.25,30.05,30.25,361583,1235,30.1188
2024-03-28T04:00:00Z,30.26,30.3199,30.205,30.23,408632,1123,30.2608
2024-04-01T04:00:00Z,30.32,30.32,30.085,30.16,440280,1258,30.1617
2024-04-02T04:00:00Z,29.97,29.97,29.83,29.96,403985,1427,29.9224
2024-04-03T04:00:00Z,29.91,30.1101,29.91,30.01,867646,1642,30.038
2024-04-04T04:00:00Z,30.25,30.25,29.64,29.67,660818,1918,29.9648
2024-04-05T04:00:00Z,29.74,30.0962,29.7,30.01,418505,1456,29.9578
2024-04-08T04:00:00Z,30.06,30.09,29.965,30.05,474841,1121,30.0412
2024-04-09T04:00:00Z,30.17,30.17,29.835,30.13,400580,1327,30.0077
2024-04-10T04:00:00Z,29.76,29.9,29.68,29.82,586038,2269,29.7857
2024-04-11T04:00:00Z,29.9,30.1,29.72,30.03,260451,923,29.9445
2024-04-12T04:00:00Z,29.84,29.895,29.52,29.61,332039,1202,29.6439
2024-04-15T04:00:00Z,29.86,29.86,29.2264,29.3,494445,1968,29.4507
2024-04-16T04:00:00Z,29.33,29.435,29.22,29.27,454407,1536,29.3164
2024-04-17T04:00:00Z,29.45,29.45,29.08,29.18,750109,2117,29.2052
2024-04-18T04:00:00Z,29.28,29.34,29.04,29.09,479747,1213,29.1539
2024-04-19T04:00:00Z,29.12,29.15,28.8,28.87,664072,1785,28.9444
2024-04-22T04:00:00Z,29.05,29.2799,28.91,29.11,370173,1316,29.0815
2024-04-23T04:00:00Z,29.27,29.475,29.21,29.45,383284,1284,29.4035
2024-04-24T04:00:00Z,29.49,29.49,29.2397,29.38,452497,1377,29.3619
2024-04-25T04:00:00Z,29.02,29.34,28.95,29.28,510246,1651,29.1864
2024-04-26T04:00:00Z,29.53,29.68,29.48,29.58,429458,1240,29.6245
2024-04-29T04:00:00Z,29.67,29.692,29.49,29.65,403332,1419,29.6148
2024-04-30T04:00:00Z,29.57,29.6147,29.2171,29.23,444856,1453,29.4376
2024-05-01T04:00:00Z,29.21,29.57,29.12,29.18,515720,2132,29.2707
2024-05-02T04:00:00Z,29.36,29.38,29.095,29.36,512536,1685,29.258
2024-05-03T04:00:00Z,29.69,29.69,29.47,29.62,488762,1543,29.6064
2024-05-06T04:00:00Z,29.78,29.94,29.7212,29.94,384749,1235,29.8294
2024-05-07T04:00:00Z,30.04,30.08,29.96,30.04,314488,1222,30.027
2024-05-08T04:00:00Z,29.98,30.045,29.9444,30.04,388108,1301,30.0037
2024-05-09T04:00:00Z,30.07,30.21,30.005,30.21,427269,1383,30.1372
2024-05-10T04:00:00Z,30.32,30.33,30.165,30.23,1686192,1317,30.2123
2024-05-13T04:00:00Z,30.34,30.34,30.165,30.19,359965,1423,30.2199
2024-05-14T04:00:00Z,30.24,30.3775,30.1801,30.33,607085,1534,30.2525
2024-05-15T04:00:00Z,30.53,30.77,30.49,30.77,540391,1954,30.6879
2024-05-16T04:00:00Z,30.81,30.855,30.71,30.72,429208,1507,30.7765
2024-05-17T04:00:00Z,30.78,30.78,30.65,30.75,904801,1261,30.7165
2024-05-20T04:00:00Z,30.8,30.915,30.769,30.82,1005347,1245,30.8483
2024-05-21T04:00:00Z,30.83,30.9,30.7703,30.9,522250,1371,30.8368
2024-05-22T04:00:00Z,30.9,30.9,30.7099,30.83,530258,1586,30.8227
2024-05-23T04:00:00Z,31.02,31.02,30.53,30.59,462895,1781,30.727
2024-05-24T04:00:00Z,30.68,30.76,30.5752,30.72,399215,1467,30.6967
2024-05-28T04:00:00Z,30.79,30.79,30.53,30.67,617199,1778,30.665
2024-05-29T04:00:00Z,30.44,30.47,30.365,30.39,407251,1626,30.4185
2024-05-30T04:00:00Z,30.27,30.27,30.05,30.13,350308,1329,30.1671
2024-05-31T04:00:00Z,30.23,30.44,29.96,30.44,364490,1127,30.1283
2024-06-03T04:00:00Z,30.58,30.58,30.22,30.5,792616,1858,30.3955
2024-06-04T04:00:00Z,30.47,30.63,30.375,30.58,533029,1627,30.5203
2024-06-05T04:00:00Z,30.74,30.91,30.6197,30.91,795476,1542,30.819
2024-06-06T04:00:00Z,30.96,30.96,30.78,30.9,451493,1550,30.8745
2024-06-07T04:00:00Z,30.88,30.95,30.7675,30.79,598138,1273,30.8842
2024-06-10T04:00:00Z,30.8,30.925,30.75,30.92,800343,1145,30.811
2024-06-11T04:00:00Z,30.87,31.01,30.7399,31.01,386289,1330,30.9045
2024-06-12T04:00:00Z,31.29,31.395,31.2,31.26,488555,1833,31.2969
2024-06-13T04:00:00Z,31.37,31.37,31.09,31.25,435190,1547,31.2227
2024-06-14T04:00:00Z,31.2,31.28,31.0835,31.28,390893,1425,31.2074
2024-06-17T04:00:00Z,31.26,31.51,31.18,31.4,611493,1952,31.3712
2024-06-18T04:00:00Z,31.48,31.48,31.385,31.47,594820,1949,31.4352
2024-06-20T04:00:00Z,31.53,31.55,31.34,31.46,781257,2105,31.4668
2024-06-21T04:00:00Z,31.53,31.53,31.3697,31.44,404938,1613,31.4354
2024-06-24T04:00:00Z,31.45,31.589,31.355,31.36,420380,1433,31.4793
2024-06-25T04:00:00Z,31.46,31.46,31.28,31.39,421879,1370,31.3776
2024-06-26T04:00:00Z,31.33,31.4596,31.27,31.43,339020,1241,31.3677
2024-06-27T04:00:00Z,31.49,31.5685,31.4399,31.54,397718,1339,31.5195
2024-06-28T04:00:00Z,31.65,31.72,31.33,31.41,469844,1616,31.5301
2024-07-01T04:00:00Z,31.52,31.52,31.275,31.39,1002821,1613,31.376
2024-07-02T04:00:00Z,31.31,31.52,31.28,31.52,459482,1654,31.4003
2024-07-03T04:00:00Z,31.52,31.655,31.5142,31.65,344800,896,31.5594
2024-07-05T04:00:00Z,31.68,31.85,31.62,31.84,398176,1190,31.7688
2024-07-08T04:00:00Z,31.93,31.93,31.7605,31.82,454192,1258,31.8213
2024-07-09T04:00:00Z,31.89,31.89,31.7201,31.76,443773,1264,31.7745
2024-07-10T04:00:00Z,31.85,32.09,31.775,32.08,492169,1488,31.9064
2024-07-11T04:00:00Z,32.1,32.21,31.91,31.94,346510,1327,32.0064
2024-07-12T04:00:00Z,32.05,32.34,32.01,32.15,423743,1273,32.2065
2024-07-15T04:00:00Z,32.29,32.29,32.0321,32.13,306875,1227,32.1779
2024-07-16T04:00:00Z,32.29,32.3945,32.22,32.39,484076,1585,32.3011
2024-07-17T04:00:00Z,32.1,32.16,31.98,32,437770,1351,32.0397
2024-07-18T04:00:00Z,32.07,32.07,31.5959,31.72,468286,1544,31.7929
2024-07-19T04:00:00Z,31.7,31.7601,31.46,31.51,481061,1149,31.5427
2024-07-22T04:00:00Z,31.79,31.9299,31.7,31.91,349458,1257,31.8372
2024-07-23T04:00:00Z,32,32.1297,31.9152,31.93,420446,1576,32.0286
2024-07-24T04:00:00Z,31.7,31.7,31.24,31.3,415209,1697,31.4531
2024-07-25T04:00:00Z,31.38,31.715,31.225,31.24,440559,1437,31.4554
2024-07-26T04:00:00Z,31.41,31.79,31.41,31.58,359824,1148,31.6602
2024-07-29T04:00:00Z,31.76,31.8,31.5965,31.69,253069,1011,31.7173
2024-07-30T04:00:00Z,31.83,31.9,31.475,31.71,382644,1329,31.6704
2024-07-31T04:00:00Z,32.06,32.255,31.935,32.07,378867,1597,32.1043
2024-08-01T04:00:00Z,32.21,32.325,31.6106,31.85,710043,1803,31.8423
2024-08-02T04:00:00Z,31.47,31.5,31.06,31.38,448720,2218,31.2441
2024-08-05T04:00:00Z,30.5,30.815,30.2,30.47,1149550,4353,30.4733
2024-08-06T04:00:00Z,30.58,31.08,30.49,30.6,547775,2279,30.8408
2024-08-07T04:00:00Z,31.01,31.1158,30.4,30.45,806115,1947,30.7544
2024-08-08T04:00:00Z,30.77,31.06,30.58,31.02,386248,1350,30.9199
2024-08-09T04:00:00Z,31.03,31.18,30.87,31.12,384570,1432,31.0405
2024-08-12T04:00:00Z,31.24,31.2745,31.02,31.18,389120,1323,31.1604
2024-08-13T04:00:00Z,31.37,31.66,31.3015,31.66,1406200,1722,31.4553
2024-08-14T04:00:00Z,31.71,31.7475,31.525,31.71,440753,1526,31.6622
2024-08-15T04:00:00Z,32,32.2,31.905,32.2,484975,1735,32.0883
2024-08-16T04:00:00Z,32.22,32.2599,32.1,32.23,400421,1679,32.1944
2024-08-19T04:00:00Z,32.27,32.485,32.2,32.47,377455,1402,32.3603
2024-08-20T04:00:00Z,32.52,32.5562,32.38,32.47,358074,1266,32.4615
2024-08-21T04:00:00Z,32.53,32.62,32.42,32.58,413419,1504,32.5361
2024-08-22T04:00:00Z,32.72,32.72,32.255,32.31,405568,1618,32.437
2024-08-23T04:00:00Z,32.55,32.63,32.3301,32.59,725640,1748,32.4878
2024-08-26T04:00:00Z,32.7,32.7,32.41,32.48,440829,1773,32.5143
2024-08-27T04:00:00Z,32.51,32.57,32.35,32.57,407394,1315,32.507
2024-08-28T04:00:00Z,32.58,32.58,32.195,32.37,443934,1672,32.3651
2024-08-29T04:00:00Z,32.48,32.64,32.31,32.37,429971,1821,32.4787
2024-08-30T04:00:00Z,32.52,32.63,32.2737,32.63,338221,1447,32.452
2024-09-03T04:00:00Z,32.46,32.46,31.88,32,397557,2016,32.1533
2024-09-04T04:00:00Z,31.9,32.0865,31.82,31.91,400828,1533,31.9311
2024-09-05T04:00:00Z,31.91,31.9849,31.66,31.83,530397,1795,31.8176
2024-09-06T04:00:00Z,31.86,31.92,31.305,31.37,340251,1806,31.454
2024-09-09T04:00:00Z,31.62,31.77,31.5087,31.75,330387,1104,31.6523
2024-09-10T04:00:00Z,31.86,31.92,31.63,31.92,216543,1059,31.8131
2024-09-11T04:00:00Z,31.91,32.25,31.4,32.23,453006,1520,31.7429
2024-09-12T04:00:00Z,32.29,32.46,32.095,32.43,1112369,1924,32.3049
2024-09-13T04:00:00Z,32.51,32.66,32.46,32.62,319325,1466,32.5867
2024-09-16T04:00:00Z,32.61,32.66,32.485,32.64,312995,1271,32.583
2024-09-17T04:00:00Z,32.78,32.78,32.47,32.61,460744,1526,32.6219
2024-09-18T04:00:00Z,32.64,32.91,32.44,32.48,468404,2292,32.5905
2024-09-19T04:00:00Z,33.03,33.07,32.83,33,327644,1589,32.9607
2024-09-20T04:00:00Z,32.95,32.95,32.69,32.85,300015,1409,32.8527
2024-09-23T04:00:00Z,32.94,32.9899,32.8599,32.93,356564,1301,32.9176
2024-09-24T04:00:00Z,33,33.09,32.84,33.09,571560,2813,32.9829
2024-09-25T04:00:00Z,33.11,33.11,32.93,32.96,324365,1348,32.9961
2024-09-26T04:00:00Z,33.24,33.24,33.049,33.18,471109,1826,33.1387
2024-09-27T04:00:00Z,33.25,33.3,33.06,33.15,325356,1362,33.1811
2024-09-30T04:00:00Z,33.09,33.265,32.93,33.25,487938,1911,33.0774
2024-10-01T04:00:00Z,33.26,33.26,32.84,32.95,1131793,1839,32.9905
2024-10-02T04:00:00Z,32.87,33,32.73,32.96,294212,1450,32.9276
2024-10-03T04:00:00Z,32.85,33,32.7928,32.88,327365,1434,32.8766
2024-10-04T04:00:00Z,33.05,33.13,32.87,33.13,472540,2333,32.9912
2024-10-07T04:00:00Z,33.02,33.02,32.755,32.83,381433,2018,32.9051
2024-10-08T04:00:00Z,32.95,33.14,32.94,33.14,499610,1361,33.05
2024-10-09T04:00:00Z,33.14,33.32,33.11,33.31,990116,2022,33.2417
2024-10-10T04:00:00Z,33.26,33.315,33.14,33.24,459135,2275,33.2135
2024-10-11T04:00:00Z,33.25,33.4699,33.25,33.45,443999,1831,33.406
2024-10-14T04:00:00Z,33.56,33.78,33.54,33.75,271671,1322,33.6809
2024-10-15T04:00:00Z,33.71,33.71,33.4,33.47,587741,1706,33.5007
2024-10-16T04:00:00Z,33.45,33.55,33.3598,33.55,386080,1907,33.4738
2024-10-17T04:00:00Z,33.74,33.74,33.5201,33.58,417856,1941,33.6107
2024-10-18T04:00:00Z,33.65,33.74,33.5599,33.71,335553,1342,33.673
2024-10-21T04:00:00Z,33.66,33.7,33.4697,33.67,442883,1910,33.5958
2024-10-22T04:00:00Z,33.5,33.66,33.4928,33.55,440371,1955,33.5571
2024-10-23T04:00:00Z,33.49,33.49,33.1,33.31,341477,1879,33.2627
2024-10-24T04:00:00Z,33.39,33.39,33.19,33.25,496236,2129,33.2837
2024-10-25T04:00:00Z,33.32,33.545,33.2,33.27,608555,2014,33.3786
2024-10-28T04:00:00Z,33.44,33.45,33.3314,33.36,1095129,1984,33.3707
2024-10-29T04:00:00Z,33.29,33.505,33.2245,33.43,571287,2092,33.4238
2024-10-30T04:00:00Z,33.42,33.5299,33.325,33.36,330868,1313,33.4301
2024-10-31T04:00:00Z,33.1,33.1,32.69,32.71,495415,2494,32.861
2024-11-01T04:00:00Z,32.89,33.14,32.88,32.91,401357,1780,33.0049
2024-11-04T05:00:00Z,32.93,33.02,32.75,32.88,550404,1518,32.8951
2024-11-05T05:00:00Z,32.93,33.205,32.89,33.2,746572,1364,33.1278
2024-11-06T05:00:00Z,33.88,33.93,33.61,33.92,891222,2834,33.7963
2024-11-07T05:00:00Z,34.11,34.22,34.06,34.16,651782,2733,34.1332
2024-11-08T05:00:00Z,34.19,34.3499,34.13,34.3,872830,2710,34.2639
2024-11-11T05:00:00Z,34.33,34.365,34.225,34.3,803082,2546,34.3017
2024-11-12T05:00:00Z,34.3,34.33,34.1199,34.26,639465,2291,34.2595
2024-11-13T05:00:00Z,34.26,34.37,34.13,34.25,1122262,2554,34.3015
2024-11-14T05:00:00Z,34.28,34.28,33.91,33.96,741611,2644,34.0558
2024-11-15T05:00:00Z,33.78,33.78,33.2741,33.37,1000342,3445,33.4227
2024-11-18T05:00:00Z,33.38,33.54,33.305,33.46,533479,2219,33.4505
2024-11-19T05:00:00Z,33.27,33.6076,33.22,33.56,697183,2526,33.4767
2024-11-20T05:00:00Z,33.6,33.665,33.325,33.66,1014833,2445,33.5031
2024-11-21T05:00:00Z,33.93,33.93,33.5,33.85,760419,2391,33.7815
2024-11-22T05:00:00Z,33.83,33.9215,33.77,33.89,645667,2788,33.8548
2024-11-25T05:00:00Z,34.08,34.14,33.9097,34.03,670848,2221,34.0304
2024-11-26T05:00:00Z,34.14,34.24,34.05,34.21,965125,2615,34.1387
2024-11-27T05:00:00Z,34.22,34.22,34.11,34.18,530845,2098,34.1626
2024-11-29T05:00:00Z,34.21,34.38,34.16,34.33,257173,982,34.2927
2024-12-02T05:00:00Z,34.37,34.39,34.2799,34.37,475087,2069,34.3526
2024-12-03T05:00:00Z,34.39,34.44,34.2901,34.41,523664,1909,34.3879
2024-12-04T05:00:00Z,34.67,34.735,34.51,34.71,814144,2437,34.6639
2024-12-05T05:00:00Z,34.7,34.7,34.4897,34.54,637157,2639,34.5571
2024-12-06T05:00:00Z,34.6,34.64,34.487,34.5,712465,2502,34.5336
2024-12-09T05:00:00Z,34.46,34.5202,34.4001,34.44,617664,2414,34.4543
2024-12-10T05:00:00Z,34.51,34.51,34.2851,34.32,756127,2484,34.3925
2024-12-11T05:00:00Z,34.48,34.5874,34.42,34.53,718838,2382,34.5266
2024-12-12T05:00:00Z,34.52,34.56,34.3799,34.39,567462,2237,34.4829
2024-12-13T05:00:00Z,34.47,34.47,34.1748,34.26,945824,2817,34.2641
2024-12-16T05:00:00Z,34.35,34.42,34.26,34.34,709018,2429,34.3757
2024-12-17T05:00:00Z,34.21,34.2149,34.0215,34.09,716779,3035,34.126
2024-12-18T05:00:00Z,34.13,34.2499,33.24,33.26,1107673,3342,33.8082
2024-12-19T05:00:00Z,33.51,33.58,33.255,33.28,1796938,3553,33.398
2024-12-20T05:00:00Z,33.17,33.8899,33.0622,33.69,823316,3282,33.6121
2024-12-23T05:00:00Z,33.51,33.6813,33.31,33.65,1331965,2876,33.5342
2024-12-24T05:00:00Z,33.7,33.93,33.6565,33.93,376302,1484,33.7918
2024-12-26T05:00:00Z,33.88,33.9981,33.8,33.97,696727,2886,33.9254
2024-12-27T05:00:00Z,33.78,33.785,33.435,33.69,710135,4150,33.6061
2024-12-30T05:00:00Z,33.42,33.49,33.1081,33.36,804855,3023,33.3594
2024-12-31T05:00:00Z,33.46,33.46,33.135,33.27,805905,2603,33.243
2025-01-02T05:00:00Z,33.48,33.52,32.945,33.16,611743,2816,33.2159
2025-01-03T05:00:00Z,33.32,33.5699,33.2709,33.54,696058,2012,33.4281
2025-01-06T05:00:00Z,33.73,33.89,33.59,33.7,1021111,3186,33.7586
2025-01-07T05:00:00Z,33.86,33.9,33.3337,33.47,659248,2690,33.5722
2025-01-08T05:00:00Z,33.47,33.61,33.33,33.61,993340,3022,33.451
2025-01-10T05:00:00Z,33.42,33.42,33.0282,33.11,840618,3133,33.1873
2025-01-13T05:00:00Z,32.9,33.25,32.9,33.25,602934,2189,33.1167
2025-01-14T05:00:00Z,33.39,33.39,32.9855,33.22,634842,2530,33.1716
2025-01-15T05:00:00Z,33.67,33.68,33.3911,33.64,1166820,3263,33.5907
2025-01-16T05:00:00Z,33.66,33.6799,33.4925,33.61,883152,2815,33.6078
2025-01-17T05:00:00Z,33.93,33.93,33.7314,33.81,597097,2632,33.8421
2025-01-21T05:00:00Z,34.03,34.31,33.96,34.31,953016,2632,34.1304
2025-01-22T05:00:00Z,34.38,34.49,34.3,34.43,739078,2950,34.4329
2025-01-23T05:00:00Z,34.38,34.61,34.2726,34.61,1016627,2866,34.4277
2025-01-24T05:00:00Z,34.6,34.66,34.4641,34.54,518319,2439,34.5512
2025-01-27T05:00:00Z,33.88,34.23,33.88,34.23,742106,3819,34.1068
2025-01-28T05:00:00Z,34.34,34.64,34.18,34.63,776758,2922,34.5175
2025-01-29T05:00:00Z,34.48,34.48,34.21,34.44,820144,2858,34.3488
2025-01-30T05:00:00Z,34.4,34.63,34.34,34.54,1281159,2848,34.4917
2025-01-31T05:00:00Z,34.65,34.845,34.3997,34.43,662427,3952,34.6251
2025-02-03T05:00:00Z,34,34.4,33.8799,34.24,1024373,4931,34.2346
2025-02-04T05:00:00Z,34.26,34.395,34.14,34.36,539446,2867,34.3303
2025-02-05T05:00:00Z,34.32,34.44,34.17,34.44,684786,2896,34.3387
2025-02-06T05:00:00Z,34.46,34.46,34.17,34.37,855345,4459,34.3294
2025-02-07T05:00:00Z,34.36,34.42,33.97,34.03,920643,4585,34.0973
2025-02-10T05:00:00Z,34.2,34.27,34.12,34.23,743172,2657,34.202
2025-02-11T05:00:00Z,34.11,34.215,34.07,34.2,732253,2803,34.1407
2025-02-12T05:00:00Z,33.87,34.0699,33.8081,33.96,850832,3441,33.9618
2025-02-13T05:00:00Z,34.05,34.38,34,34.38,784546,3036,34.2259
2025-02-14T05:00:00Z,34.38,34.41,34.27,34.29,513099,2420,34.3422
2025-02-18T05:00:00Z,34.33,34.33,34.115,34.29,829371,3253,34.2203
2025-02-19T05:00:00Z,34.22,34.43,34.1805,34.42,788648,3095,34.3029
2025-02-20T05:00:00Z,34.41,34.41,34.21,34.4,1003037,2854,34.2967
2025-02-21T05:00:00Z,34.26,34.29,33.8029,33.83,882162,3526,34.0203
2025-02-24T05:00:00Z,33.94,33.96,33.695,33.73,643737,2977,33.8464
2025-02-25T05:00:00Z,33.72,33.77,33.44,33.68,1000912,3850,33.6126
2025-02-26T05:00:00Z,33.83,34.005,33.605,33.72,657554,3072,33.7934
2025-02-27T05:00:00Z,33.87,33.87,33.185,33.2,954361,4219,33.5384
2025-02-28T05:00:00Z,33.23,33.71,33.05,33.7,896475,4196,33.2869
2025-03-03T05:00:00Z,33.81,33.81,33.0017,33.19,1070034,5675,33.4451
2025-03-04T05:00:00Z,33,33.3,32.655,32.87,1330284,9336,32.9445
2025-03-05T05:00:00Z,32.9,33.345,32.715,33.27,1087129,4469,33.0429
2025-03-06T05:00:00Z,32.88,33.13,32.645,32.81,1729172,8036,32.829
2025-03-07T05:00:00Z,32.72,33.0699,32.4375,33.02,824468,3464,32.763
2025-03-10T04:00:00Z,32.61,32.6842,32.045,32.29,1676688,5317,32.3748
2025-03-11T04:00:00Z,32.29,32.42,31.86,32.1,1745880,5233,32.1743
2025-03-12T04:00:00Z,32.38,32.43,31.925,32.19,1210473,5265,32.1716
2025-03-13T04:00:00Z,32.1,32.1,31.68,31.84,1181208,4997,31.8649
2025-03-14T04:00:00Z,32.04,32.47,32.02,32.45,829564,3132,32.3055
2025-03-17T04:00:00Z,32.36,32.8,32.36,32.63,595278,2837,32.6183
2025-03-18T04:00:00Z,32.54,32.54,32.305,32.45,609272,2602,32.4051
2025-03-19T04:00:00Z,32.57,32.93,32.52,32.74,532921,2293,32.7217
2025-03-20T04:00:00Z,32.63,32.93,32.5475,32.69,651736,2349,32.7369
2025-03-21T04:00:00Z,32.41,32.725,32.3434,32.72,576416,1490,32.5373
2025-03-24T04:00:00Z,33.03,33.18,32.97,33.13,441252,1839,33.0968
2025-03-25T04:00:00Z,33.21,33.24,33.05,33.2,547799,2520,33.1506
2025-03-26T04:00:00Z,33.19,33.23,32.76,32.86,716232,3224,32.9178
2025-03-27T04:00:00Z,32.89,32.9776,32.69,32.8,881078,2595,32.8381
2025-03-28T04:00:00Z,32.73,32.755,32.18,32.19,715308,2904,32.3259
2025-03-31T04:00:00Z,31.92,32.39,31.75,32.28,974870,2317,32.0483
2025-04-01T04:00:00Z,32.28,32.51,32.05,32.4,573201,2316,32.3159
2025-04-02T04:00:00Z,32.14,32.76,32.14,32.6,936483,3814,32.5277
2025-04-03T04:00:00Z,31.58,31.8781,31.34,31.41,1848716,6245,31.5876
2025-04-04T04:00:00Z,30.7,30.7591,29.55,29.59,2987894,7165,29.9596
2025-04-07T04:00:00Z,28.68,30.36,28.28,29.46,2550226,5969,29.2368
2025-04-08T04:00:00Z,30.48,30.55,28.5827,28.96,3307506,6050,29.4002
2025-04-09T04:00:00Z,28.84,31.72,28.75,31.54,1533946,4698,29.9062
2025-04-10T04:00:00Z,30.96,31,29.73,30.52,1237033,3996,30.455
2025-04-11T04:00:00Z,30.49,31.27,30.3472,31.08,1139599,2896,30.8602
2025-04-14T04:00:00Z,31.66,31.66,31.09,31.38,2514094,4095,31.3734
2025-04-15T04:00:00Z,31.44,31.558,31.176,31.25,847815,2287,31.3228
2025-04-16T04:00:00Z,30.93,31.17,30.35,30.66,869417,3938,30.7746
2025-04-17T04:00:00Z,30.68,30.745,30.39,30.49,1256256,3314,30.5419
2025-04-21T04:00:00Z,30.14,30.22,29.45,29.73,1811472,3228,29.763
2025-04-22T04:00:00Z,30.09,30.51,29.98,30.41,775640,2726,30.2807
2025-04-23T04:00:00Z,31.2,31.5,30.8419,30.94,1650155,3523,31.0196
2025-04-24T04:00:00Z,31.05,31.61,30.92,31.61,1737556,3645,31.4629
2025-04-25T04:00:00Z,31.58,31.815,31.39,31.81,1923952,1998,31.6336
2025-04-28T04:00:00Z,31.87,31.897,31.45,31.76,828566,2252,31.6828
2025-04-29T04:00:00Z,31.68,31.9962,31.66,31.93,1047224,2983,31.8737
2025-04-30T04:00:00Z,31.59,32.09,31.23,32.02,1205855,3400,31.7048
2025-05-01T04:00:00Z,32.34,32.43,32.015,32.07,1075288,3050,32.2841
2025-05-02T04:00:00Z,32.43,32.56,32.29,32.51,653242,2350,32.4824
2025-05-05T04:00:00Z,32.32,32.5498,32.26,32.34,470800,1757,32.4466
2025-05-06T04:00:00Z,32.11,32.3764,31.98,32.06,519288,1884,32.1865
2025-05-07T04:00:00Z,32.2,32.4233,32.015,32.33,808824,2274,32.1981
2025-05-08T04:00:00Z,32.53,32.825,32.33,32.46,731105,3659,32.6183
2025-05-09T04:00:00Z,32.64,32.6536,32.285,32.43,2251534,2871,32.402
2025-05-12T04:00:00Z,33.28,33.37,33.01,33.32,758616,2804,33.2187
2025-05-13T04:00:00Z,33.32,33.57,33.32,33.44,934098,3282,33.4969
2025-05-14T04:00:00Z,33.49,33.5299,33.29,33.42,763175,2775,33.3775
2025-05-15T04:00:00Z,33.27,33.54,33.1692,33.49,859521,3145,33.4214
2025-05-16T04:00:00Z,33.58,33.78,33.47,33.73,839180,2926,33.5951
2025-05-19T04:00:00Z,33.49,33.88,33.46,33.88,595278,2626,33.7439
2025-05-20T04:00:00Z,33.74,33.79,33.59,33.72,745610,2572,33.7265
2025-05-21T04:00:00Z,33.49,33.6999,33.135,33.18,690169,3115,33.4214
2025-05-22T04:00:00Z,33.18,33.3799,33.115,33.23,811497,3058,33.248
2025-05-23T04:00:00Z,32.85,33.117,32.83,32.95,726092,2603,32.9828
2025-05-27T04:00:00Z,33.41,33.645,33.29,33.6,747388,2970,33.5416
2025-05-28T04:00:00Z,33.67,33.72,33.35,33.42,845458,2963,33.5275
2025-05-29T04:00:00Z,33.67,33.67,33.32,33.58,655361,2589,33.53
2025-05-30T04:00:00Z,33.51,33.62,33.19,33.48,705335,2836,33.4227
2025-06-02T04:00:00Z,33.43,33.73,33.29,33.73,656146,2865,33.5479
2025-06-03T04:00:00Z,33.73,33.955,33.67,33.95,948487,3166,33.8724
2025-06-04T04:00:00Z,34,34.0865,33.925,33.94,649458,2183,34.0219
2025-06-05T04:00:00Z,34.08,34.17,33.84,33.93,775846,3057,34.0127
2025-06-06T04:00:00Z,34.24,34.3099,34.085,34.2,565685,1976,34.2317
2025-06-09T04:00:00Z,34.3,34.405,34.23,34.27,401171,1693,34.3248
2025-06-10T04:00:00Z,34.36,34.49,34.2765,34.49,738880,2685,34.4025
2025-06-11T04:00:00Z,34.53,34.575,34.2757,34.41,742259,2536,34.4568
2025-06-12T04:00:00Z,34.33,34.54,34.295,34.53,574000,2258,34.4727
2025-06-13T04:00:00Z,34.28,34.4606,34.08,34.18,748442,2619,34.2514
2025-06-16T04:00:00Z,34.35,34.56,34.33,34.41,556589,2001,34.4528
2025-06-17T04:00:00Z,34.34,34.435,34.1782,34.2,632169,2306,34.2944
2025-06-18T04:00:00Z,34.29,34.365,34.08,34.15,539750,2024,34.2416
2025-06-20T04:00:00Z,34.3,34.35,34,34.1,606995,2177,34.1186
2025-06-23T04:00:00Z,34.11,34.31,33.9,34.26,632449,2431,34.1718
2025-06-24T04:00:00Z,34.53,34.7253,34.47,34.63,630854,2144,34.6236
2025-06-25T04:00:00Z,34.77,34.785,34.63,34.73,533928,1974,34.7187
2025-06-26T04:00:00Z,34.89,35.0399,34.83,34.97,461587,1917,34.9604
2025-06-27T04:00:00Z,35.1,35.2599,34.9225,35.19,628524,2529,35.1263
2025-06-30T04:00:00Z,35.28,35.34,35.11,35.28,624439,2110,35.2043
2025-07-01T04:00:00Z,35.23,35.355,35.2,35.25,919725,2726,35.2873
2025-07-02T04:00:00Z,35.26,35.35,35.16,35.35,981581,2590,35.2962
2025-07-03T04:00:00Z,35.48,35.65,35.475,35.62,392875,1623,35.5997
2025-07-07T04:00:00Z,35.57,35.57,35.2284,35.39,940309,3192,35.3882
2025-07-08T04:00:00Z,35.45,35.455,35.31,35.41,848537,2734,35.3811
2025-07-09T04:00:00Z,35.52,35.76,35.3946,35.74,1169884,3009,35.5618
2025-07-10T04:00:00Z,35.71,35.8082,35.5047,35.71,771098,2461,35.6966
2025-07-11T04:00:00Z,35.58,35.735,35.5,35.69,580877,2248,35.664
2025-07-14T04:00:00Z,35.58,35.73,35.545,35.65,760018,2133,35.6711
2025-07-15T04:00:00Z,35.88,35.885,35.63,35.63,817202,2422,35.7658
2025-07-16T04:00:00Z,35.73,35.7751,35.37,35.74,712184,2442,35.6476
2025-07-17T04:00:00Z,35.74,35.9499,35.7,35.91,618476,2141,35.8722
2025-07-18T04:00:00Z,36.05,36.05,35.87,35.95,1466779,2220,35.9196
2025-07-21T04:00:00Z,36.01,36.1,35.925,35.94,654809,2090,36.0407
2025-07-22T04:00:00Z,35.98,36.125,35.9029,36.07,750235,2565,36.0098
2025-07-23T04:00:00Z,36.36,36.36,36.155,36.29,1041291,3323,36.2402
2025-07-24T04:00:00Z,36.38,36.5959,36.36,36.56,1532084,3302,36.5462
2025-07-25T04:00:00Z,36.6,36.765,36.56,36.71,794279,2298,36.6762
2025-07-28T04:00:00Z,36.76,36.76,36.56,36.62,960884,3367,36.6462
2025-07-29T04:00:00Z,36.7,36.7,36.525,36.54,1018185,2771,36.5934
2025-07-30T04:00:00Z,36.67,36.71,36.36,36.54,1090119,2330,36.5202
2025-07-31T04:00:00Z,36.97,37.04,36.55,36.64,901148,3301,36.848
2025-08-01T04:00:00Z,36.24,36.2855,35.805,35.94,863858,3432,35.9603
2025-08-04T04:00:00Z,36.25,36.549,36.22,36.54,600730,2438,36.4592
2025-08-05T04:00:00Z,36.56,36.5901,36.34,36.37,675923,2632,36.4236
2025-08-06T04:00:00Z,36.36,36.447,36.22,36.36,680832,2333,36.3614
2025-08-07T04:00:00Z,36.59,36.655,36.175,36.35,773120,2931,36.3568
2025-08-08T04:00:00Z,36.5,36.56,36.395,36.54,591430,2014,36.5063
2025-08-11T04:00:00Z,36.56,36.585,36.305,36.38,619417,2176,36.4662
2025-08-12T04:00:00Z,36.48,36.685,36.31,36.68,902351,2881,36.5521
2025-08-13T04:00:00Z,36.84,36.97,36.78,36.97,793720,2650,36.8591
2025-08-14T04:00:00Z,36.9,37.02,36.84,37,692042,2812,36.944
2025-08-15T04:00:00Z,37.1,37.1,36.93,36.98,920117,2017,37.0039
2025-08-18T04:00:00Z,37.01,37.05,36.9101,36.94,956003,2639,36.9693
2025-08-19T04:00:00Z,36.92,36.955,36.72,36.8,877678,2222,36.8147
2025-08-20T04:00:00Z,36.77,36.77,36.425,36.67,935911,2251,36.5929
2025-08-21T04:00:00Z,36.61,36.6743,36.485,36.53,1025093,2662,36.5851
2025-08-22T04:00:00Z,36.62,37.0899,36.58,37.04,783020,2925,36.9557
2025-08-25T04:00:00Z,36.99,36.99,36.75,36.75,695336,2211,36.8898
2025-08-26T04:00:00Z,36.76,36.84,36.7101,36.84,870149,2426,36.7683
2025-08-27T04:00:00Z,36.8,36.9224,36.79,36.89,668487,2243,36.8692
2025-08-28T04:00:00Z,36.88,36.95,36.7955,36.93,851093,2493,36.8788
2025-08-29T04:00:00Z,36.88,36.89,36.655,36.75,1342489,3215,36.7486
2025-09-02T04:00:00Z,36.46,36.635,36.3098,36.63,918742,2966,36.476
2025-09-03T04:00:00Z,36.67,36.735,36.5363,36.7,912799,2697,36.6319
2025-09-04T04:00:00Z,36.81,36.99,36.64,36.99,1043995,2575,36.8152
2025-09-05T04:00:00Z,36.98,36.985,36.5999,36.72,1249539,3359,36.728
2025-09-08T04:00:00Z,36.81,36.86,36.68,36.82,1082202,2145,36.7541
2025-09-09T04:00:00Z,36.81,36.8938,36.6697,36.86,935056,2656,36.7982
2025-09-10T04:00:00Z,36.97,36.97,36.6797,36.77,705463,1880,36.7906
2025-09-11T04:00:00Z,36.86,37.12,36.8075,37.1,795356,2300,37.0333
2025-09-12T04:00:00Z,37.09,37.1199,36.9697,36.99,623325,1733,37.0481
2025-09-15T04:00:00Z,37.08,37.1599,37.0311,37.09,808978,2207,37.0865
2025-09-16T04:00:00Z,37.13,37.1699,37.03,37.07,837811,2380,37.0977
2025-09-17T04:00:00Z,37.12,37.24,36.805,37.02,1070713,3261,37.0655
2025-09-18T04:00:00Z,37.11,37.2751,37.01,37.17,769596,2283,37.1939
2025-09-19T04:00:00Z,37.34,37.36,37.165,37.3,831601,2019,37.2695
2025-09-22T04:00:00Z,37.27,37.57,37.21,37.52,572934,2121,37.4022
2025-09-23T04:00:00Z,37.55,37.57,37.33,37.43,784755,2212,37.4538
2025-09-24T04:00:00Z,37.47,37.48,37.245,37.29,1011459,2393,37.3284
2025-09-25T04:00:00Z,37.2,37.2,36.8562,37.03,861117,2607,37.024
2025-09-26T04:00:00Z,37.05,37.3065,37.05,37.28,722691,2003,37.2068
2025-09-29T04:00:00Z,37.41,37.515,37.3624,37.48,1230332,1916,37.4811
2025-09-30T04:00:00Z,37.44,37.725,37.41,37.7,880368,1905,37.5689
2025-10-01T04:00:00Z,37.6,37.91,37.57,37.87,578241,1743,37.7947
2025-10-02T04:00:00Z,37.93,38.007,37.8392,37.99,1173333,2056,37.9452
2025-10-03T04:00:00Z,38.01,38.3169,38.01,38.11,765725,2528,38.175
2025-10-06T04:00:00Z,38.45,38.475,38.28,38.43,494709,1654,38.413
2025-10-07T04:00:00Z,38.54,38.59,38.2456,38.32,624162,1853,38.3402
2025-10-08T04:00:00Z,38.44,38.66,38.3465,38.66,467764,1683,38.5535
2025-10-09T04:00:00Z,38.65,38.6839,38.39,38.46,838033,2667,38.4649
2025-10-10T04:00:00Z,38.54,38.5899,37.54,37.59,2398543,8059,37.9192
2025-10-13T04:00:00Z,37.92,38.1,37.8315,37.93,943343,4269,37.967
2025-10-14T04:00:00Z,37.61,38.105,37.5,37.89,1070872,4238,37.8704
2025-10-15T04:00:00Z,38.14,38.34,37.7362,38.08,1306345,4883,38.0629
2025-10-16T04:00:00Z,38.18,38.2,37.6,37.79,1544138,6354,37.8884
2025-10-17T04:00:00Z,37.75,38.1,37.66,38.1,1665672,5875,37.9121
2025-10-20T04:00:00Z,38.13,38.48,38.13,38.41,945843,2937,38.3855
2025-10-21T04:00:00Z,38.46,38.53,38.39,38.42,947867,3020,38.4654
2025-10-22T04:00:00Z,38.53,38.53,38.1029,38.28,1927472,5370,38.2883
2025-10-23T04:00:00Z,38.35,38.485,38.27,38.4,894694,2986,38.3852
2025-10-24T04:00:00Z,38.63,38.7597,38.61,38.7,1196265,3674,38.7172
2025-10-27T04:00:00Z,39.03,39.1099,38.905,39.1,1364795,4576,38.9898
2025-10-28T04:00:00Z,39.26,39.34,39.06,39.16,781800,2792,39.1746
2025-10-29T04:00:00Z,39.32,39.32,38.92,39.16,1472511,4390,39.1192
2025-10-30T04:00:00Z,38.79,38.88,38.53,38.53,1026983,3332,38.7265
2025-10-31T04:00:00Z,38.87,38.87,38.525,38.61,727872,2617,38.7086
2025-11-03T05:00:00Z,38.91,38.92,38.505,38.73,1157672,3224,38.7044
2025-11-04T05:00:00Z,38.47,38.705,38.42,38.51,1097984,3119,38.55
2025-11-05T05:00:00Z,38.5,38.715,38.44,38.5,1029131,3158,38.6004
2025-11-06T05:00:00Z,38.36,38.4,37.945,38,1609141,4257,38.0936
2025-11-07T05:00:00Z,37.92,38.11,37.5984,38.11,991843,3800,37.8045
2025-11-10T05:00:00Z,38.44,38.7076,38.32,38.67,792540,2914,38.5145
2025-11-11T05:00:00Z,38.6,38.8855,38.57,38.87,603144,2031,38.7588
2025-11-12T05:00:00Z,39.01,39.0192,38.7897,38.92,747094,2639,38.8659
2025-11-13T05:00:00Z,38.7,38.73,38.275,38.34,1853576,3482,38.4307
2025-11-14T05:00:00Z,38.04,38.57,37.96,38.42,1905263,5199,38.3969
2025-11-17T05:00:00Z,38.32,38.48,37.96,38.12,1466614,4569,38.2357
2025-11-18T05:00:00Z,37.88,38,37.51,37.77,1989416,4542,37.7918
2025-11-19T05:00:00Z,37.8,38.04,37.56,37.75,1170164,3342,37.7905
2025-11-20T05:00:00Z,38.22,38.37,37.23,37.26,1365287,4104,37.6426
2025-11-21T05:00:00Z,37.4,37.99,37.295,37.73,972479,3015,37.6482
2025-11-24T05:00:00Z,37.86,38.23,37.785,38.16,1142929,3065,38.1309
2025-11-25T05:00:00Z,38.14,38.57,37.9901,38.54,961062,3426,38.3934
2025-11-26T05:00:00Z,38.65,38.7799,38.5858,38.67,870899,2298,38.6995
2025-11-28T05:00:00Z,38.75,38.835,38.7,38.81,270811,903,38.7735
2025-12-01T05:00:00Z,38.56,38.69,38.435,38.49,651603,2207,38.5823
2025-12-02T05:00:00Z,38.59,38.65,38.36,38.39,1062693,2872,38.4654
2025-12-03T05:00:00Z,38.31,38.465,38.27,38.38,1239363,2638,38.4118
2025-12-04T05:00:00Z,38.52,38.52,38.17,38.35,1205352,2349,38.3246
2025-12-05T05:00:00Z,38.42,38.495,38.3,38.36,1110620,2743,38.383
2025-12-08T05:00:00Z,38.4,38.41,38.155,38.23,690688,1991,38.2538
2025-12-09T05:00:00Z,38.22,38.2866,38.12,38.15,669237,2413,38.2151
2025-12-10T05:00:00Z,38.09,38.3358,37.99,38.27,795583,2731,38.1647
2025-12-11T05:00:00Z,38.25,38.51,38.1544,38.51,881846,2543,38.3928
2025-12-12T05:00:00Z,38.47,38.52,38.01,38.16,604115,2928,38.1989
2025-12-15T05:00:00Z,38.38,38.38,37.955,38.05,737324,2813,38.0621
2025-12-16T05:00:00Z,38,38.04,37.6793,37.86,1170870,3517,37.8621
2025-12-17T05:00:00Z,37.93,37.93,37.52,37.52,1078669,3580,37.7014
2025-12-18T05:00:00Z,37.85,38.075,37.77,37.86,987971,3664,37.9111
2025-12-19T05:00:00Z,38,38.28,37.96,38.14,671046,2648,38.1684
2025-12-22T05:00:00Z,38.32,38.5056,38.3,38.43,906303,3167,38.4438
2025-12-23T05:00:00Z,38.15,38.395,38.15,38.39,742583,2915,38.3167
2025-12-24T05:00:00Z,38.37,38.53,38.37,38.53,317531,1235,38.4542
2025-12-26T05:00:00Z,38.55,38.555,38.445,38.54,453976,1982,38.5012
2025-12-29T05:00:00Z,38.38,38.475,38.33,38.43,918617,2047,38.4144
2025-12-30T05:00:00Z,38.38,38.4837,38.37,38.44,683591,1942,38.435
2025-12-31T05:00:00Z,38.44,38.4723,38.185,38.22,719484,2262,38.3318
